customer_id,first_name,last_name,gender,num_prev_purchase,DOB,age,job_title,job_industry,wealth_segment,owns_car,street,state,country,post_code,num_purchase,total_purchase
1,Laraine,Medendorp,Female,93,1953-10-12,69.0,Executive Secretary,Health,Mass Customer,N,060 Morning Avenue,NSW,Australia,2016,11.0,10120.12
2,Eli,Bockman,Male,81,1980-12-16,42.0,Administrative Officer,Financial Services,Mass Customer,N,6 Meadow Vale Court,NSW,Australia,2153,3.0,4149.07
4,Talbot,,Male,33,1961-10-03,61.0,NA,IT,Mass Customer,N,0 Holy Cross Court,QLD,Australia,4211,2.0,1047.72
5,Sheila-kathryn,Calton,Female,56,1977-05-13,46.0,Senior Editor,n/a,Affluent Customer,N,17979 Del Mar Point,NSW,Australia,2448,6.0,6868.00
6,Curr,Duckhouse,Male,35,1966-09-16,56.0,NA,Retail,High Net Worth,N,9 Oakridge Court,VIC,Australia,3216,5.0,4852.40
7,Fina,Merali,Female,6,1976-02-23,47.0,NA,Financial Services,Affluent Customer,N,4 Delaware Trail,NSW,Australia,2210,3.0,995.38
8,Rod,Inder,Male,31,1962-03-30,61.0,Media Manager I,n/a,Mass Customer,N,49 Londonderry Lane,NSW,Australia,2650,10.0,12358.86
9,Mala,Lind,Female,97,1973-03-10,50.0,Business Systems Development Analyst,Agriculture,Affluent Customer,N,97736 7th Trail,NSW,Australia,2023,6.0,6224.94
11,Uriah,Bisatt,Male,99,1954-04-30,69.0,NA,Property,Mass Customer,N,93405 Ludington Park,VIC,Australia,3044,6.0,7736.94
12,Sawyere,Flattman,Male,58,1994-07-21,28.0,Nuclear Power Engineer,Manufacturing,Mass Customer,N,44339 Golden Leaf Alley,QLD,Australia,4557,7.0,6936.17
13,Gabriele,Norcross,Male,38,1955-02-15,68.0,Developer I,Financial Services,High Net Worth,N,2 Sutherland Street,VIC,Australia,3799,7.0,5967.71
14,Rayshell,Kitteman,Female,85,1983-03-25,40.0,Account Executive,Financial Services,Affluent Customer,N,9 Mcbride Trail,NSW,Australia,2760,4.0,3053.44
15,Erroll,Radage,Male,91,2000-07-13,22.0,Junior Executive,Manufacturing,Mass Customer,N,9861 New Castle Avenue,NSW,Australia,2428,6.0,6016.03
16,Harlin,Parr,Male,38,1977-02-27,46.0,Media Manager IV,n/a,Mass Customer,N,52 Moland Street,VIC,Australia,3331,5.0,8719.67
17,Heath,Faraday,Male,57,1962-03-19,61.0,Sales Associate,n/a,Affluent Customer,N,82391 Kensington Lane,VIC,Australia,3058,5.0,4676.19
18,Marjie,Neasham,Female,79,1967-07-06,55.0,Professor,n/a,Affluent Customer,N,092 2nd Alley,NSW,Australia,2135,7.0,9357.37
19,Sorcha,Keyson,Female,76,2001-04-15,22.0,Geological Engineer,Manufacturing,High Net Worth,N,59 Spaight Circle,NSW,Australia,2233,3.0,3104.41
20,Basile,Firth,Male,72,1980-08-13,42.0,Project Manager,Manufacturing,Mass Customer,N,032 Bartelt Crossing,NSW,Australia,2444,4.0,6618.86
21,Mile,Cammocke,Male,74,1980-09-20,42.0,Safety Technician I,Manufacturing,Affluent Customer,N,18 Jenna Center,NSW,Australia,2650,5.0,7446.21
24,Kim,Skpsey,Female,55,1977-12-03,45.0,Research Assistant I,Agriculture,Mass Customer,N,3 Cordelia Plaza,NSW,Australia,2153,8.0,7429.56
25,Geoff,Assaf,Male,72,1976-12-02,46.0,Accounting Assistant III,Financial Services,Mass Customer,N,28 5th Center,QLD,Australia,4413,12.0,11450.33
26,Trixi,Ginnelly,Female,12,1978-06-10,45.0,Editor,Financial Services,Mass Customer,N,52 Carey Alley,QLD,Australia,4740,3.0,3252.42
27,Garvin,Klees,Male,37,1978-09-25,44.0,Research Nurse,Health,Mass Customer,N,96 Texas Plaza,VIC,Australia,3218,7.0,8014.07
28,Fee,Zellmer,Male,5,1973-09-30,49.0,Senior Quality Engineer,Health,Affluent Customer,N,48 Eagan Avenue,QLD,Australia,4868,6.0,6445.88
29,Mona,Sancraft,Female,62,1968-06-22,55.0,Safety Technician III,Manufacturing,Mass Customer,N,9 Buell Park,QLD,Australia,4116,9.0,11871.79
30,Darrick,Helleckas,Male,18,1961-10-18,61.0,NA,IT,Affluent Customer,N,02663 Buell Parkway,NSW,Australia,2519,3.0,3736.52
31,Star,Praton,Female,3,1962-11-24,60.0,Staff Accountant III,Telecommunications,High Net Worth,N,2294 Pleasure Place,NSW,Australia,2135,4.0,2527.71
32,Marion,Vanichkin,Female,17,1995-04-20,28.0,Legal Assistant,Manufacturing,Affluent Customer,N,2951 Petterle Place,NSW,Australia,2756,7.0,7873.18
33,Ernst,Hacon,Male,44,1957-06-25,66.0,Product Engineer,n/a,Affluent Customer,N,63 Lukken Drive,NSW,Australia,2170,7.0,10450.96
34,Jephthah,Bachmann,U,59,1843-12-21,179.0,Legal Assistant,IT,Affluent Customer,N,833 Luster Way,QLD,Australia,4005,9.0,13439.50
35,Margaretha,Strettle,Female,40,1963-09-28,59.0,Information Systems Manager,Health,High Net Worth,N,34 Russell Plaza,QLD,Australia,4127,4.0,2646.48
36,Lurette,Stonnell,Female,33,1977-11-09,45.0,VP Quality Control,n/a,Affluent Customer,N,78 Del Sol Hill,NSW,Australia,2535,2.0,1781.04
37,Laurie,Dwerryhouse,Female,46,1985-12-22,37.0,Social Worker,Health,High Net Worth,N,54 Sage Plaza,QLD,Australia,4726,9.0,10006.61
38,Cordi,Merman,Female,37,1955-10-29,67.0,Senior Cost Accountant,Financial Services,Affluent Customer,N,90 Lawn Parkway,QLD,Australia,4805,4.0,4502.59
39,Hunfredo,Smalley,Male,5,1979-04-16,44.0,Assistant Media Planner,Entertainment,Mass Customer,N,38726 Ilene Crossing,NSW,Australia,2212,12.0,11751.13
40,Tomasine,Jerche,Female,91,1981-10-27,41.0,Payment Adjustment Coordinator,Manufacturing,Affluent Customer,N,3496 Brown Drive,NSW,Australia,2207,6.0,6175.27
41,Basilius,Coupe,Male,64,1976-04-14,47.0,Food Chemist,Health,Mass Customer,N,7188 Cody Way,VIC,Australia,3350,9.0,10573.64
42,Chiquita,Durnall,Female,24,1977-03-28,46.0,Accountant III,Manufacturing,Mass Customer,N,1 Claremont Park,VIC,Australia,3931,4.0,2501.97
43,Indira,Belt,Female,38,1983-03-01,40.0,Director of Sales,Retail,Mass Customer,N,60 Eagan Circle,QLD,Australia,4018,9.0,7137.22
44,Neron,Verick,Male,63,1981-10-18,41.0,Assistant Media Planner,Entertainment,Affluent Customer,N,89314 Eagle Crest Center,QLD,Australia,4670,7.0,8062.91
45,Trace,Woodhead,Male,64,1975-09-23,47.0,Senior Financial Analyst,Financial Services,Mass Customer,N,2028 Lakewood Place,NSW,Australia,2480,3.0,3305.47
46,Kaila,Allin,Female,98,1972-02-26,51.0,NA,n/a,Affluent Customer,N,70875 Hudson Point,VIC,Australia,3212,5.0,5465.10
47,Matthew,Jeaycock,Male,51,1992-10-22,30.0,Registered Nurse,Health,Affluent Customer,N,543 Killdeer Park,NSW,Australia,2322,7.0,8500.76
48,Rebbecca,Casone,Female,46,1975-08-15,47.0,Biostatistician II,n/a,Mass Customer,N,22125 Ramsey Drive,VIC,Australia,3198,8.0,10470.09
49,Nolly,Ownsworth,Male,63,1994-01-26,29.0,VP Quality Control,n/a,Affluent Customer,N,3107 Calypso Terrace,NSW,Australia,2210,5.0,7582.92
50,Whitby,Schapero,Male,38,1980-10-01,42.0,Account Executive,Manufacturing,Mass Customer,N,957 Veith Junction,NSW,Australia,2047,8.0,10347.93
51,Fidelio,Dilke,Male,68,1959-12-05,63.0,Computer Systems Analyst II,Retail,Mass Customer,N,4853 Gulseth Avenue,QLD,Australia,4503,8.0,10189.10
52,Curran,Bentson,Male,57,1988-06-22,35.0,NA,Financial Services,Mass Customer,N,9 Michigan Terrace,NSW,Australia,2145,7.0,10323.76
53,Agnella,Gocke,Female,22,1954-04-18,69.0,Software Test Engineer II,Financial Services,Mass Customer,N,62 Steensland Road,QLD,Australia,4350,5.0,5865.88
54,Loralyn,Wonfor,Female,2,1966-07-24,56.0,Sales Associate,Property,Mass Customer,N,6 Homewood Avenue,NSW,Australia,2142,7.0,10147.76
55,Linc,Jillions,Male,48,1956-09-24,66.0,Paralegal,Financial Services,Affluent Customer,N,15 Almo Lane,NSW,Australia,2029,8.0,7147.35
56,Reese,Ensor,Male,44,1996-07-04,26.0,VP Sales,Property,Mass Customer,N,690 Glacier Hill Circle,NSW,Australia,2127,7.0,6197.12
57,Abba,Masedon,Male,87,1988-06-13,35.0,Chief Design Engineer,n/a,Mass Customer,N,89787 Village Green Terrace,QLD,Australia,4280,6.0,9322.38
58,Dalenna,Pinnock,Female,26,1967-07-04,55.0,Office Assistant III,Financial Services,Affluent Customer,N,18 Elgar Park,NSW,Australia,2166,8.0,7360.45
59,Niki,Heathcote,Male,60,2000-02-08,23.0,Physical Therapy Assistant,n/a,High Net Worth,N,413 Mayer Street,NSW,Australia,2046,3.0,2593.37
60,Nadiya,Champerlen,Female,18,1970-02-04,53.0,NA,Manufacturing,Mass Customer,N,39 3rd Drive,NSW,Australia,2026,2.0,1526.90
61,Kacey,Rowbottom,Female,47,1959-11-29,63.0,Help Desk Operator,Property,High Net Worth,N,44516 Katie Parkway,NSW,Australia,2765,7.0,7518.75
62,Sorcha,Roggers,Female,38,1979-07-06,43.0,NA,IT,Mass Customer,N,41 Schurz Center,NSW,Australia,2749,6.0,6367.68
63,Ebony,Zini,Female,58,1965-07-03,57.0,Senior Quality Engineer,Retail,Mass Customer,N,68150 Boyd Road,NSW,Australia,2745,3.0,4670.60
64,Gerek,Yve,Male,73,1978-03-25,45.0,Legal Assistant,IT,High Net Worth,N,11474 Westend Hill,VIC,Australia,3752,5.0,3412.32
65,Yale,Tanser,Male,21,1976-04-01,47.0,Information Systems Manager,Financial Services,Affluent Customer,N,308 Jana Crossing,NSW,Australia,2153,6.0,9135.92
66,Anselm,Gawne,Male,46,2002-03-11,21.0,Account Executive,Agriculture,High Net Worth,N,163 Straubel Trail,NSW,Australia,2217,5.0,4154.94
67,Vernon,,Male,67,1960-06-14,63.0,Web Developer II,Retail,Mass Customer,N,68294 Clarendon Crossing,NSW,Australia,2230,5.0,6339.82
68,Dahlia,Eddoes,Female,37,1974-04-21,49.0,Information Systems Manager,n/a,Affluent Customer,N,486 Mariners Cove Plaza,VIC,Australia,3046,3.0,5127.98
69,Heidi,Milner,Female,16,1969-06-22,54.0,Web Developer II,n/a,Mass Customer,N,0322 Dryden Court,VIC,Australia,3183,6.0,8851.83
70,Foster,Vannoort,Male,78,1993-02-27,30.0,Paralegal,Financial Services,Affluent Customer,N,9 Bonner Road,NSW,Australia,2070,5.0,6209.25
71,Hoyt,Glavias,Male,30,1985-01-27,38.0,Research Associate,Agriculture,Affluent Customer,N,07041 Briar Crest Lane,NSW,Australia,2213,1.0,1415.01
72,Sammy,Cheese,Male,93,1972-02-13,51.0,Administrative Officer,Manufacturing,Affluent Customer,N,29466 Hanson Pass,QLD,Australia,4208,5.0,4592.90
73,Minette,Worters,Female,16,1960-05-27,63.0,Teacher,n/a,Affluent Customer,N,0212 Forest Run Trail,NSW,Australia,2774,6.0,5839.24
74,Pansy,Kiddie,Female,94,1969-06-19,54.0,NA,n/a,Mass Customer,N,33055 Menomonie Parkway,QLD,Australia,4133,3.0,3559.27
75,Dollie,Sealy,Female,28,1978-07-15,44.0,VP Product Management,Property,Mass Customer,N,4763 Merchant Avenue,NSW,Australia,2756,8.0,7623.99
76,Rea,Hasser,Female,20,1978-01-23,45.0,Statistician II,Retail,High Net Worth,N,439 Ridgeway Court,QLD,Australia,4213,8.0,5629.78
77,Shermie,Andrin,Male,79,1989-09-12,33.0,Automation Specialist IV,Financial Services,Mass Customer,N,2 Clyde Gallagher Lane,QLD,Australia,4170,3.0,2964.73
78,Arch,Kruis,Male,37,1985-03-12,38.0,Business Systems Development Analyst,Agriculture,Affluent Customer,N,97455 Loeprich Lane,NSW,Australia,2153,2.0,1139.12
79,Tybi,Silliman,Female,76,1968-10-02,54.0,Account Executive,Manufacturing,Mass Customer,N,9527 Ridgeway Street,NSW,Australia,2073,6.0,6761.43
80,Pablo,Small,Male,11,1978-04-24,45.0,Data Coordiator,Entertainment,Mass Customer,N,7 Jackson Point,VIC,Australia,3561,10.0,13520.59
81,Bee,Blazewicz,Female,58,1986-09-04,36.0,NA,Health,High Net Worth,N,74 Anniversary Junction,NSW,Australia,2330,4.0,3404.66
82,Gleda,Cokely,Female,93,1965-06-28,58.0,Software Test Engineer III,Property,High Net Worth,N,2083 Spaight Court,VIC,Australia,3977,5.0,4134.53
83,Kerr,Simmell,Male,97,1967-02-26,56.0,Internal Auditor,IT,Mass Customer,N,2796 Caliangt Circle,NSW,Australia,2204,6.0,5893.76
84,Rich,Mathiasen,Male,78,1958-02-07,65.0,Accountant III,n/a,Mass Customer,N,96061 Ludington Place,NSW,Australia,2086,7.0,5798.75
85,Kane,Tixall,Male,1,1958-05-21,65.0,Analyst Programmer,n/a,Mass Customer,N,5037 Merchant Crossing,NSW,Australia,2226,6.0,4156.67
86,Job,Sleney,Male,75,1989-03-04,34.0,Occupational Therapist,Health,High Net Worth,N,289 Haas Street,NSW,Australia,2075,9.0,7800.06
87,Fields,Langdon,Male,78,1974-04-23,49.0,Editor,Financial Services,Mass Customer,N,4423 Bartelt Parkway,NSW,Australia,2038,9.0,9724.58
88,Malynda,Tumber,Female,41,1966-02-03,57.0,Help Desk Operator,Property,High Net Worth,N,5 Grim Center,NSW,Australia,2069,6.0,4976.98
89,Benedicto,Hoxey,Male,74,1967-01-22,56.0,Speech Pathologist,Health,Mass Customer,N,73042 Roth Crossing,NSW,Australia,2100,9.0,13094.89
90,Cary,Garron,Male,76,1984-11-12,38.0,Quality Control Specialist,Manufacturing,Mass Customer,N,171 Fordem Junction,NSW,Australia,2233,7.0,9240.31
91,Dylan,Meaker,Male,69,1955-02-24,68.0,Senior Financial Analyst,Financial Services,Affluent Customer,N,2640 Manley Point,NSW,Australia,2166,8.0,8066.44
92,Jodee,Judkins,Female,98,1980-09-11,42.0,Recruiting Manager,Health,Mass Customer,N,3 Hintze Pass,VIC,Australia,3133,3.0,5098.43
93,Gordon,Gowar,Male,63,1976-07-16,46.0,Project Manager,Retail,Mass Customer,N,2 Mcbride Road,VIC,Australia,3070,3.0,5276.13
94,Wallache,Simchenko,Male,33,1974-08-07,48.0,Civil Engineer,Manufacturing,Mass Customer,N,67234 Transport Hill,NSW,Australia,2777,7.0,9283.58
95,Nomi,Mallinder,Female,67,1960-12-25,62.0,Software Engineer III,Manufacturing,Affluent Customer,N,72 Dorton Crossing,VIC,Australia,3133,4.0,5049.80
96,Heath,Olford,Male,33,1968-08-31,54.0,Nuclear Power Engineer,Manufacturing,Mass Customer,N,6 Heffernan Center,NSW,Australia,2125,4.0,3680.83
97,Arne,Corain,Male,16,1979-07-27,43.0,Community Outreach Specialist,Financial Services,Mass Customer,N,6088 Roxbury Hill,NSW,Australia,2766,8.0,9469.58
98,Allianora,Babalola,Female,19,1956-03-17,67.0,Safety Technician IV,Health,Mass Customer,N,105 Shelley Alley,NSW,Australia,2209,5.0,6180.05
99,Reggie,Mulliner,Male,97,1998-06-13,25.0,VP Accounting,Financial Services,Mass Customer,N,079 Merry Park,NSW,Australia,2160,9.0,8279.06
100,Tripp,Steed,Male,80,1968-05-11,55.0,General Manager,Financial Services,Mass Customer,N,8722 Summit Alley,NSW,Australia,2065,2.0,2748.20
101,Goran,Kwietek,Male,83,1975-12-29,47.0,Nurse Practicioner,Manufacturing,High Net Worth,N,9554 Artisan Pass,NSW,Australia,2150,4.0,4321.57
102,Langsdon,Tranfield,Male,51,1956-11-27,66.0,Quality Control Specialist,Manufacturing,Affluent Customer,N,55850 Butterfield Road,NSW,Australia,2168,7.0,7346.77
103,Ethyl,Runham,Female,49,1997-04-21,26.0,Product Engineer,Financial Services,Affluent Customer,N,68 Little Fleur Crossing,NSW,Australia,2046,5.0,4909.84
104,Odille,Panketh,Female,40,1978-06-06,45.0,Automation Specialist II,Health,Mass Customer,N,85688 New Castle Crossing,QLD,Australia,4171,9.0,7850.98
105,Maribeth,Pristnor,Female,25,2001-09-17,21.0,Recruiting Manager,Manufacturing,Mass Customer,N,8611 Loomis Lane,NSW,Australia,2155,4.0,6234.35
106,Glyn,,Male,54,1966-07-03,56.0,Software Test Engineer III,Health,High Net Worth,N,7909 Pierstorff Crossing,NSW,Australia,2517,3.0,2849.39
107,Pris,Stallebrass,Female,97,1990-07-01,32.0,Nurse Practicioner,Financial Services,Mass Customer,N,01 Muir Parkway,NSW,Australia,2096,4.0,4302.60
108,Kayle,Mingaud,Female,4,1994-03-14,29.0,NA,n/a,High Net Worth,N,0410 Division Junction,NSW,Australia,2750,3.0,3015.79
109,Cody,Blabey,Male,16,1978-12-11,44.0,Marketing Assistant,n/a,Affluent Customer,N,41 Service Lane,NSW,Australia,2217,10.0,13138.11
110,Sascha,Quintin,Male,23,2000-07-31,22.0,NA,Financial Services,Affluent Customer,N,5 Moose Road,VIC,Australia,3977,7.0,7788.71
111,Cele,Evason,Female,65,1993-08-29,29.0,Analyst Programmer,n/a,Mass Customer,N,7342 Fieldstone Junction,NSW,Australia,2093,4.0,5387.00
112,Shena,Parren,Female,88,1975-08-12,47.0,Marketing Manager,Retail,High Net Worth,N,0 David Terrace,VIC,Australia,3204,6.0,6699.52
113,Gage,Nickless,Male,67,1956-05-06,67.0,Staff Scientist,n/a,Mass Customer,N,15239 Northwestern Point,QLD,Australia,4300,6.0,7022.23
114,Sunny,Swindells,Female,10,1985-10-23,37.0,Teacher,Entertainment,Affluent Customer,N,60 Oneill Street,NSW,Australia,2170,4.0,3626.14
115,Alberik,Mereweather,Male,77,1981-12-21,41.0,Account Executive,Health,Mass Customer,N,8194 Sachtjen Drive,VIC,Australia,3844,8.0,8900.46
116,Scottie,Swiffen,Male,49,1999-02-05,24.0,Assistant Professor,Manufacturing,Affluent Customer,N,0349 Farmco Terrace,NSW,Australia,2168,8.0,6684.63
117,Nance,Suttling,Female,75,1982-02-23,41.0,Marketing Manager,Manufacturing,Mass Customer,N,185 Pennsylvania Way,QLD,Australia,4226,10.0,14312.04
118,Prentice,Pearmain,Male,43,1959-11-12,63.0,Budget/Accounting Analyst IV,n/a,High Net Worth,N,432 Longview Circle,VIC,Australia,3192,5.0,3755.74
119,Willey,Chastanet,Male,9,1981-12-04,41.0,Associate Professor,n/a,High Net Worth,N,5814 Bunker Hill Street,VIC,Australia,3070,4.0,4031.08
120,Sloan,Wagg,Male,80,1978-09-02,44.0,Legal Assistant,Financial Services,High Net Worth,N,7 Carberry Crossing,NSW,Australia,2485,3.0,1989.81
121,Myles,Pauncefort,Male,82,1957-10-02,65.0,Graphic Designer,Manufacturing,Mass Customer,N,53 Talisman Trail,NSW,Australia,2097,4.0,4720.58
122,Colver,Itter,Male,87,1979-04-19,44.0,Quality Control Specialist,Financial Services,Mass Customer,N,5 Prairie Rose Road,QLD,Australia,4817,5.0,7509.85
123,Almeta,Kalinsky,Female,85,1988-12-03,34.0,Analyst Programmer,Financial Services,High Net Worth,N,84 Florence Parkway,NSW,Australia,2516,4.0,4115.01
124,Kath,Cunney,Female,27,1995-05-03,28.0,Administrative Assistant II,Health,High Net Worth,N,739 Elmside Way,VIC,Australia,3074,7.0,6960.95
125,Darrelle,Antoniewski,Female,94,1960-03-17,63.0,Computer Systems Analyst II,Property,Mass Customer,N,684 Northport Circle,NSW,Australia,2213,10.0,7890.81
126,Norman,Cliff,Male,53,1992-10-15,30.0,Administrative Officer,Health,Mass Customer,N,8 Hagan Hill,QLD,Australia,4508,3.0,4013.63
127,Merrili,Whitear,Female,81,1974-12-03,48.0,Compensation Analyst,Financial Services,Mass Customer,N,0 Pearson Crossing,QLD,Australia,4405,10.0,9949.62
128,Isidro,Cypler,Male,73,1977-07-17,45.0,Systems Administrator III,Property,Mass Customer,N,10918 Merry Way,NSW,Australia,2452,4.0,3679.75
129,Weidar,Silkstone,Male,64,1985-07-20,37.0,Financial Advisor,Financial Services,High Net Worth,N,97 Coolidge Trail,NSW,Australia,2142,4.0,3590.53
130,Raddy,Delete,Male,32,1997-07-18,25.0,Chemical Engineer,Manufacturing,Mass Customer,N,58 Helena Hill,NSW,Australia,2205,2.0,3340.42
131,Jana,Renyard,Female,57,1964-10-16,58.0,Administrative Officer,Retail,High Net Worth,N,352 Forster Place,QLD,Australia,4132,6.0,6946.76
132,Celesta,Willavoys,Female,5,1963-07-07,59.0,Web Designer I,Manufacturing,Mass Customer,N,12306 Lawn Street,NSW,Australia,2145,6.0,7887.66
133,Eldridge,Fiddeman,Male,12,1977-06-13,46.0,VP Accounting,Financial Services,Mass Customer,N,19392 7th Trail,QLD,Australia,4744,5.0,4303.43
134,Merna,McCulloch,Female,34,1997-08-01,25.0,Legal Assistant,Telecommunications,Affluent Customer,N,1605 Northfield Junction,NSW,Australia,2158,6.0,7712.91
135,Rosalia,Sigart,Female,18,1975-01-18,48.0,Internal Auditor,IT,Mass Customer,N,9674 Graceland Junction,VIC,Australia,3201,7.0,7382.19
136,Mel,Bennet,Male,46,1973-05-26,50.0,Senior Developer,Manufacturing,High Net Worth,N,638 Thackeray Junction,QLD,Australia,4178,8.0,7413.18
137,Vaughn,Artin,Male,27,1987-11-21,35.0,Office Assistant II,Property,High Net Worth,N,869 Forster Circle,NSW,Australia,2112,5.0,2567.50
138,Onofredo,Franc,Male,5,1985-04-28,38.0,Recruiter,Financial Services,Affluent Customer,N,0 Golden Leaf Crossing,NSW,Australia,2033,7.0,7040.75
139,Gar,,Male,1,1964-07-28,58.0,Operator,Telecommunications,Affluent Customer,N,215 Lindbergh Trail,QLD,Australia,4401,9.0,11726.46
140,Morrie,Flaxon,Male,9,1994-05-20,29.0,Programmer Analyst III,Manufacturing,Mass Customer,N,829 Washington Crossing,VIC,Australia,3186,6.0,8105.42
141,Townsend,Trobe,Male,67,1954-06-25,69.0,Teacher,Financial Services,High Net Worth,N,585 Loomis Court,NSW,Australia,2097,3.0,3104.04
142,Bentley,Fortesquieu,Male,57,1967-08-07,55.0,Quality Engineer,Health,Affluent Customer,N,68063 Blue Bill Park Center,VIC,Australia,3058,11.0,13504.45
143,Kendall,Figg,Male,19,1957-09-01,65.0,Operator,Agriculture,Mass Customer,N,15673 Farmco Point,QLD,Australia,4017,4.0,5082.35
144,Jory,Barrabeale,U,71,,,Environmental Tech,IT,Mass Customer,N,22 Oxford Junction,NSW,Australia,2315,8.0,9526.65
145,Filippo,Ferrara,Male,33,1997-07-21,25.0,Account Executive,Financial Services,Mass Customer,N,7245 Cottonwood Center,NSW,Australia,2285,7.0,9806.76
146,Ricoriki,Matlock,Male,34,1985-04-08,38.0,Quality Control Specialist,Manufacturing,Mass Customer,N,20382 Spohn Alley,NSW,Australia,2219,2.0,2994.88
147,Rea,Pattrick,Female,32,1973-12-06,49.0,Analog Circuit Design manager,Health,Mass Customer,N,12375 Cambridge Pass,NSW,Australia,2065,6.0,8541.61
148,Jaquith,Maffey,Female,69,1981-05-08,42.0,Programmer Analyst III,n/a,Mass Customer,N,03 Granby Parkway,VIC,Australia,3216,5.0,5808.83
149,Drucy,Kausche,Female,41,1995-01-31,28.0,Research Nurse,Health,Mass Customer,N,939 Coleman Pass,QLD,Australia,4509,6.0,7091.73
150,Bradly,Crosse,Male,6,1983-08-23,39.0,Cost Accountant,Financial Services,Affluent Customer,N,69914 Bowman Place,NSW,Australia,2330,4.0,4193.59
151,Donnie,Brimson,Male,36,1965-01-31,58.0,Marketing Manager,Manufacturing,Mass Customer,N,34457 Springview Street,NSW,Australia,2759,8.0,11966.90
152,Stephana,Cardew,Female,5,1981-03-03,42.0,Compensation Analyst,Financial Services,Mass Customer,N,992 Old Shore Trail,NSW,Australia,2069,2.0,2941.37
153,Lorilyn,Walshe,Female,73,1977-07-28,45.0,Assistant Media Planner,Entertainment,Mass Customer,N,453 Sheridan Street,NSW,Australia,2747,7.0,7808.16
154,Faydra,Dulieu,Female,90,1958-02-13,65.0,Junior Executive,n/a,Mass Customer,N,8 Mccormick Crossing,NSW,Australia,2227,6.0,5448.50
155,Orran,Bogges,Male,4,1985-12-28,37.0,Quality Engineer,Manufacturing,Mass Customer,N,63344 Holmberg Crossing,NSW,Australia,2025,3.0,4008.51
156,Shayla,Rimmington,Female,23,1979-09-09,43.0,Cost Accountant,Financial Services,Mass Customer,N,9 Huxley Circle,VIC,Australia,3191,5.0,4831.58
157,Chad,Houtby,Male,97,1974-11-23,48.0,Financial Advisor,Financial Services,Affluent Customer,N,0 Hazelcrest Road,VIC,Australia,3025,4.0,2541.39
158,Hamlin,Odams,Male,99,1984-09-03,38.0,Internal Auditor,n/a,Affluent Customer,N,2 Continental Plaza,NSW,Australia,2263,6.0,8680.92
159,Arin,Matskevich,Male,90,1987-05-12,36.0,Research Nurse,Health,Affluent Customer,N,80 Duke Terrace,NSW,Australia,2233,6.0,6495.07
160,Wake,Durning,Male,5,1964-07-15,58.0,Registered Nurse,Health,Mass Customer,N,860 Hintze Lane,NSW,Australia,2154,2.0,3024.58
161,Tadd,Bloss,Male,49,1976-01-21,47.0,NA,n/a,Mass Customer,N,3723 Bunker Hill Circle,NSW,Australia,2065,1.0,1538.99
162,Port,Acuna,Male,90,1979-08-12,43.0,Nurse Practicioner,IT,Mass Customer,N,5 Corry Court,NSW,Australia,2119,3.0,3317.47
163,Kessia,Helder,Female,58,1976-09-06,46.0,Librarian,Entertainment,High Net Worth,N,65105 Sommers Pass,VIC,Australia,3016,2.0,2260.65
164,Aarika,Vuuren,Female,55,1999-08-07,23.0,Senior Editor,Retail,Affluent Customer,N,2054 Sommers Pass,QLD,Australia,4113,3.0,2974.20
165,Aldon,Roelofs,Male,61,1984-03-25,39.0,Administrative Officer,Agriculture,Mass Customer,N,22371 Miller Trail,NSW,Australia,2032,9.0,10396.03
166,Elston,Oleszczak,Male,54,1955-06-12,68.0,Structural Analysis Engineer,Manufacturing,Affluent Customer,N,35807 Oneill Way,QLD,Australia,4300,8.0,10311.35
167,Nathalie,Tideswell,Female,95,1969-10-27,53.0,NA,Health,High Net Worth,N,75612 Clarendon Junction,QLD,Australia,4352,9.0,8060.51
168,Reggie,Broggetti,U,8,,,General Manager,IT,Affluent Customer,N,16 Golf View Center,VIC,Australia,3020,9.0,9629.11
169,Alfy,Bruhnke,Male,20,1957-10-19,65.0,Data Coordiator,Telecommunications,High Net Worth,N,93 Iowa Junction,NSW,Australia,2116,3.0,1883.44
170,Jammal,Gever,Male,80,1975-06-02,48.0,Pharmacist,Health,High Net Worth,N,48 Cascade Terrace,VIC,Australia,3057,4.0,2639.41
171,Halli,Davidoff,Female,62,1970-12-04,52.0,Assistant Manager,Manufacturing,Mass Customer,N,13950 Jackson Avenue,NSW,Australia,2099,9.0,10465.27
172,Hilton,Carney,Male,54,1988-09-12,34.0,Editor,Manufacturing,Affluent Customer,N,35386 Mockingbird Road,VIC,Australia,3749,8.0,10995.76
173,Ebba,Hanselmann,Female,99,1997-01-02,26.0,General Manager,Health,Affluent Customer,N,2 Randy Point,NSW,Australia,2766,9.0,14588.66
174,Catie,Tosspell,Female,93,1989-11-26,33.0,Food Chemist,Health,Mass Customer,N,6898 Redwing Park,NSW,Australia,2148,10.0,13870.03
175,Templeton,Hambrook,Male,36,1975-11-28,47.0,Quality Engineer,Manufacturing,Affluent Customer,N,52273 Bay Place,VIC,Australia,3145,5.0,6470.55
176,Angelo,Clayal,Male,39,1992-04-13,31.0,Accountant I,Property,Mass Customer,N,272 Montana Avenue,NSW,Australia,2021,5.0,7812.60
177,Ondrea,Pablos,Female,25,1989-11-09,33.0,Professor,Financial Services,High Net Worth,N,82520 Mifflin Drive,NSW,Australia,2333,12.0,8506.17
178,Matthieu,Bertelmot,Male,2,1967-04-03,56.0,NA,n/a,Affluent Customer,N,8 Dixon Parkway,NSW,Australia,2783,4.0,3504.09
179,Esteban,Sewill,Male,23,1966-05-11,57.0,Environmental Tech,Manufacturing,High Net Worth,N,4 Dayton Terrace,NSW,Australia,2280,3.0,2305.94
180,Trisha,Neasham,Female,16,1971-09-17,51.0,Web Designer III,Agriculture,Affluent Customer,N,216 Barnett Junction,QLD,Australia,4120,7.0,10091.40
181,Pavla,Braunle,Female,49,1982-11-21,40.0,Senior Editor,Manufacturing,Mass Customer,N,8256 Annamark Court,VIC,Australia,3638,6.0,4806.32
182,Lydon,Dahlman,Male,99,1992-11-20,30.0,Sales Associate,Financial Services,Affluent Customer,N,83012 Dapin Lane,QLD,Australia,4300,7.0,9279.01
183,Dannie,Hissie,Female,7,1997-08-05,25.0,Geologist III,Retail,Affluent Customer,N,8 Haas Park,NSW,Australia,2074,6.0,6489.94
184,Nappie,Paolo,Male,40,1971-12-13,51.0,Marketing Manager,Manufacturing,High Net Worth,N,50 Meadow Ridge Way,NSW,Australia,2880,3.0,2754.40
185,Crosby,Walcot,Male,80,1979-12-13,43.0,NA,Property,Mass Customer,N,3567 Northfield Lane,NSW,Australia,2430,7.0,10166.44
186,Mireielle,Jeppe,Female,46,1974-05-06,49.0,Software Test Engineer I,Financial Services,Mass Customer,N,0059 Brentwood Road,QLD,Australia,4560,6.0,6053.13
187,Pincas,Ather,Male,97,1954-01-28,69.0,Structural Engineer,n/a,Mass Customer,N,0274 Oneill Alley,NSW,Australia,2088,7.0,6898.79
188,Audry,Seine,Female,54,1975-06-22,48.0,Safety Technician II,Property,High Net Worth,N,4179 Carioca Terrace,NSW,Australia,2220,6.0,3074.47
189,Umberto,Torricella,Male,73,1981-07-19,41.0,Safety Technician I,Financial Services,Affluent Customer,N,59265 Sullivan Junction,VIC,Australia,3031,5.0,8967.79
190,Hayley,Girardengo,Female,42,1979-02-04,44.0,Registered Nurse,Health,Affluent Customer,N,7 Warbler Point,NSW,Australia,2250,4.0,3645.70
191,Christopher,Heining,Male,22,1960-04-27,63.0,Help Desk Operator,n/a,Affluent Customer,N,3 Buell Park,NSW,Australia,2261,1.0,1458.17
192,Goldi,Osler,Female,2,1978-11-19,44.0,Junior Executive,Health,Mass Customer,N,0 Bay Center,VIC,Australia,3196,4.0,4768.60
193,Foss,Hardes,Male,13,1964-07-22,58.0,Recruiting Manager,Manufacturing,Mass Customer,N,10878 Waywood Way,QLD,Australia,4352,5.0,7368.36
194,Ursala,Ferrai,Female,4,1974-11-16,48.0,Web Developer III,Financial Services,Affluent Customer,N,362 Mayer Terrace,QLD,Australia,4680,3.0,4313.53
195,Talyah,Rylatt,Female,34,1958-11-14,64.0,Project Manager,Manufacturing,Mass Customer,N,43 Upham Crossing,VIC,Australia,3143,7.0,12479.46
196,Swen,Odhams,Male,90,1966-02-22,57.0,Programmer Analyst II,Manufacturing,High Net Worth,N,0 Superior Drive,NSW,Australia,2747,8.0,5652.75
197,Avis,,Female,32,1977-01-27,46.0,NA,n/a,High Net Worth,N,8890 Golden Leaf Street,NSW,Australia,2063,9.0,6052.68
198,Vanya,Gumb,Female,82,1981-11-29,41.0,Assistant Media Planner,Entertainment,Mass Customer,N,5484 Hagan Crossing,VIC,Australia,3021,9.0,13104.06
199,Verla,Alven,Female,61,1978-02-13,45.0,Junior Executive,Health,Mass Customer,N,7451 Jana Lane,NSW,Australia,2138,4.0,4323.86
200,Hube,Weald,Male,7,1957-02-04,66.0,Physical Therapy Assistant,Property,Affluent Customer,N,7 Havey Point,QLD,Australia,4005,9.0,12645.02
201,Salem,Huie,Male,45,1966-04-20,57.0,Design Engineer,Manufacturing,Mass Customer,N,32 Steensland Plaza,NSW,Australia,2233,8.0,9501.48
202,Audie,Pillinger,Female,38,1963-06-24,60.0,Librarian,Entertainment,Affluent Customer,N,107 Elmside Parkway,QLD,Australia,4811,3.0,2511.82
203,Donovan,Conry,Male,71,1964-01-13,59.0,Senior Quality Engineer,Agriculture,Mass Customer,N,2 Gina Junction,NSW,Australia,2085,5.0,4376.26
204,Thorny,Hackworth,Male,56,1976-10-01,46.0,Editor,Financial Services,Mass Customer,N,4 Londonderry Lane,VIC,Australia,3084,8.0,11906.52
205,Rolfe,Kellard,Male,18,1958-12-01,64.0,Administrative Assistant II,Financial Services,Mass Customer,N,39716 Vera Junction,VIC,Australia,3170,9.0,8998.03
206,Mari,Chevolleau,Female,98,1954-07-19,68.0,Statistician I,n/a,Mass Customer,N,183 Ronald Regan Street,NSW,Australia,2066,4.0,6160.99
207,Adena,Whyman,Female,9,1994-08-10,28.0,NA,n/a,Mass Customer,N,2 Thierer Road,QLD,Australia,4113,3.0,4448.26
208,Rutter,Excell,Male,57,1994-10-31,28.0,Office Assistant III,Property,High Net Worth,N,056 Stone Corner Alley,QLD,Australia,4078,5.0,4378.98
209,Udall,Bellard,Male,9,1957-08-28,65.0,Analog Circuit Design manager,n/a,Affluent Customer,N,528 Mandrake Crossing,NSW,Australia,2222,5.0,6620.66
210,Albrecht,Thomasson,Male,50,1963-11-18,59.0,Assistant Manager,Property,Mass Customer,N,19969 5th Parkway,VIC,Australia,3152,6.0,9775.22
211,Beitris,,Female,6,1974-03-04,49.0,VP Marketing,Manufacturing,Mass Customer,N,78 Rockefeller Park,NSW,Australia,2159,9.0,10073.76
212,Nanice,Ellse,Female,21,2001-11-19,21.0,Desktop Support Technician,IT,Affluent Customer,N,417 Transport Trail,QLD,Australia,4503,2.0,2429.80
213,Lockwood,Exroll,Male,13,1996-05-14,27.0,Actuary,Financial Services,High Net Worth,N,6327 Lunder Crossing,QLD,Australia,4655,11.0,10243.91
214,Jeramie,Cellier,Male,82,1957-11-29,65.0,Food Chemist,Health,Mass Customer,N,811 Tony Road,QLD,Australia,4220,6.0,7397.09
215,Debera,Foxworthy,Female,37,1974-06-24,49.0,Assistant Professor,Retail,High Net Worth,N,0 Northport Court,QLD,Australia,4012,8.0,7539.85
216,Cinderella,Parcall,Female,12,1995-01-12,28.0,Quality Engineer,Financial Services,High Net Worth,N,231 Havey Court,NSW,Australia,2153,5.0,3882.54
217,Jeralee,Quartly,Female,63,1979-12-09,43.0,NA,Manufacturing,High Net Worth,N,603 Kenwood Avenue,NSW,Australia,2070,8.0,8662.89
218,Stefa,Dunnan,Female,37,1993-08-06,29.0,Administrative Officer,Property,High Net Worth,N,09040 Myrtle Parkway,NSW,Australia,2015,5.0,3992.20
219,Markus,Mughal,Male,9,1964-11-25,58.0,Database Administrator III,Health,Mass Customer,N,05241 Shelley Park,NSW,Australia,2776,7.0,6700.32
220,Jeniffer,Apark,Female,79,1954-05-10,69.0,Electrical Engineer,Manufacturing,High Net Worth,N,7 Pankratz Point,VIC,Australia,3011,6.0,5299.74
221,Mara,Bloore,Female,14,1980-03-10,43.0,Tax Accountant,Manufacturing,Mass Customer,N,51 Crescent Oaks Parkway,NSW,Australia,2761,6.0,7208.59
222,Nev,Larive,Male,89,1978-09-03,44.0,Clinical Specialist,Health,Mass Customer,N,49 Emmet Junction,NSW,Australia,2015,2.0,2626.81
223,Ossie,Meaton,Male,13,1983-11-26,39.0,VP Sales,n/a,Affluent Customer,N,78 Surrey Place,NSW,Australia,2502,7.0,10158.95
224,Morgun,Girvan,Male,2,1967-12-03,55.0,Compensation Analyst,Financial Services,Affluent Customer,N,6236 Summerview Terrace,NSW,Australia,2110,6.0,6543.56
225,Brittaney,Pring,Female,84,1977-03-11,46.0,Pharmacist,Health,Affluent Customer,N,682 Sheridan Avenue,NSW,Australia,2566,3.0,2918.41
226,Bondie,Letty,Male,96,1977-11-11,45.0,Database Administrator IV,Manufacturing,Mass Customer,N,04139 Delladonna Place,NSW,Australia,2519,2.0,1639.95
227,Wendall,McKeand,Male,99,1973-08-14,49.0,Accountant I,Entertainment,Mass Customer,N,2 Scott Circle,NSW,Australia,2506,5.0,6110.86
228,Lucia,Pickervance,Female,59,1986-05-25,37.0,Systems Administrator II,Manufacturing,High Net Worth,N,92253 Kensington Drive,NSW,Australia,2209,5.0,4746.04
229,Vaughn,Lambis,Male,30,1966-03-06,57.0,NA,Property,High Net Worth,N,93 Westend Terrace,NSW,Australia,2116,5.0,4012.18
230,Maegan,Scyone,Female,74,1954-06-24,69.0,Internal Auditor,Property,High Net Worth,N,4 5th Point,NSW,Australia,2075,11.0,9785.19
231,Basile,Winsor,Male,48,1995-08-05,27.0,Design Engineer,Financial Services,Mass Customer,N,11667 Blackbird Street,NSW,Australia,2226,4.0,6199.92
232,Zaria,Koeppke,Female,94,1987-11-11,35.0,Professor,Retail,Mass Customer,N,0 Sommers Circle,NSW,Australia,2145,6.0,4634.72
233,Art,Barwell,Male,34,1986-08-08,36.0,Environmental Tech,Property,Mass Customer,N,2 Northridge Street,NSW,Australia,2508,6.0,5552.72
234,Mead,Alpes,Female,71,1969-08-12,53.0,Chief Design Engineer,Retail,High Net Worth,N,816 Spohn Center,NSW,Australia,2036,10.0,10679.52
235,Leona,Phateplace,Female,30,1976-12-26,46.0,Social Worker,Health,Mass Customer,N,98 Service Court,NSW,Australia,2018,11.0,10485.35
236,Tybalt,Gillingwater,Male,79,1954-10-30,68.0,Research Nurse,Health,Affluent Customer,N,6 Morning Park,VIC,Australia,3666,4.0,5255.34
237,Reginald,Dartan,Male,18,1974-03-07,49.0,Account Coordinator,Property,High Net Worth,N,4263 Hanson Place,NSW,Australia,2021,8.0,5979.18
238,Max,Bilborough,Male,54,1984-02-04,39.0,Programmer III,n/a,Mass Customer,N,6159 Katie Street,NSW,Australia,2750,5.0,6412.23
239,Wells,Pressman,Male,62,1992-12-13,30.0,Registered Nurse,Health,Affluent Customer,N,95 Eliot Street,QLD,Australia,4514,9.0,13442.21
240,Gavin,Fawks,Male,49,1989-07-28,33.0,Administrative Assistant III,IT,High Net Worth,N,0 Westend Park,NSW,Australia,2525,6.0,4537.69
241,Quillan,Duigan,Male,94,1987-05-09,36.0,Quality Engineer,Entertainment,Mass Customer,N,39988 Porter Pass,QLD,Australia,4152,4.0,3855.87
242,Taite,Droghan,Male,17,1992-03-20,31.0,Nurse,Property,Affluent Customer,N,0796 Melody Park,NSW,Australia,2200,7.0,8291.61
243,Barbara,Croxley,Female,94,1976-09-02,46.0,Teacher,Manufacturing,High Net Worth,N,2914 Vahlen Lane,NSW,Australia,2250,6.0,6260.79
244,Germayne,Sperry,Male,57,1974-11-25,48.0,NA,Retail,Affluent Customer,N,65 Kinsman Trail,VIC,Australia,3023,4.0,4900.30
245,Noell,Grahlmans,Female,6,2001-09-26,21.0,Associate Professor,Financial Services,Affluent Customer,N,07227 Hoard Terrace,VIC,Australia,3500,5.0,5382.44
246,Binny,Whight,Female,63,1991-02-28,32.0,Technical Writer,Manufacturing,High Net Worth,N,25503 Evergreen Drive,QLD,Australia,4300,9.0,8368.12
247,Kristal,Joysey,Female,62,1983-05-06,40.0,Staff Accountant II,Financial Services,High Net Worth,N,2 2nd Plaza,NSW,Australia,2283,7.0,8598.89
248,Inger,Eskell,Female,76,1978-04-15,45.0,Clinical Specialist,Health,Affluent Customer,N,122 Melrose Drive,NSW,Australia,2102,7.0,9364.68
249,D'arcy,Slay,Male,65,1992-09-13,30.0,Quality Control Specialist,IT,High Net Worth,N,37024 Anniversary Place,NSW,Australia,2204,9.0,4424.19
250,Kristofer,,Male,53,1988-04-15,35.0,Legal Assistant,Health,Mass Customer,N,91141 Huxley Parkway,NSW,Australia,2040,7.0,9866.27
251,Mala,,Female,88,1977-12-24,45.0,VP Sales,Financial Services,Affluent Customer,N,04 Fallview Trail,NSW,Australia,2749,4.0,3425.00
252,Anthea,Ruskin,Female,39,1983-01-24,40.0,Account Coordinator,Property,Mass Customer,N,8029 Gulseth Center,NSW,Australia,2304,5.0,5565.48
253,Amalee,Choak,Female,82,1997-05-11,26.0,Food Chemist,Health,Mass Customer,N,77248 Columbus Drive,NSW,Australia,2340,5.0,3847.26
254,Barbie,Rubi,Female,98,1961-09-22,61.0,Information Systems Manager,Retail,Mass Customer,N,0850 Schmedeman Drive,VIC,Australia,3580,7.0,10279.82
255,Keeley,Kruger,Female,2,1954-01-15,69.0,Desktop Support Technician,IT,Mass Customer,N,131 Northfield Parkway,VIC,Australia,3355,12.0,16063.47
256,Linell,Beadle,Female,16,1975-05-07,48.0,Director of Sales,Health,High Net Worth,N,5130 Manley Court,NSW,Australia,2287,5.0,3414.28
257,Marissa,,Female,70,1966-02-08,57.0,Sales Associate,Manufacturing,Affluent Customer,N,879 Coolidge Point,NSW,Australia,2324,5.0,7616.05
258,Othella,Keher,Female,24,1992-05-03,31.0,Administrative Officer,Manufacturing,High Net Worth,N,6759 Nevada Point,NSW,Australia,2323,5.0,3793.00
259,Venita,Dymick,Female,70,1983-07-22,39.0,Senior Developer,Health,High Net Worth,N,8208 Parkside Point,NSW,Australia,2320,4.0,4159.57
260,Farand,Marriner,Female,47,1979-08-30,43.0,Senior Quality Engineer,Health,High Net Worth,N,15 Straubel Way,QLD,Australia,4680,9.0,6834.40
261,Marve,Pryn,Male,74,1977-10-15,45.0,Structural Engineer,n/a,Mass Customer,N,7 Eastlawn Street,NSW,Australia,2346,9.0,10037.28
262,Cordie,Petrelli,Male,97,1977-12-23,45.0,NA,Health,High Net Worth,N,42067 Duke Terrace,NSW,Australia,2031,5.0,3415.70
263,Tonia,Leigh,Female,89,1985-11-19,37.0,Dental Hygienist,Health,High Net Worth,N,50 Everett Way,NSW,Australia,2064,7.0,6064.76
264,Jedd,Spiby,Male,31,1977-12-07,45.0,Technical Writer,Health,Mass Customer,N,454 Green Ridge Avenue,NSW,Australia,2176,5.0,4481.55
265,Pennie,Stoile,Male,74,1965-10-05,57.0,Sales Representative,Retail,High Net Worth,N,19220 Evergreen Crossing,VIC,Australia,3195,4.0,3930.64
266,Lelia,Garatty,Female,69,1989-07-19,33.0,Account Executive,Retail,Affluent Customer,N,109 Tomscot Avenue,NSW,Australia,2010,4.0,4713.07
267,Edgar,Buckler,U,53,,,,IT,High Net Worth,N,48 Arizona Drive,NSW,Australia,2768,4.0,3504.94
268,Kacie,Kidston,Female,60,1978-10-18,44.0,Chemical Engineer,Manufacturing,Mass Customer,N,92 Lyons Place,NSW,Australia,2752,4.0,5104.56
269,Zacherie,Grindley,Male,55,1954-09-19,68.0,Nurse Practicioner,Property,Mass Customer,N,47 Jana Junction,VIC,Australia,3802,5.0,5729.31
270,Auberta,Roundtree,Female,38,1970-12-10,52.0,Budget/Accounting Analyst III,n/a,Mass Customer,N,90173 Oneill Place,VIC,Australia,3071,7.0,7986.98
271,Doll,Burtwell,Female,51,1991-02-13,32.0,Financial Advisor,Financial Services,Mass Customer,N,6262 Elgar Avenue,QLD,Australia,4735,2.0,2293.02
272,Arlie,Crean,Female,22,1987-06-06,36.0,Product Engineer,Retail,Mass Customer,N,5668 Corscot Circle,NSW,Australia,2065,7.0,8240.58
273,Nevile,Abraham,Male,54,1963-04-22,60.0,Computer Systems Analyst IV,n/a,Mass Customer,N,8 Texas Plaza,VIC,Australia,3081,10.0,12407.56
274,Tessi,Hesse,Female,66,1976-09-15,46.0,Social Worker,Health,Mass Customer,N,32062 Oak Terrace,VIC,Australia,3205,4.0,2597.68
275,Dud,,Male,7,1955-07-27,67.0,VP Sales,Health,High Net Worth,N,07158 Roth Pass,NSW,Australia,2165,7.0,6603.73
276,Goldi,Dwine,Female,47,1990-03-25,33.0,NA,Financial Services,Mass Customer,N,370 Portage Parkway,VIC,Australia,3125,6.0,6677.59
277,Jehanna,Alvarado,Female,69,1956-02-19,67.0,VP Product Management,n/a,High Net Worth,N,19795 Bultman Circle,QLD,Australia,4214,4.0,3197.99
278,Sydney,Georger,Male,22,1997-07-30,25.0,Executive Secretary,n/a,Affluent Customer,N,3 Corscot Crossing,NSW,Australia,2030,1.0,1228.07
279,Tamera,Hinckes,Female,0,1981-09-09,41.0,Web Designer I,Manufacturing,Mass Customer,N,34 Kim Center,NSW,Australia,2036,6.0,4953.43
280,Welch,MacAllaster,Male,15,1995-03-22,28.0,Geologist I,n/a,Affluent Customer,N,8 Starling Pass,NSW,Australia,2767,11.0,12921.68
281,Jeanette,Sizzey,Female,51,1972-12-27,50.0,Cost Accountant,Financial Services,High Net Worth,N,36 Vidon Parkway,NSW,Australia,2798,4.0,3139.72
282,Lauren,Curcher,Male,82,1989-10-27,33.0,VP Quality Control,Agriculture,High Net Worth,N,8 Riverside Place,QLD,Australia,4211,2.0,1679.29
283,Sari,Noye,Female,34,1991-02-04,32.0,Assistant Manager,Retail,Mass Customer,N,28604 Bellgrove Circle,QLD,Australia,4508,6.0,8380.59
284,Seth,Moorman,Male,38,1986-04-11,37.0,Financial Analyst,Financial Services,High Net Worth,N,2 Cottonwood Road,NSW,Australia,2032,5.0,5232.33
285,Julee,Janovsky,Female,3,1977-11-19,45.0,Community Outreach Specialist,Manufacturing,Mass Customer,N,58 Parkside Hill,NSW,Australia,2117,6.0,6725.29
286,Kiley,Canaan,Male,99,1989-08-01,33.0,Accounting Assistant II,Manufacturing,Affluent Customer,N,747 Thackeray Circle,QLD,Australia,4551,4.0,6858.14
287,Hannie,Wodham,Female,41,1985-05-06,38.0,Nuclear Power Engineer,Manufacturing,Affluent Customer,N,5583 Prairie Rose Trail,NSW,Australia,2765,1.0,2083.94
288,Ebenezer,Seedman,Male,71,1985-09-08,37.0,NA,Manufacturing,High Net Worth,N,071 Cardinal Point,VIC,Australia,3064,4.0,2882.49
289,Modestia,Lithgow,Female,43,1970-04-12,53.0,Clinical Specialist,Health,High Net Worth,N,7169 North Lane,NSW,Australia,2023,10.0,7741.02
290,Giorgio,Kevane,U,42,,,Senior Sales Associate,IT,Mass Customer,N,6923 Tennessee Circle,NSW,Australia,2766,5.0,5912.93
291,Aime,Burston,Female,63,1971-10-22,51.0,Assistant Media Planner,Entertainment,Mass Customer,N,8207 Cascade Court,VIC,Australia,3810,2.0,1505.28
292,Gelya,Gerant,Female,42,1961-11-24,61.0,VP Product Management,n/a,Affluent Customer,N,2 Brentwood Place,QLD,Australia,4151,7.0,9339.91
293,Virgilio,Willcocks,Male,80,1989-12-10,33.0,Administrative Assistant III,Manufacturing,Mass Customer,N,00 5th Lane,NSW,Australia,2830,5.0,5509.66
294,Magnum,Slowan,Male,39,1959-04-01,64.0,Recruiting Manager,n/a,High Net Worth,N,807 Beilfuss Crossing,VIC,Australia,3030,7.0,7462.24
295,Lena,Chape,Female,64,1964-12-26,58.0,Database Administrator II,n/a,Mass Customer,N,76 Graedel Street,QLD,Australia,4812,7.0,7040.73
296,Marshal,Rathbone,Male,34,1972-06-19,51.0,NA,Health,High Net Worth,N,29886 Crownhardt Crossing,NSW,Australia,2141,3.0,3187.13
297,Cecile,MacLise,Female,33,1959-04-27,64.0,Electrical Engineer,Manufacturing,High Net Worth,N,1 Drewry Junction,VIC,Australia,3810,4.0,3792.25
298,Maurise,Lenglet,Male,69,1956-08-15,66.0,Engineer I,Manufacturing,High Net Worth,N,83 Brickson Park Drive,VIC,Australia,3029,11.0,9338.98
299,Corabelle,Hartnell,Female,80,1956-09-15,66.0,Budget/Accounting Analyst I,Financial Services,Mass Customer,N,95 Almo Junction,NSW,Australia,2173,7.0,10686.47
300,Malachi,Hadcroft,Male,88,1956-06-22,67.0,Clinical Specialist,Health,Mass Customer,N,08 Golf View Plaza,VIC,Australia,3199,5.0,7525.38
301,Hildy,Bilbrook,Female,54,1980-10-10,42.0,Developer IV,Manufacturing,High Net Worth,N,6170 Buena Vista Way,NSW,Australia,2320,2.0,1088.10
302,Laurice,Colgrave,Female,32,1977-03-27,46.0,NA,Health,Mass Customer,N,0 Orin Place,QLD,Australia,4506,2.0,2024.93
303,Shane,Smetoun,Female,59,1974-08-15,48.0,Assistant Professor,Agriculture,Mass Customer,N,20924 Banding Crossing,NSW,Australia,2516,3.0,3874.18
304,Paddy,Mumbray,Male,36,1969-03-27,54.0,VP Marketing,Manufacturing,Mass Customer,N,91193 Petterle Road,NSW,Australia,2035,9.0,8251.47
305,Cris,Chellam,Female,1,1974-03-17,49.0,Financial Analyst,Financial Services,Mass Customer,N,01459 Fremont Place,NSW,Australia,2747,7.0,7400.35
306,Ruy,Adanet,Male,19,1973-08-02,49.0,Registered Nurse,Health,High Net Worth,N,58 Spenser Circle,VIC,Australia,3030,2.0,1336.95
307,Ruben,Handlin,Male,55,1984-08-18,38.0,Clinical Specialist,Health,Affluent Customer,N,93 Lawn Park,VIC,Australia,3152,9.0,10854.15
308,Iver,Dobsons,Male,2,1983-03-09,40.0,Database Administrator I,IT,High Net Worth,N,5982 Mosinee Avenue,VIC,Australia,3340,6.0,5862.82
309,Maurizia,Ligerton,Female,53,1974-10-02,48.0,Clinical Specialist,Health,Mass Customer,N,37006 Hoard Circle,VIC,Australia,3182,4.0,5475.93
310,Myranda,Clowser,Female,0,1985-02-13,38.0,Account Coordinator,Financial Services,Mass Customer,N,06 Corry Pass,NSW,Australia,2450,7.0,9065.04
311,Jaimie,Halms,Female,86,1957-08-16,65.0,Internal Auditor,Health,High Net Worth,N,099 Nova Plaza,NSW,Australia,2227,6.0,5226.15
312,Garek,Prattin,Male,44,1958-03-17,65.0,Desktop Support Technician,Financial Services,Affluent Customer,N,252 Mockingbird Plaza,NSW,Australia,2216,6.0,7564.12
313,Theo,McKune,Male,70,1987-12-22,35.0,Operator,Manufacturing,Mass Customer,N,990 Kensington Park,VIC,Australia,3796,6.0,9506.18
314,Catie,Advani,Female,27,1962-08-25,60.0,Marketing Assistant,Retail,High Net Worth,N,706 Anniversary Alley,VIC,Australia,3064,8.0,5784.67
315,Lisa,Odlin,Female,67,1958-04-16,65.0,Chief Design Engineer,Manufacturing,Affluent Customer,N,52 Corben Place,VIC,Australia,3197,9.0,9095.91
316,Genni,Larway,Female,72,1976-06-01,47.0,Environmental Specialist,Manufacturing,Mass Customer,N,4270 Loeprich Lane,VIC,Australia,3064,4.0,3813.84
317,Elicia,Dahler,Female,26,1974-02-10,49.0,Automation Specialist II,Entertainment,Mass Customer,N,2 Clyde Gallagher Drive,NSW,Australia,2232,5.0,7214.20
318,Libbie,Castelin,Female,21,1969-05-19,54.0,Programmer III,Retail,Affluent Customer,N,671 American Ash Way,NSW,Australia,2365,7.0,9276.07
319,Madelle,Matteris,Female,32,1971-10-11,51.0,NA,Retail,Mass Customer,N,93 American Ash Avenue,NSW,Australia,2747,5.0,7051.54
320,Aldous,Cubin,Male,19,1997-02-09,26.0,Registered Nurse,Health,Mass Customer,N,1108 Nevada Junction,QLD,Australia,4701,10.0,12702.09
321,Christean,Finnes,Female,58,1973-09-15,49.0,Marketing Manager,n/a,Mass Customer,N,41 Spaight Road,QLD,Australia,4503,5.0,5971.50
322,De,Denington,Female,19,1977-03-10,46.0,Research Associate,Financial Services,Mass Customer,N,5 Schurz Place,QLD,Australia,4350,12.0,15872.04
323,Celka,Goodrich,Female,54,1973-06-04,50.0,Senior Developer,Health,Mass Customer,N,82 8th Alley,QLD,Australia,4210,6.0,6087.21
324,Franz,Lyptrit,Male,97,1986-08-05,36.0,Computer Systems Analyst I,IT,Mass Customer,N,84 Lawn Way,NSW,Australia,2223,5.0,2711.14
325,Anthia,Ghilardini,Female,98,1971-09-26,51.0,Computer Systems Analyst I,Financial Services,Affluent Customer,N,0 Coolidge Avenue,QLD,Australia,4122,7.0,9002.84
326,Guenna,Spensly,Female,74,1980-02-16,43.0,Help Desk Operator,Financial Services,Mass Customer,N,0 Graceland Plaza,NSW,Australia,2515,3.0,4339.40
327,Cris,Richfield,Female,10,1968-07-24,54.0,Design Engineer,Health,Mass Customer,N,8717 Mandrake Place,QLD,Australia,4214,5.0,6108.21
328,Bernice,Kings,Female,87,1991-04-11,32.0,Senior Developer,Manufacturing,Mass Customer,N,2 Thierer Lane,VIC,Australia,3437,8.0,5739.53
329,Garvy,Berthel,Male,25,1984-11-20,38.0,Account Representative IV,Entertainment,High Net Worth,N,19507 Red Cloud Park,VIC,Australia,3338,6.0,3881.02
330,Port,Pancost,Male,78,1959-06-03,64.0,Recruiting Manager,Manufacturing,High Net Worth,N,3 Golf Course Avenue,NSW,Australia,2203,6.0,6596.85
331,Ford,Groucock,Male,87,1998-09-23,24.0,Desktop Support Technician,Health,Mass Customer,N,042 Bunker Hill Avenue,NSW,Australia,2088,7.0,8632.46
332,Liza,Trouel,Female,23,1978-08-19,44.0,Registered Nurse,Health,High Net Worth,N,45793 Nancy Plaza,QLD,Australia,4226,2.0,1336.95
333,Debbi,Doohey,Female,25,1965-06-20,58.0,Sales Associate,Financial Services,Affluent Customer,N,314 Northland Plaza,QLD,Australia,4213,7.0,6813.26
334,Fredi,Iannuzzelli,Female,71,1999-05-20,24.0,Financial Advisor,Financial Services,Affluent Customer,N,3093 Mockingbird Place,VIC,Australia,3356,6.0,6628.18
335,Debee,Martynov,Female,20,1983-04-19,40.0,Senior Editor,n/a,Affluent Customer,N,82 Mcbride Trail,VIC,Australia,3223,2.0,3050.31
336,Georgiana,Wallington,Female,91,1980-01-06,43.0,NA,Manufacturing,High Net Worth,N,24044 Bonner Hill,VIC,Australia,3032,5.0,3417.72
337,Shaylah,Urquhart,Female,67,1979-10-08,43.0,Statistician IV,Agriculture,High Net Worth,N,1 Rowland Circle,VIC,Australia,3105,6.0,4120.80
338,Hilliary,Littrell,Female,33,1958-03-14,65.0,NA,Health,Mass Customer,N,7 Arapahoe Pass,VIC,Australia,3101,7.0,9975.86
339,Nanny,Casero,Female,56,1980-01-11,43.0,Human Resources Manager,Health,Mass Customer,N,7905 Spaight Alley,NSW,Australia,2763,5.0,6793.28
340,Joshuah,Purvey,Male,39,1973-07-31,49.0,NA,Agriculture,Mass Customer,N,8 Grayhawk Circle,NSW,Australia,2089,8.0,9103.92
341,Jeremiah,Wasling,Male,10,1976-08-25,46.0,GIS Technical Architect,Financial Services,Mass Customer,N,3 Lyons Road,NSW,Australia,2759,2.0,3532.94
342,Winslow,Hammant,Male,40,1987-05-19,36.0,Programmer IV,Health,High Net Worth,N,72419 Eagan Road,NSW,Australia,2040,4.0,1958.29
343,Nicole,Johananoff,Female,76,1957-08-14,65.0,Recruiter,Property,Affluent Customer,N,6860 Green Ridge Avenue,NSW,Australia,2126,9.0,10378.00
344,Carlene,Eyckelbeck,Female,91,1973-07-18,49.0,NA,n/a,High Net Worth,N,85 Straubel Park,NSW,Australia,2147,9.0,7919.62
345,Tish,Oleksiak,Female,74,1989-02-03,34.0,Senior Sales Associate,Health,High Net Worth,N,08 Ronald Regan Plaza,NSW,Australia,2251,7.0,5579.87
346,Timmie,Eisikowitz,Male,68,1981-03-15,42.0,Financial Analyst,Financial Services,Mass Customer,N,44621 Linden Drive,NSW,Australia,2155,9.0,8874.36
347,Berkly,Grishinov,Male,50,1965-06-06,58.0,Marketing Manager,Financial Services,Mass Customer,N,3 Moulton Lane,NSW,Australia,2153,7.0,12839.01
348,Gan,Devoy,Male,20,1980-11-01,42.0,Assistant Professor,Retail,Mass Customer,N,7633 Mayer Plaza,NSW,Australia,2768,6.0,5562.58
349,Vinnie,Usherwood,Female,35,1981-04-15,42.0,Computer Systems Analyst IV,Manufacturing,High Net Worth,N,98 Westerfield Trail,VIC,Australia,3127,5.0,4184.73
350,Carmela,Jesper,Female,47,1977-12-09,45.0,Clinical Specialist,Health,Mass Customer,N,1826 Hazelcrest Park,VIC,Australia,3087,6.0,4728.13
351,Dev,Hafner,Male,69,1999-05-12,24.0,Pharmacist,Health,Mass Customer,N,98 Sutteridge Point,VIC,Australia,3131,2.0,2832.11
352,Orrin,Finding,Male,12,1979-07-08,43.0,Sales Representative,Retail,Mass Customer,N,6 Sunbrook Center,QLD,Australia,4350,6.0,8533.27
353,Antonia,Cardis,Female,9,1980-10-09,42.0,Information Systems Manager,n/a,Mass Customer,N,143 Elka Circle,VIC,Australia,3134,11.0,13721.09
354,Mavra,Donavan,Female,87,1980-11-26,42.0,Legal Assistant,Property,Mass Customer,N,0293 Porter Crossing,NSW,Australia,2830,6.0,5392.11
355,Stacy,Gullane,Female,97,1979-06-01,44.0,Database Administrator II,Retail,Mass Customer,N,7447 Nevada Park,NSW,Australia,2193,5.0,4674.02
356,Nichole,,Female,10,1975-03-30,48.0,Librarian,Entertainment,High Net Worth,N,7 Park Meadow Drive,QLD,Australia,4055,5.0,3380.10
357,Betta,Shrimpton,Female,21,1969-01-25,54.0,Director of Sales,n/a,Affluent Customer,N,780 Carberry Place,VIC,Australia,3199,8.0,8779.22
358,Kippie,Crimpe,Female,54,1985-12-27,37.0,Accounting Assistant IV,n/a,Mass Customer,N,5337 Dennis Pass,NSW,Australia,2170,2.0,2129.82
359,Dulcine,Gauson,Female,2,1958-11-28,64.0,Legal Assistant,Manufacturing,Affluent Customer,N,7 Debs Point,NSW,Australia,2322,10.0,10618.66
360,Atalanta,Starbucke,Female,64,1956-04-02,67.0,Staff Scientist,Property,Mass Customer,N,708 Russell Parkway,NSW,Australia,2530,5.0,6069.39
361,Stephana,Minero,Female,59,1999-03-27,24.0,Software Engineer IV,Health,Mass Customer,N,66286 Homewood Alley,NSW,Australia,2075,7.0,6592.67
362,Jamima,Pirolini,Female,47,1974-11-17,48.0,Software Engineer IV,Financial Services,High Net Worth,N,8728 Express Way,NSW,Australia,2340,5.0,3579.70
363,Sabrina,Caddy,Female,82,1988-03-04,35.0,Project Manager,Retail,Mass Customer,N,93583 Moland Way,NSW,Australia,2066,6.0,11621.14
364,Leontyne,Simpkiss,Female,96,1976-09-30,46.0,Database Administrator III,Financial Services,Affluent Customer,N,18264 Maryland Way,QLD,Australia,4217,6.0,7797.32
365,Romona,Capitano,Female,98,1976-06-27,47.0,VP Quality Control,Property,High Net Worth,N,411 Homewood Lane,QLD,Australia,4020,7.0,6604.70
366,Constance,Ucchino,Female,7,1954-01-08,69.0,Librarian,Entertainment,High Net Worth,N,8 Mariners Cove Drive,NSW,Australia,2096,6.0,4494.16
367,Katrinka,Sturrock,Female,93,1985-02-17,38.0,Programmer II,Manufacturing,Mass Customer,N,279 Jenna Circle,NSW,Australia,2179,6.0,7921.09
368,Lacee,Roan,Female,32,1986-11-26,36.0,NA,Financial Services,High Net Worth,N,382 Maywood Parkway,QLD,Australia,4127,9.0,8210.21
369,Alic,Trenear,Male,19,1991-08-24,31.0,Actuary,Financial Services,Mass Customer,N,6085 Petterle Circle,VIC,Australia,3130,8.0,10109.72
370,Trstram,Bondesen,Male,91,1998-07-27,24.0,NA,Telecommunications,Affluent Customer,N,06324 Michigan Trail,QLD,Australia,4570,7.0,8749.28
371,Pernell,Favelle,Male,7,1954-07-06,68.0,Systems Administrator III,Financial Services,Mass Customer,N,92808 Mallard Terrace,VIC,Australia,3215,5.0,7252.94
372,Moina,Thumim,Female,19,1987-08-13,35.0,Graphic Designer,Property,Affluent Customer,N,841 Anderson Drive,VIC,Australia,3101,8.0,8288.82
373,Eva,Colenutt,Female,95,2000-08-26,22.0,Structural Analysis Engineer,Health,High Net Worth,N,67884 Fair Oaks Parkway,VIC,Australia,3931,1.0,1071.23
374,Valdemar,MacCoughen,Male,81,1992-01-22,31.0,Senior Financial Analyst,Financial Services,Mass Customer,N,1823 Judy Center,VIC,Australia,3165,6.0,8090.74
375,Salvidor,Renzo,Male,13,1976-08-23,46.0,Automation Specialist II,Manufacturing,Mass Customer,N,953 Eliot Crossing,NSW,Australia,2166,4.0,4025.84
376,Marena,Brunotti,Female,60,1966-10-24,56.0,Financial Advisor,Financial Services,Mass Customer,N,90761 Shasta Pass,VIC,Australia,3936,3.0,1981.89
377,Levy,Bonavia,Male,65,1999-05-19,24.0,Staff Scientist,Agriculture,Mass Customer,N,259 Barnett Crossing,NSW,Australia,2265,13.0,13267.90
378,Raquela,Yuille,Female,98,1974-05-04,49.0,Senior Developer,Retail,Mass Customer,N,0 Brown Trail,NSW,Australia,2203,7.0,6515.46
379,Bert,Ainslie,Male,2,1980-03-13,43.0,NA,Manufacturing,High Net Worth,N,3467 Prairie Rose Lane,VIC,Australia,3034,2.0,2295.34
380,Teriann,Birdsey,Female,66,1956-05-15,67.0,Structural Engineer,Property,Mass Customer,N,24 Scoville Parkway,QLD,Australia,4670,8.0,10261.59
381,Leesa,Castleman,Female,99,1996-11-30,26.0,Sales Associate,n/a,Affluent Customer,N,010 Namekagon Parkway,NSW,Australia,2062,8.0,8019.80
382,Issiah,Fardell,Male,68,1985-08-14,37.0,Research Nurse,Health,Mass Customer,N,99826 Steensland Avenue,NSW,Australia,2162,7.0,7562.07
383,Barclay,Shalders,Male,37,1978-07-15,44.0,Nurse Practicioner,n/a,Affluent Customer,N,28809 Mesta Pass,QLD,Australia,4170,3.0,4436.84
384,Friederike,Bestar,Female,70,1976-08-06,46.0,NA,Financial Services,Affluent Customer,N,201 Randy Parkway,VIC,Australia,3033,5.0,5068.24
385,Kendall,Humes,Male,69,1966-12-07,56.0,Project Manager,Health,High Net Worth,N,58211 Surrey Crossing,NSW,Australia,2170,9.0,7618.77
386,Ethelyn,Pincott,Female,63,1990-10-27,32.0,Senior Quality Engineer,Agriculture,Mass Customer,N,720 Menomonie Avenue,NSW,Australia,2749,5.0,5445.44
387,Spike,Thieme,Male,34,1977-02-19,46.0,Administrative Officer,Financial Services,Mass Customer,N,4604 Cordelia Drive,NSW,Australia,2144,3.0,5303.10
388,Carlye,Bartle,Female,53,1966-05-25,57.0,NA,Financial Services,Mass Customer,N,3788 Service Trail,VIC,Australia,3805,3.0,3336.30
389,Dorene,Scrivner,Female,97,1975-04-27,48.0,Help Desk Operator,Entertainment,Affluent Customer,N,8 Holy Cross Center,NSW,Australia,2047,6.0,4470.16
390,Royall,Slimings,Male,83,1997-11-25,25.0,Programmer Analyst II,Health,Affluent Customer,N,740 Calypso Drive,NSW,Australia,2100,6.0,5012.16
391,Duffie,Woodier,Male,80,1970-03-25,53.0,NA,Agriculture,Mass Customer,N,9457 Arizona Plaza,NSW,Australia,2642,4.0,3706.50
392,Brandyn,Morrid,Male,38,1978-06-14,45.0,Safety Technician I,Property,Mass Customer,N,75 Bartillon Street,VIC,Australia,3228,7.0,9098.87
393,Cesaro,Isbell,Male,35,1955-02-08,68.0,Associate Professor,Manufacturing,Mass Customer,N,7 Reinke Junction,NSW,Australia,2145,2.0,3190.88
394,Roanne,Cowthard,Female,70,1977-06-06,46.0,Legal Assistant,Health,High Net Worth,N,7343 Washington Road,NSW,Australia,2287,8.0,6192.31
395,Penn,Burkinshaw,Male,28,1976-11-27,46.0,Data Coordiator,Retail,High Net Worth,N,3 Valley Edge Trail,VIC,Australia,3444,7.0,6000.01
396,Peria,Iscowitz,Female,98,1967-01-25,56.0,Systems Administrator III,Telecommunications,High Net Worth,N,32 Farragut Avenue,NSW,Australia,2076,6.0,5109.68
397,Nerissa,Foote,Female,86,1981-09-02,41.0,Paralegal,Financial Services,Affluent Customer,N,5 Florence Hill,QLD,Australia,4124,6.0,5250.02
398,Randee,Douberday,Female,20,1969-01-18,54.0,NA,Retail,Affluent Customer,N,095 Prairieview Circle,VIC,Australia,3191,7.0,4973.66
399,Nickie,Neissen,Male,26,1976-07-18,46.0,Engineer III,Manufacturing,Affluent Customer,N,47226 Algoma Place,QLD,Australia,4305,6.0,7848.56
400,Sibeal,Fellow,Female,86,1962-05-19,61.0,Financial Analyst,Financial Services,Mass Customer,N,564 Northview Junction,VIC,Australia,3195,5.0,4828.64
401,Halette,Helling,Female,56,1986-12-11,36.0,Assistant Professor,Retail,Mass Customer,N,5359 Alpine Hill,NSW,Australia,2579,7.0,9010.41
402,Berne,Donegan,Male,9,1977-06-03,46.0,Desktop Support Technician,Retail,Affluent Customer,N,586 Miller Parkway,NSW,Australia,2835,6.0,8148.22
403,Easter,Laffoley-Lane,Female,40,1975-10-17,47.0,Graphic Designer,n/a,Mass Customer,N,32571 Dixon Center,VIC,Australia,3337,6.0,6122.63
404,Sinclair,Sustins,Male,92,1995-12-17,27.0,Geologist I,Financial Services,Affluent Customer,N,333 Bunting Crossing,NSW,Australia,2536,9.0,9823.62
405,Vivien,Urion,Female,19,1971-09-28,51.0,NA,Manufacturing,High Net Worth,N,1 Red Cloud Street,NSW,Australia,2770,6.0,5271.99
406,Rhona,Spilsburie,Female,58,1987-06-16,36.0,Financial Analyst,Financial Services,High Net Worth,N,07 New Castle Circle,NSW,Australia,2646,6.0,5792.73
407,Chryste,Acum,Female,82,1979-01-12,44.0,Structural Analysis Engineer,n/a,High Net Worth,N,78152 Harper Parkway,NSW,Australia,2756,9.0,6910.61
408,Kurtis,Baistow,Male,79,1991-08-31,31.0,Senior Financial Analyst,Financial Services,Affluent Customer,N,981 West Way,VIC,Australia,3133,5.0,5252.97
409,Tatiania,O'Kane,Female,84,1978-01-23,45.0,Executive Secretary,Health,Mass Customer,N,8 Monterey Plaza,NSW,Australia,2066,4.0,4630.82
410,Alicia,Townend,Female,14,1990-04-09,33.0,Structural Engineer,n/a,Mass Customer,N,25 Graceland Way,NSW,Australia,2750,7.0,5975.18
411,Cathyleen,Bern,Female,84,1977-03-31,46.0,Director of Sales,Financial Services,High Net Worth,N,41605 Mitchell Street,NSW,Australia,2750,5.0,3233.81
412,Evanne,Feechum,Female,65,1960-04-23,63.0,NA,IT,High Net Worth,N,42 Upham Pass,QLD,Australia,4558,3.0,2500.02
413,Simone,Denys,Male,79,1957-12-22,65.0,VP Quality Control,n/a,High Net Worth,N,17 Sunfield Road,NSW,Australia,2211,5.0,3960.01
414,Thorin,Grimoldby,Male,12,1976-07-16,46.0,Social Worker,Health,High Net Worth,N,84549 Jenifer Crossing,NSW,Australia,2570,6.0,2985.21
415,Conchita,Jeans,Female,20,1955-05-31,68.0,Senior Financial Analyst,Financial Services,Affluent Customer,N,5449 Jenna Road,NSW,Australia,2170,2.0,3670.00
416,Dory,Barnsdall,Female,14,1997-06-23,26.0,Software Consultant,n/a,Mass Customer,N,05 Butternut Crossing,QLD,Australia,4552,5.0,4670.05
417,Fernandina,Brambley,Female,37,1971-02-17,52.0,Biostatistician IV,Agriculture,Mass Customer,N,7427 Fuller Trail,VIC,Australia,3082,8.0,10225.99
418,Jere,Ding,Female,56,1958-12-22,64.0,NA,n/a,Mass Customer,N,713 Eastwood Terrace,NSW,Australia,2360,6.0,7264.65
419,Chrissie,Bernardini,Female,34,1981-01-26,42.0,VP Marketing,Manufacturing,Affluent Customer,N,7526 Artisan Parkway,QLD,Australia,4223,7.0,7917.43
420,Clem,Leek,Male,93,1958-07-05,64.0,Help Desk Operator,Entertainment,High Net Worth,N,3 Oriole Place,VIC,Australia,3183,10.0,7926.62
421,Tish,Netti,Female,26,1999-03-19,24.0,Sales Representative,Retail,Mass Customer,N,690 Hanson Center,NSW,Australia,2330,6.0,8318.03
422,Vito,Norker,Male,78,2002-01-06,21.0,NA,Manufacturing,Affluent Customer,N,509 Fisk Hill,NSW,Australia,2031,4.0,5927.52
423,Orville,Akerman,Male,43,1956-11-08,66.0,Senior Quality Engineer,n/a,Mass Customer,N,27 Petterle Center,QLD,Australia,4370,5.0,7160.90
424,Dennie,Eunson,Male,77,1978-01-25,45.0,Research Nurse,Health,High Net Worth,N,3 Annamark Avenue,VIC,Australia,3150,7.0,6835.18
425,Michaeline,Bordman,Female,60,1953-11-19,69.0,Sales Representative,Retail,Mass Customer,N,311 Dapin Point,NSW,Australia,2549,7.0,10925.23
426,Emlyn,Anstice,Female,10,1972-06-02,51.0,Nuclear Power Engineer,Manufacturing,Affluent Customer,N,15082 Crest Line Plaza,VIC,Australia,3040,9.0,11034.04
427,Giusto,Torbett,Male,77,1996-12-19,26.0,Assistant Media Planner,Entertainment,Mass Customer,N,1 Carey Pass,NSW,Australia,2065,4.0,4678.55
428,Freida,Everil,Female,0,1977-05-03,46.0,Structural Engineer,Health,High Net Worth,N,8 Moland Pass,NSW,Australia,2065,8.0,8252.11
429,Berny,Bold,Female,7,1978-07-30,44.0,Community Outreach Specialist,IT,High Net Worth,N,25386 Fallview Place,NSW,Australia,2340,8.0,7195.45
430,Janice,Himsworth,Female,46,1973-04-26,50.0,Paralegal,Financial Services,High Net Worth,N,8078 Talisman Trail,QLD,Australia,4209,6.0,5685.99
431,Gale,Done,Male,8,1956-03-26,67.0,Research Nurse,Health,Affluent Customer,N,6920 Dwight Circle,QLD,Australia,4173,2.0,1833.90
432,Amby,Pentin,Male,83,1990-02-12,33.0,Nuclear Power Engineer,Manufacturing,Affluent Customer,N,9 Lukken Parkway,NSW,Australia,2065,8.0,11287.31
433,Reinhard,Jubert,Male,94,1964-03-12,59.0,Statistician II,Property,Affluent Customer,N,09 Graceland Junction,VIC,Australia,3204,9.0,11334.08
434,Raff,Waadenburg,Male,93,1995-12-01,27.0,NA,Financial Services,Mass Customer,N,155 Basil Junction,NSW,Australia,2210,2.0,1945.46
435,Jerome,Muggeridge,Male,5,1999-12-23,23.0,GIS Technical Architect,Telecommunications,Mass Customer,N,4284 Surrey Circle,NSW,Australia,2068,4.0,5669.10
436,Erwin,Pendre,Male,75,1957-12-24,65.0,Internal Auditor,IT,Mass Customer,N,4 Almo Plaza,NSW,Australia,2085,3.0,4249.68
437,Sayres,Duthie,Male,24,1976-08-14,46.0,Systems Administrator III,Manufacturing,Affluent Customer,N,91 Porter Pass,VIC,Australia,3064,6.0,5595.76
438,Ebenezer,Bottelstone,Male,25,1989-08-17,33.0,Internal Auditor,Property,High Net Worth,N,007 Gerald Place,VIC,Australia,3074,8.0,11038.17
439,Lida,Wych,Female,26,1974-07-08,48.0,GIS Technical Architect,n/a,Affluent Customer,N,8788 Armistice Trail,VIC,Australia,3806,6.0,7047.43
440,Sheena,O'Duggan,Female,46,1977-12-16,45.0,Business Systems Development Analyst,Telecommunications,Mass Customer,N,1693 Artisan Hill,NSW,Australia,2259,8.0,9270.25
441,Felicle,Beneze,Female,74,1974-03-08,49.0,Analyst Programmer,IT,Mass Customer,N,532 Emmet Way,NSW,Australia,2260,3.0,2910.72
442,Linc,Vedyasov,Male,2,2001-10-06,21.0,NA,Financial Services,Mass Customer,N,3 Sutteridge Park,QLD,Australia,4074,7.0,6105.03
443,Lauree,Leason,Female,21,1972-03-26,51.0,NA,Agriculture,High Net Worth,N,25522 Mosinee Point,QLD,Australia,4215,7.0,5332.95
444,Britteny,Falconer-Taylor,Female,32,1967-02-24,56.0,Staff Scientist,Manufacturing,Mass Customer,N,421 Bobwhite Road,NSW,Australia,2160,7.0,7689.07
445,Timothy,Wenham,Male,91,1984-11-13,38.0,Executive Secretary,Financial Services,Mass Customer,N,41 Ronald Regan Center,VIC,Australia,3008,11.0,15114.86
446,Marilee,Vree,Female,73,1978-07-02,44.0,Tax Accountant,IT,Affluent Customer,N,3 Loomis Crossing,NSW,Australia,2217,8.0,10683.11
447,Brittany,Peasey,Female,98,2001-11-06,21.0,Help Desk Technician,Agriculture,Mass Customer,N,93 Jana Junction,NSW,Australia,2213,6.0,6502.92
448,Robin,Crack,Female,34,1995-04-26,28.0,Software Engineer III,IT,High Net Worth,N,528 Buell Crossing,NSW,Australia,2748,5.0,5016.76
449,Shana,Fortesquieu,Female,74,1974-09-24,48.0,VP Product Management,Manufacturing,High Net Worth,N,261 Northport Lane,NSW,Australia,2567,6.0,4073.28
450,Myrlene,Rothwell,Female,5,1975-04-02,48.0,Structural Analysis Engineer,Entertainment,Mass Customer,N,98 Scott Parkway,NSW,Australia,2096,4.0,5369.55
451,Marlow,Flowerdew,U,37,,,Quality Control Specialist,IT,High Net Worth,N,8385 Lien Drive,VIC,Australia,3192,6.0,4778.64
452,Natalee,Bamford,Female,22,1959-08-11,63.0,Account Coordinator,Property,Mass Customer,N,24919 Artisan Court,VIC,Australia,3015,5.0,4936.12
453,Cornelius,Yarmouth,U,81,,,Assistant Professor,IT,High Net Worth,N,37093 Manitowish Center,NSW,Australia,2170,8.0,5768.09
454,Eugenie,Domenc,U,58,,,Research Nurse,Health,Affluent Customer,N,9 Monterey Point,QLD,Australia,4221,7.0,9662.82
455,Mile,Dionisii,Male,97,1991-11-02,31.0,Civil Engineer,Manufacturing,Mass Customer,N,6 Mariners Cove Center,NSW,Australia,2233,3.0,4076.17
456,Randolph,Redihalgh,Male,47,1975-11-30,47.0,Automation Specialist I,Manufacturing,Affluent Customer,N,572 Gerald Trail,NSW,Australia,2145,5.0,6261.64
457,Querida,Danilchev,Female,70,1980-12-14,42.0,Recruiting Manager,Financial Services,High Net Worth,N,7 Farmco Trail,NSW,Australia,2759,5.0,4978.70
458,Osborn,Pentony,Male,57,1969-04-21,54.0,Account Representative IV,Manufacturing,Affluent Customer,N,19964 Nancy Drive,VIC,Australia,3121,5.0,4751.63
459,Bel,Cheeke,Female,88,1986-08-04,36.0,Civil Engineer,Manufacturing,Mass Customer,N,57 Columbus Road,QLD,Australia,4870,5.0,7014.64
460,Illa,,Female,0,1986-01-23,37.0,Electrical Engineer,Manufacturing,Affluent Customer,N,455 Hooker Lane,VIC,Australia,3337,4.0,5012.97
461,Jsandye,Melendez,Female,19,1979-10-09,43.0,Social Worker,Health,Mass Customer,N,0777 Farwell Pass,NSW,Australia,2118,8.0,11613.04
462,Melany,Thorrington,Female,32,1960-01-01,63.0,NA,Manufacturing,Affluent Customer,N,23 Glacier Hill Avenue,NSW,Australia,2259,6.0,7830.79
463,Allis,Blanche,Female,9,1962-03-30,61.0,Senior Cost Accountant,Financial Services,Mass Customer,N,8750 Lakewood Gardens Park,NSW,Australia,2760,7.0,8032.92
464,Karel,Dimelow,Female,32,1958-03-23,65.0,NA,n/a,Mass Customer,N,0619 Dorton Plaza,VIC,Australia,3150,6.0,8745.94
465,Alina,Wilsey,Female,54,1976-03-27,47.0,Developer III,Financial Services,Affluent Customer,N,3469 Service Road,NSW,Australia,2770,6.0,4766.91
466,Jarad,Bauser,Male,84,1991-01-27,32.0,NA,Manufacturing,Affluent Customer,N,9 Dahle Place,NSW,Australia,2763,7.0,7733.78
467,Welbie,Rockliffe,Male,51,1954-01-02,69.0,Human Resources Assistant I,Property,Affluent Customer,N,8 Dayton Park,NSW,Australia,2050,7.0,8172.07
468,Valeria,Ladyman,Female,11,1974-01-19,49.0,Software Test Engineer I,Property,High Net Worth,N,091 Farragut Crossing,VIC,Australia,3058,6.0,5590.60
469,Levi,Cartmell,Male,91,1996-05-03,27.0,Actuary,Financial Services,High Net Worth,N,70488 Logan Court,NSW,Australia,2074,10.0,6562.96
470,Darbee,Klimowicz,Male,22,2001-12-19,21.0,Internal Auditor,Retail,Mass Customer,N,0 Golf Lane,NSW,Australia,2120,7.0,8141.74
471,Libby,Wardesworth,Female,82,1956-01-01,67.0,GIS Technical Architect,Financial Services,Affluent Customer,N,663 Bellgrove Parkway,VIC,Australia,3812,6.0,6736.98
472,Kippy,Jessel,Female,38,1990-11-16,32.0,Internal Auditor,Financial Services,Mass Customer,N,9907 Morningstar Pass,NSW,Australia,2147,5.0,5989.66
473,Benji,O'Shirine,Male,2,1977-03-13,46.0,Junior Executive,Health,Mass Customer,N,29 South Point,VIC,Australia,3111,9.0,13134.17
474,Consolata,Clacson,Female,86,1983-01-15,40.0,Geologist IV,Entertainment,Affluent Customer,N,91 Eagle Crest Circle,NSW,Australia,2567,2.0,2107.82
475,Vernor,,Male,0,1996-11-14,26.0,Nuclear Power Engineer,Manufacturing,Affluent Customer,N,781 Dorton Avenue,VIC,Australia,3012,7.0,6197.98
476,Kane,Jahnel,Male,65,1989-04-21,34.0,Computer Systems Analyst IV,n/a,Mass Customer,N,47 Dwight Road,QLD,Australia,4217,4.0,4416.90
477,Cheri,Hazeman,Female,32,1960-11-26,62.0,Media Manager II,Financial Services,High Net Worth,N,6674 Russell Center,NSW,Australia,2197,5.0,4243.27
478,Darcey,Harberer,Female,65,1961-01-21,62.0,Chief Design Engineer,n/a,Affluent Customer,N,84041 Holy Cross Circle,NSW,Australia,2142,9.0,10411.24
479,Blythe,Keighley,Female,11,1994-08-04,28.0,NA,IT,Mass Customer,N,340 Northview Circle,NSW,Australia,2340,9.0,11361.45
480,Darelle,Ive,U,67,,,Registered Nurse,Health,Mass Customer,N,74011 Manufacturers Street,NSW,Australia,2320,2.0,3179.31
481,Marcella,Manzell,Female,68,1990-04-12,33.0,Programmer IV,Agriculture,Mass Customer,N,30991 Macpherson Parkway,NSW,Australia,2155,2.0,2156.44
482,Gar,Wallis,Male,33,1962-12-19,60.0,NA,Health,Mass Customer,N,40504 Tennyson Drive,NSW,Australia,2046,10.0,12435.64
483,Bertrand,Penkethman,Male,35,1973-05-02,50.0,Sales Representative,Retail,Affluent Customer,N,76369 Ridge Oak Place,VIC,Australia,3162,7.0,9472.66
484,Mason,Kohrsen,Male,64,1974-04-24,49.0,Programmer IV,Manufacturing,Mass Customer,N,51188 Annamark Hill,NSW,Australia,2037,5.0,6267.98
485,Ulrika,Steagall,Female,23,1974-11-08,48.0,Statistician III,Manufacturing,High Net Worth,N,00976 Sundown Lane,NSW,Australia,2428,6.0,3915.25
486,Prudi,Edon,Female,0,1955-12-30,67.0,Technical Writer,Manufacturing,Affluent Customer,N,87 Stone Corner Park,VIC,Australia,3141,5.0,7716.72
487,Elayne,Braiden,Female,70,1979-09-19,43.0,Food Chemist,Health,Mass Customer,N,9 Westridge Road,VIC,Australia,3178,2.0,1875.15
488,Domini,Ghelerdini,Female,24,1980-07-11,42.0,Help Desk Operator,Property,Mass Customer,N,4671 Buell Trail,VIC,Australia,3564,7.0,5951.79
489,Tresa,Reeks,Female,18,1971-05-31,52.0,Senior Editor,Retail,Mass Customer,N,3743 Melody Avenue,VIC,Australia,3550,5.0,6526.34
490,Lida,Boynton,Female,44,1992-06-15,31.0,Environmental Tech,Agriculture,Mass Customer,N,8670 Pine View Street,VIC,Australia,3070,9.0,11744.10
491,Andrea,Funcheon,Male,45,1976-02-20,47.0,Speech Pathologist,Property,Affluent Customer,N,31 Twin Pines Trail,VIC,Australia,3775,7.0,7287.93
492,Pail,Ashplant,Male,54,1976-04-28,47.0,Environmental Tech,Financial Services,Mass Customer,N,11731 3rd Hill,VIC,Australia,3004,4.0,5248.15
493,Tommie,Banbridge,Female,83,1960-09-13,62.0,Electrical Engineer,Manufacturing,Mass Customer,N,411 Lien Place,QLD,Australia,4226,3.0,607.78
494,Gaby,,Male,33,1975-06-02,48.0,Design Engineer,Manufacturing,Mass Customer,N,431 Ilene Center,NSW,Australia,2026,3.0,3371.34
495,Lucius,Prescott,Male,91,1959-02-21,64.0,VP Accounting,Financial Services,Mass Customer,N,4 Pond Parkway,VIC,Australia,3185,6.0,7036.22
496,Korry,Cosgrove,Female,25,1976-01-28,47.0,Engineer II,Financial Services,Affluent Customer,N,61293 Delladonna Way,NSW,Australia,2015,4.0,3612.19
497,Allissa,Brinklow,Female,96,1974-01-09,49.0,NA,Property,Mass Customer,N,6390 Truax Park,VIC,Australia,3012,4.0,2772.15
498,Emmalee,Sketcher,Female,58,1978-04-30,45.0,VP Sales,Manufacturing,High Net Worth,N,470 Bunting Center,NSW,Australia,2447,7.0,6661.53
499,Dalli,Baggally,Male,39,1961-03-15,62.0,Budget/Accounting Analyst III,Financial Services,Affluent Customer,N,02 Boyd Crossing,VIC,Australia,3143,11.0,9984.35
500,Lazar,Crathern,Male,19,1992-04-11,31.0,Recruiting Manager,Retail,Affluent Customer,N,2639 Brown Road,VIC,Australia,3910,8.0,10172.10
501,Henrieta,MacClancey,Female,94,1977-06-10,46.0,Environmental Specialist,n/a,High Net Worth,N,0897 Little Fleur Way,VIC,Australia,3621,4.0,3269.40
502,Rica,Raveau,Female,39,1970-12-24,52.0,Teacher,Manufacturing,Mass Customer,N,353 Stuart Trail,QLD,Australia,4702,5.0,4852.31
503,Burr,Gerb,Male,87,1989-07-19,33.0,Dental Hygienist,Health,Affluent Customer,N,9 Rowland Road,NSW,Australia,2133,4.0,3750.26
504,Vinny,Hegley,Male,93,1995-04-25,28.0,Environmental Tech,Manufacturing,High Net Worth,N,830 Summit Center,VIC,Australia,3075,8.0,6595.02
505,Wylma,Elsy,Female,40,1966-12-01,56.0,NA,n/a,High Net Worth,N,4754 Moulton Alley,NSW,Australia,2069,5.0,4941.04
506,Brett,Scrancher,Female,43,1985-02-14,38.0,Health Coach II,Retail,Mass Customer,N,808 Debra Center,VIC,Australia,3911,10.0,14729.98
507,Gwen,Jakubczyk,Female,98,1971-07-05,51.0,NA,Health,Mass Customer,N,8739 Service Park,NSW,Australia,2250,8.0,8567.79
508,Abagail,Tordiffe,Female,94,1971-01-18,52.0,Project Manager,Property,Mass Customer,N,4 Thackeray Pass,NSW,Australia,2487,6.0,7982.30
509,Tobe,Vamplew,Male,64,1979-08-06,43.0,Developer II,Financial Services,Affluent Customer,N,9 Bayside Hill,QLD,Australia,4123,6.0,6017.45
510,Sheilah,Blackmore,Female,61,1992-06-15,31.0,NA,n/a,Mass Customer,N,20373 Kensington Pass,NSW,Australia,2151,2.0,3333.38
511,Theo,Tolmie,Female,92,1982-12-02,40.0,Dental Hygienist,Health,High Net Worth,N,7 Hooker Place,NSW,Australia,2428,5.0,3568.39
512,Sigfried,Semken,Male,76,1955-04-15,68.0,VP Accounting,Financial Services,Mass Customer,N,089 Old Shore Point,VIC,Australia,3156,4.0,4233.95
513,Kienan,Soar,U,30,,,Tax Accountant,IT,Mass Customer,N,5723 Raven Drive,VIC,Australia,3126,5.0,6704.63
514,Trent,,Male,9,1996-06-20,27.0,Associate Professor,Financial Services,Mass Customer,N,08501 Kropf Trail,VIC,Australia,3152,5.0,7401.06
515,Winna,Verny,Female,55,1989-09-04,33.0,Help Desk Operator,IT,High Net Worth,N,12845 Paget Lane,NSW,Australia,2026,9.0,10273.05
516,Craggy,Loadsman,Male,23,1958-01-07,65.0,Environmental Tech,Financial Services,Mass Customer,N,1 Vidon Pass,NSW,Australia,2233,10.0,11597.13
517,Iona,Fidgeon,Female,73,1985-08-20,37.0,Chief Design Engineer,Property,Mass Customer,N,590 Hayes Court,NSW,Australia,2027,6.0,6131.93
518,Bernhard,Senett,Male,60,1991-04-28,32.0,Database Administrator IV,Retail,Mass Customer,N,49503 Sachtjen Circle,QLD,Australia,4208,3.0,3288.99
519,Rabi,Nissle,Male,83,2000-04-07,23.0,NA,n/a,Mass Customer,N,2595 Grover Drive,VIC,Australia,3124,4.0,4470.85
520,Jazmin,Neumann,Female,66,1964-08-09,58.0,VP Quality Control,Financial Services,Affluent Customer,N,3169 Old Gate Point,NSW,Australia,2211,5.0,3478.03
521,Peri,Hovie,Female,29,1978-12-19,44.0,Help Desk Operator,Health,High Net Worth,N,90974 Chinook Parkway,NSW,Australia,2564,2.0,1369.98
522,Lynnelle,Comettoi,Female,64,1976-11-05,46.0,NA,n/a,Affluent Customer,N,75790 Towne Avenue,QLD,Australia,4221,4.0,4093.82
523,Elberta,Tixall,Female,44,1974-11-24,48.0,Senior Financial Analyst,Financial Services,Affluent Customer,N,62 Northport Lane,NSW,Australia,2049,6.0,6485.21
524,Florence,Held,Female,16,1962-09-09,60.0,Nurse,Retail,Mass Customer,N,84 Calypso Circle,VIC,Australia,3690,7.0,7390.56
525,Lennard,Donizeau,Male,64,1980-02-12,43.0,Chemical Engineer,Manufacturing,Mass Customer,N,81848 Amoth Road,VIC,Australia,3282,8.0,10894.32
526,Ardelle,,U,9,,,Social Worker,Health,Mass Customer,N,27230 7th Place,NSW,Australia,2068,3.0,2674.66
527,Lorilyn,Topaz,Female,81,1990-10-19,32.0,VP Quality Control,Financial Services,Mass Customer,N,1 Cordelia Alley,NSW,Australia,2261,2.0,3042.35
528,Gayel,Downs,Female,10,1979-06-06,44.0,Registered Nurse,Health,Mass Customer,N,80 Lakewood Street,NSW,Australia,2576,7.0,8966.62
529,Sandor,Tumber,Male,18,1989-07-21,33.0,Operator,Retail,Affluent Customer,N,66834 Melby Way,NSW,Australia,2160,6.0,6498.74
530,Townie,Perez,Male,2,1974-09-24,48.0,Recruiter,Manufacturing,Mass Customer,N,35796 Buhler Plaza,VIC,Australia,3108,3.0,2816.79
531,Modesty,Fletcher,Female,94,1993-08-26,29.0,Senior Cost Accountant,Financial Services,High Net Worth,N,306 Longview Street,NSW,Australia,2145,6.0,4556.23
532,Row,Mawditt,Female,25,1961-01-14,62.0,Community Outreach Specialist,Financial Services,Affluent Customer,N,39632 Michigan Park,QLD,Australia,4165,6.0,7503.27
533,Conny,Shearmer,Male,40,1981-12-14,41.0,Database Administrator III,Retail,Mass Customer,N,1038 Hayes Point,NSW,Australia,2021,6.0,8672.62
534,Madel,Palffrey,Female,2,1954-08-16,68.0,Systems Administrator I,n/a,Mass Customer,N,46 Eastlawn Lane,NSW,Australia,2218,8.0,9324.36
535,Gracie,Merrifield,Female,67,1993-05-04,30.0,NA,n/a,Affluent Customer,N,12 Monument Alley,VIC,Australia,3124,2.0,1679.29
536,Jannelle,Leist,Female,64,1959-04-07,64.0,Recruiting Manager,Manufacturing,Affluent Customer,N,64700 2nd Alley,NSW,Australia,2145,4.0,4912.82
537,Raine,Sneezum,Female,16,1989-03-26,34.0,Structural Engineer,Entertainment,High Net Worth,N,999 Huxley Hill,NSW,Australia,2190,3.0,2018.54
538,Millicent,Wiffler,Female,33,1956-10-21,66.0,Chemical Engineer,Manufacturing,Mass Customer,N,311 Emmet Point,QLD,Australia,4211,7.0,10091.47
539,Hobie,Knappett,Male,53,1975-08-10,47.0,NA,Health,High Net Worth,N,000 Jana Hill,VIC,Australia,3170,8.0,7343.88
540,Tresa,Dy,Female,80,2001-04-28,22.0,Chemical Engineer,Manufacturing,Mass Customer,N,7671 Oak Valley Junction,NSW,Australia,2170,6.0,4982.26
541,Annissa,Balmforth,Female,23,1966-01-01,57.0,NA,Manufacturing,Affluent Customer,N,8304 Derek Park,VIC,Australia,3130,5.0,6244.03
542,Berri,McManamen,Female,78,1967-01-14,56.0,Accountant III,Manufacturing,Mass Customer,N,8635 Cody Crossing,NSW,Australia,2337,6.0,6399.45
543,Mikey,Rizzetti,Male,9,1973-08-03,49.0,Account Coordinator,Retail,Affluent Customer,N,20 Debs Road,NSW,Australia,2307,5.0,5127.44
544,Giacomo,Johanning,Male,51,1990-10-12,32.0,Structural Engineer,Manufacturing,High Net Worth,N,858 Independence Terrace,NSW,Australia,2121,4.0,3185.16
545,Alecia,Crosse,Female,43,1978-06-04,45.0,Project Manager,Health,Mass Customer,N,142 Cambridge Place,NSW,Australia,2761,6.0,9605.09
546,Jorie,Pigott,Female,80,1981-02-24,42.0,Information Systems Manager,Health,Mass Customer,N,20198 Hansons Plaza,NSW,Australia,2340,5.0,7164.90
547,Andee,Robjant,Female,22,1996-05-14,27.0,Sales Associate,Health,Mass Customer,N,04678 Elka Crossing,NSW,Australia,2745,6.0,5913.53
548,Georgie,Cudbertson,U,84,,,,IT,High Net Worth,N,5 Farmco Junction,QLD,Australia,4127,7.0,5757.02
549,Abrahan,Luckman,Male,84,1985-06-15,38.0,Human Resources Manager,Retail,Mass Customer,N,2 East Circle,NSW,Australia,2716,8.0,7971.78
550,Emeline,Jorioz,Female,16,1976-07-10,46.0,NA,Retail,Mass Customer,N,1949 Pepper Wood Pass,VIC,Australia,3168,5.0,4546.57
551,Florence,Muldoon,Female,8,1987-08-10,35.0,Structural Engineer,Financial Services,High Net Worth,N,7901 Park Meadow Plaza,VIC,Australia,3076,4.0,3277.64
552,Hilly,Kleinmann,Male,66,1978-09-09,44.0,Geological Engineer,Manufacturing,High Net Worth,N,58 Maywood Place,NSW,Australia,2750,4.0,2605.17
553,Charlean,Fantone,Female,62,1979-05-12,44.0,Senior Sales Associate,Agriculture,Affluent Customer,N,532 Bartillon Circle,NSW,Australia,2166,6.0,7486.55
554,Esmaria,Dobbison,Female,33,1955-05-06,68.0,Graphic Designer,Health,Mass Customer,N,032 Kenwood Circle,NSW,Australia,2031,3.0,2306.38
555,Jarib,Senior,Male,99,1970-11-08,52.0,Junior Executive,Property,Mass Customer,N,67 8th Terrace,VIC,Australia,3564,4.0,5261.73
556,Oralia,Gifford,Female,69,1957-09-08,65.0,Junior Executive,n/a,Mass Customer,N,06008 Anthes Pass,NSW,Australia,2478,5.0,6960.33
557,Cassie,Morley,Female,67,1961-06-02,62.0,NA,Manufacturing,Affluent Customer,N,956 Mccormick Place,QLD,Australia,4127,2.0,1834.45
558,Allene,Claypole,Female,96,1973-05-25,50.0,Programmer Analyst III,n/a,Mass Customer,N,6 Eggendart Circle,VIC,Australia,3016,7.0,8079.68
559,Erma,Vyel,Female,39,1988-03-05,35.0,Payment Adjustment Coordinator,Retail,High Net Worth,N,1 Service Alley,NSW,Australia,2116,4.0,4087.96
560,Dorree,Sanja,Female,1,1953-10-11,69.0,Social Worker,Health,Affluent Customer,N,62117 Trailsway Place,VIC,Australia,3356,6.0,7606.63
561,Karin,Burkill,Female,99,1977-08-15,45.0,Tax Accountant,n/a,Mass Customer,N,4 Graedel Parkway,NSW,Australia,2560,6.0,6794.93
562,Lindy,Fitzpayn,Female,88,1970-06-06,53.0,Marketing Assistant,n/a,Mass Customer,N,311 Chive Way,QLD,Australia,4680,5.0,5230.60
563,Rube,Itzhayek,Male,25,1974-09-20,48.0,Accounting Assistant II,IT,Mass Customer,N,9161 Hoepker Street,QLD,Australia,4740,7.0,6568.40
564,Nettie,Iddy,Female,7,1983-11-07,39.0,Operator,Retail,High Net Worth,N,19 Lakewood Gardens Way,NSW,Australia,2760,6.0,5736.15
565,Saleem,Meller,Male,30,1959-10-02,63.0,Civil Engineer,Manufacturing,Mass Customer,N,5861 Browning Park,NSW,Australia,2065,10.0,12454.34
566,Datha,McPheat,Female,66,1978-12-09,44.0,Systems Administrator I,Financial Services,High Net Worth,N,396 Butternut Point,NSW,Australia,2230,3.0,1865.68
567,Hashim,O'Leahy,Male,73,1965-07-08,57.0,NA,Financial Services,Affluent Customer,N,04 Hansons Street,NSW,Australia,2087,4.0,1621.62
568,Quinn,Fulks,Male,32,1957-12-15,65.0,VP Sales,Manufacturing,Mass Customer,N,8601 Cardinal Court,QLD,Australia,4505,7.0,6378.76
569,Jaime,Warkup,Male,30,1976-01-31,47.0,Analog Circuit Design manager,IT,Mass Customer,N,35631 Colorado Crossing,NSW,Australia,2630,4.0,7560.33
570,Xever,Baldetti,Male,14,1978-06-24,45.0,VP Product Management,Financial Services,Mass Customer,N,446 Dottie Court,NSW,Australia,2225,6.0,7501.93
571,Ramonda,McKellar,Female,30,1958-02-15,65.0,Assistant Media Planner,Entertainment,Mass Customer,N,37 Ilene Hill,VIC,Australia,3121,3.0,4111.67
572,Clementius,Everington,Male,0,1967-05-01,56.0,Clinical Specialist,Health,High Net Worth,N,909 Browning Crossing,VIC,Australia,3013,6.0,3453.38
573,Maurits,Kix,Male,39,1994-03-07,29.0,General Manager,n/a,Mass Customer,N,8498 Hoepker Circle,VIC,Australia,3136,2.0,2449.81
574,Gerard,Steketee,Male,95,1990-04-09,33.0,Senior Cost Accountant,Financial Services,Mass Customer,N,7 Claremont Court,NSW,Australia,2111,4.0,5279.52
575,Etan,Poyle,Male,64,1956-06-10,67.0,VP Accounting,Financial Services,High Net Worth,N,64 Hayes Circle,NSW,Australia,2209,2.0,2179.35
576,Bart,Eakle,Male,98,1977-05-19,46.0,Recruiter,Retail,Mass Customer,N,44 Bunting Parkway,NSW,Australia,2106,6.0,9475.42
577,Nadean,Fielding,Female,41,1956-04-08,67.0,NA,Property,Mass Customer,N,8 Pawling Alley,VIC,Australia,3930,11.0,11999.11
578,Charyl,Haimes,Female,72,1995-01-24,28.0,Web Developer I,n/a,High Net Worth,N,4 Carioca Way,VIC,Australia,3182,7.0,5379.06
579,Cathlene,Bellas,Female,89,1974-06-11,49.0,Software Engineer II,Health,Mass Customer,N,4559 Stoughton Lane,NSW,Australia,2097,9.0,11012.97
580,Johnathan,Audiss,Male,83,1975-12-03,47.0,Compensation Analyst,Financial Services,Mass Customer,N,7046 Surrey Road,NSW,Australia,2287,5.0,4456.28
581,Brenna,Dacks,Female,32,1969-05-22,54.0,Computer Systems Analyst IV,Financial Services,Mass Customer,N,58821 Warbler Crossing,NSW,Australia,2291,4.0,5950.64
582,Rhoda,McKeown,U,21,,,Staff Scientist,IT,Affluent Customer,N,95 Delladonna Plaza,NSW,Australia,2283,4.0,4163.06
583,Tirrell,Haysham,Male,97,1986-04-14,37.0,Registered Nurse,Health,Mass Customer,N,8 Sommers Circle,NSW,Australia,2305,4.0,4695.49
584,Fiona,Clines,Female,10,1995-09-15,27.0,Tax Accountant,Manufacturing,Affluent Customer,N,3 Lunder Place,NSW,Australia,2300,4.0,3855.60
585,Tiphany,Bonnier,Female,66,1978-04-20,45.0,Pharmacist,Health,Mass Customer,N,93098 Loftsgordon Pass,QLD,Australia,4179,7.0,8587.49
586,Jayme,Baunton,Female,63,1999-03-15,24.0,Chief Design Engineer,Manufacturing,Mass Customer,N,61493 Manufacturers Junction,NSW,Australia,2539,4.0,4709.07
587,Adolphus,Seers,Male,43,1966-05-27,57.0,Registered Nurse,Health,Mass Customer,N,1192 Declaration Hill,VIC,Australia,3207,7.0,7377.61
588,Gunther,Jackman,Male,15,1963-10-05,59.0,Assistant Media Planner,Entertainment,Mass Customer,N,62 Cherokee Terrace,NSW,Australia,2630,5.0,6053.33
589,Duff,Anan,Male,76,1995-12-07,27.0,Compensation Analyst,Financial Services,Mass Customer,N,01736 Saint Paul Way,NSW,Australia,2154,3.0,3716.01
590,Ddene,Burleton,Female,85,1988-09-09,34.0,Assistant Professor,Health,Mass Customer,N,9816 Carberry Trail,NSW,Australia,2036,12.0,15439.60
591,Sydney,Endacott,Male,16,1974-10-02,48.0,Business Systems Development Analyst,Entertainment,Affluent Customer,N,36912 Gina Pass,NSW,Australia,2133,2.0,1083.80
592,Edik,Connichie,Male,73,1992-09-24,30.0,VP Sales,Manufacturing,Mass Customer,N,86857 Hoepker Lane,QLD,Australia,4300,4.0,3192.94
593,Eugenius,Packe,Male,64,1984-08-07,38.0,Structural Analysis Engineer,n/a,Mass Customer,N,8435 Arkansas Terrace,NSW,Australia,2340,6.0,6075.91
594,Humfrey,Frankland,Male,74,1980-07-22,42.0,Office Assistant II,n/a,Mass Customer,N,25 Novick Center,NSW,Australia,2010,9.0,12386.47
595,Nikola,Jeanon,Male,72,1973-05-12,50.0,VP Marketing,Financial Services,Mass Customer,N,0278 Elka Place,QLD,Australia,4305,3.0,3268.42
596,Sue,Chapelhow,Female,9,1968-10-20,54.0,Recruiter,Property,Affluent Customer,N,067 Cottonwood Park,QLD,Australia,4340,3.0,4864.71
597,Cassandra,Aucoate,Female,6,1954-12-10,68.0,Recruiter,Manufacturing,Mass Customer,N,60010 Knutson Road,VIC,Australia,3137,5.0,4299.40
598,Zebulen,Swadon,Male,25,1967-06-27,56.0,Financial Advisor,Financial Services,High Net Worth,N,945 Hayes Park,NSW,Australia,2075,7.0,4071.78
599,Ernestus,Cruden,U,48,,,Senior Financial Analyst,Financial Services,Mass Customer,N,86 Huxley Parkway,VIC,Australia,3068,5.0,7250.75
600,Duke,Allnatt,Male,65,1974-05-10,49.0,Nurse,Agriculture,Mass Customer,N,0 Rigney Way,NSW,Australia,2148,3.0,3893.54
601,Ken,Renfree,Male,56,1992-12-04,30.0,Senior Quality Engineer,Retail,High Net Worth,N,71 Meadow Ridge Parkway,NSW,Australia,2539,5.0,3229.74
602,Lebbie,Bruck,Female,0,1992-03-28,31.0,Office Assistant II,n/a,High Net Worth,N,506 Iowa Center,QLD,Australia,4580,5.0,4485.75
603,Alidia,Durrett,Female,28,1987-04-18,36.0,Marketing Assistant,Financial Services,Affluent Customer,N,846 Clove Junction,QLD,Australia,4300,7.0,9319.74
604,Mella,Petrovsky,Female,72,1998-02-10,25.0,Help Desk Operator,IT,Affluent Customer,N,07 Pepper Wood Way,NSW,Australia,2750,6.0,8162.76
605,Bart,Creenan,Male,13,1972-03-26,51.0,Electrical Engineer,Manufacturing,Mass Customer,N,425 Thierer Junction,NSW,Australia,2761,8.0,9533.58
606,Filia,Rosson,Female,62,1989-07-16,33.0,Chemical Engineer,Manufacturing,Mass Customer,N,876 Ridgeview Circle,NSW,Australia,2566,6.0,6229.09
607,Adelaida,Redmond,Female,55,1976-08-10,46.0,Dental Hygienist,Health,Mass Customer,N,00164 Canary Drive,NSW,Australia,2041,10.0,14041.54
608,Alisun,Heinecke,Female,55,1980-01-08,43.0,Accounting Assistant I,Retail,High Net Worth,N,61 Talmadge Lane,QLD,Australia,4504,8.0,7902.38
609,Margalit,Dorwood,Female,32,2000-11-06,22.0,Computer Systems Analyst II,Health,Mass Customer,N,55 Birchwood Alley,NSW,Australia,2176,4.0,3937.44
610,Hyatt,Craine,Male,45,1958-03-16,65.0,Help Desk Technician,Financial Services,Mass Customer,N,3785 Dapin Drive,NSW,Australia,2036,9.0,9177.07
611,Otto,Huriche,Male,58,1986-12-20,36.0,Help Desk Technician,Manufacturing,Mass Customer,N,83 Ryan Hill,QLD,Australia,4551,8.0,11185.01
612,Grange,Skillington,Male,50,1962-01-12,61.0,GIS Technical Architect,Health,Mass Customer,N,679 Huxley Trail,NSW,Australia,2087,5.0,5934.48
613,Carolann,O'Hallagan,Female,4,1989-11-14,33.0,Analyst Programmer,Property,High Net Worth,N,2 Hoffman Way,NSW,Australia,2212,6.0,4755.84
614,Nonnah,Johns,Female,45,1995-09-12,27.0,NA,Manufacturing,Mass Customer,N,786 Rowland Court,NSW,Australia,2035,9.0,9515.65
615,Rebeca,Martonfi,Female,93,1956-05-11,67.0,Human Resources Assistant I,Property,Mass Customer,N,375 Drewry Alley,QLD,Australia,4120,4.0,6230.81
616,Perl,Bysaker,Female,36,1995-07-13,27.0,NA,Health,High Net Worth,N,608 Basil Alley,NSW,Australia,2306,4.0,4654.68
617,Idell,Cole,Female,81,1960-08-01,62.0,Director of Sales,Property,Mass Customer,N,9 Schmedeman Hill,QLD,Australia,4075,4.0,3917.23
618,Lucho,Mitie,Male,17,1962-04-05,61.0,Electrical Engineer,Manufacturing,Affluent Customer,N,95022 Roth Terrace,VIC,Australia,3975,2.0,2701.07
619,Finn,Dahlman,Male,39,1977-08-14,45.0,Speech Pathologist,Property,Mass Customer,N,66897 Pawling Circle,NSW,Australia,2066,7.0,8072.42
620,Willy,Langley,Female,54,1973-03-26,50.0,Financial Analyst,Financial Services,Mass Customer,N,1 Thackeray Crossing,QLD,Australia,4114,8.0,6506.61
621,Constantin,Giacobbo,Male,78,1964-11-29,58.0,Systems Administrator III,n/a,High Net Worth,N,363 Schiller Court,NSW,Australia,2763,9.0,9875.83
622,Arri,Lamden,Male,18,1968-10-18,54.0,NA,Financial Services,Mass Customer,N,1923 Fisk Lane,QLD,Australia,4341,3.0,4954.08
623,Hazel,Brokenshire,Male,52,1988-04-23,35.0,Health Coach II,Property,High Net Worth,N,4 Loeprich Avenue,QLD,Australia,4022,3.0,4061.83
624,Winny,Girtin,Male,44,1976-01-13,47.0,Research Assistant II,Manufacturing,Mass Customer,N,575 Prentice Road,NSW,Australia,2168,3.0,5079.93
625,Abra,Probets,Female,33,1974-11-27,48.0,Assistant Media Planner,Entertainment,High Net Worth,N,8 Melrose Road,QLD,Australia,4116,6.0,3260.74
626,Albrecht,Forty,Male,12,1992-11-24,30.0,Geological Engineer,Manufacturing,Mass Customer,N,226 Rowland Street,QLD,Australia,4178,9.0,9169.29
627,Shanta,Knill,Female,24,1970-09-24,52.0,NA,n/a,High Net Worth,N,6 Springs Junction,QLD,Australia,4123,5.0,5192.58
628,Mallissa,Gillespie,Female,14,1981-10-24,41.0,Actuary,Financial Services,Mass Customer,N,4744 Garrison Drive,QLD,Australia,4132,5.0,6041.27
629,Basil,Brellin,Male,29,1960-12-06,62.0,Chemical Engineer,Manufacturing,High Net Worth,N,64 Nelson Drive,QLD,Australia,4820,8.0,4862.75
630,D'arcy,Rowden,Male,90,1986-08-11,36.0,Statistician III,Property,Affluent Customer,N,87 Linden Park,NSW,Australia,2153,7.0,9406.55
631,Ortensia,Dronsfield,Female,33,1966-09-14,56.0,Computer Systems Analyst I,Health,Affluent Customer,N,329 Glacier Hill Alley,VIC,Australia,3076,6.0,3785.35
632,Angeli,O'Hegertie,Male,67,1998-04-26,25.0,General Manager,Health,Mass Customer,N,725 Cordelia Junction,VIC,Australia,3028,3.0,3911.85
633,Alair,Hopkins,Male,51,1986-03-12,37.0,Nurse,n/a,High Net Worth,N,32 Cody Place,QLD,Australia,4035,7.0,5322.56
634,Melonie,Zisneros,Female,35,1978-01-30,45.0,Speech Pathologist,Manufacturing,Mass Customer,N,04 Namekagon Pass,NSW,Australia,2326,8.0,8800.26
635,Joelle,Prior,Female,78,1976-09-25,46.0,Programmer Analyst IV,n/a,Mass Customer,N,165 Petterle Place,NSW,Australia,2145,6.0,4510.46
636,Alejandrina,Canavan,Female,42,1971-09-02,51.0,Systems Administrator II,n/a,Mass Customer,N,8 Golf Drive,NSW,Australia,2747,7.0,7808.71
637,Mercy,Wilsone,Female,60,1976-09-23,46.0,Health Coach I,Health,High Net Worth,N,9427 Tennyson Plaza,NSW,Australia,2759,13.0,10668.27
638,Joey,Ledram,Male,19,1967-04-29,56.0,NA,Manufacturing,High Net Worth,N,8300 Vermont Center,VIC,Australia,3429,8.0,8161.88
639,Mayor,Ismay,Male,51,1974-06-03,49.0,Nuclear Power Engineer,Manufacturing,Mass Customer,N,44 Upham Crossing,NSW,Australia,2148,6.0,6324.91
640,Galvin,O'Keenan,Male,12,1975-07-12,47.0,Librarian,Entertainment,High Net Worth,N,18 Forest Avenue,NSW,Australia,2204,8.0,8264.98
641,Foster,Haysar,Male,86,1974-11-21,48.0,Accounting Assistant I,Manufacturing,Affluent Customer,N,049 Michigan Parkway,VIC,Australia,3337,4.0,4426.71
642,Les,Mines,Male,9,1972-12-19,50.0,Automation Specialist IV,Property,Mass Customer,N,831 Hayes Park,QLD,Australia,4218,7.0,5304.37
643,Carolee,Butters,Female,48,1982-12-29,40.0,Assistant Media Planner,Entertainment,Mass Customer,N,491 Merry Crossing,VIC,Australia,3011,4.0,5576.74
644,Tomlin,Hastwall,Male,59,1999-12-22,23.0,Administrative Officer,Health,Affluent Customer,N,598 Randy Way,NSW,Australia,2380,3.0,1808.74
645,Randolf,Durant,Male,50,1971-04-01,52.0,Analyst Programmer,n/a,High Net Worth,N,5873 Hagan Park,VIC,Australia,3015,7.0,7252.41
646,Rowena,Parchment,Female,3,1973-07-22,49.0,Human Resources Manager,Manufacturing,Affluent Customer,N,3 Erie Hill,VIC,Australia,3564,4.0,5302.88
647,Stanislas,Baildon,Male,61,1957-01-23,66.0,Assistant Manager,Retail,Mass Customer,N,678 Old Gate Pass,VIC,Australia,3171,9.0,11790.92
648,Gardiner,Nutley,Male,86,1978-06-04,45.0,Accountant II,Financial Services,Mass Customer,N,9 Mayfield Road,QLD,Australia,4551,7.0,8410.93
649,Krissie,Dinan,Female,23,1974-12-07,48.0,Legal Assistant,Financial Services,Mass Customer,N,41759 Crowley Circle,NSW,Australia,2560,5.0,3367.73
650,Matthew,Petschelt,Male,81,1977-10-24,45.0,Assistant Manager,Health,Mass Customer,N,9892 Dennis Alley,NSW,Australia,2565,6.0,7604.41
651,Minni,Deegin,Female,76,1973-10-24,49.0,Tax Accountant,Health,Affluent Customer,N,58729 Moland Trail,NSW,Australia,2035,3.0,5028.17
652,Edee,Stoker,Female,62,1996-11-24,26.0,Staff Scientist,Financial Services,High Net Worth,N,36360 Coleman Trail,VIC,Australia,3850,9.0,7423.38
653,Maxy,Hurles,Male,68,1968-01-28,55.0,Graphic Designer,Financial Services,Affluent Customer,N,67 Aberg Hill,NSW,Australia,2519,5.0,5029.76
654,Noelani,Andreuzzi,Female,2,1993-05-19,30.0,Administrative Officer,Manufacturing,Affluent Customer,N,88 La Follette Way,NSW,Australia,2166,4.0,4666.55
655,Stuart,Gebhardt,Male,64,1974-11-25,48.0,General Manager,Manufacturing,Affluent Customer,N,2884 Welch Lane,VIC,Australia,3807,6.0,8876.49
656,Marty,Lebreton,Female,80,1978-11-17,44.0,Automation Specialist III,Manufacturing,High Net Worth,N,60 Meadow Vale Hill,VIC,Australia,3032,8.0,6577.62
657,Hoyt,,Male,66,1993-02-18,30.0,Safety Technician II,Manufacturing,Affluent Customer,N,9912 Eagle Crest Lane,QLD,Australia,4800,6.0,7515.66
658,Donn,Bonnell,Male,38,1944-01-24,79.0,Tax Accountant,Manufacturing,Affluent Customer,N,355 Thackeray Circle,VIC,Australia,3025,5.0,5807.59
659,Natalee,Stringman,Female,44,1979-10-09,43.0,NA,Financial Services,Affluent Customer,N,56 Anniversary Avenue,NSW,Australia,2121,3.0,5140.61
660,Stormi,,Female,82,1995-07-29,27.0,Geological Engineer,Manufacturing,High Net Worth,N,14 Autumn Leaf Avenue,NSW,Australia,2570,4.0,3866.66
661,Cinderella,Haslen,Female,35,1988-05-07,35.0,Sales Associate,IT,High Net Worth,N,30274 Graedel Way,NSW,Australia,2577,6.0,4893.46
662,Bonnibelle,Imos,Female,41,1967-07-04,55.0,Chemical Engineer,Manufacturing,Mass Customer,N,74013 Mesta Terrace,VIC,Australia,3084,7.0,7491.70
663,Massimo,Seymour,Male,27,1997-07-17,25.0,VP Sales,Property,Affluent Customer,N,15 Lindbergh Center,NSW,Australia,2199,4.0,5447.21
664,Mathe,Scatcher,Male,38,1994-10-05,28.0,Research Nurse,Health,High Net Worth,N,3 Corscot Hill,QLD,Australia,4870,5.0,2498.90
665,Chan,Kirckman,Male,82,1997-04-19,26.0,Human Resources Assistant I,n/a,Mass Customer,N,77006 Nelson Point,QLD,Australia,4171,8.0,9622.35
666,Anselma,Ricardon,Female,82,1983-11-01,39.0,Social Worker,Health,High Net Worth,N,25 Mesta Plaza,VIC,Australia,3975,5.0,4050.39
667,Nicoline,Samwayes,Female,62,1994-03-19,29.0,Payment Adjustment Coordinator,Manufacturing,High Net Worth,N,1349 Namekagon Crossing,NSW,Australia,2134,5.0,4435.25
668,Ebony,Threadgall,Female,61,1966-08-26,56.0,Junior Executive,Health,Mass Customer,N,186 Shasta Avenue,NSW,Australia,2066,7.0,8869.57
669,Fleur,Whittlesea,Female,73,1980-11-02,42.0,Research Associate,n/a,Mass Customer,N,48 Warbler Road,QLD,Australia,4053,11.0,14227.10
670,Janifer,Pountain,Female,75,1992-11-09,30.0,Business Systems Development Analyst,Retail,Affluent Customer,N,756 Farragut Place,QLD,Australia,4740,4.0,4934.06
671,Aristotle,Vanni,Male,49,1984-07-25,38.0,NA,Agriculture,Mass Customer,N,197 Mifflin Hill,NSW,Australia,2260,6.0,7929.43
672,Kleon,Pallatina,Male,53,1977-01-12,46.0,Analog Circuit Design manager,Retail,High Net Worth,N,618 Independence Pass,NSW,Australia,2800,3.0,3915.34
673,Artie,Ommanney,Male,35,1975-06-27,48.0,VP Sales,Health,Mass Customer,N,2836 Morning Drive,NSW,Australia,2304,5.0,3956.95
674,Dalila,Rosel,Female,61,1954-08-22,68.0,Developer II,n/a,Mass Customer,N,8 Lawn Hill,VIC,Australia,3752,6.0,6795.20
675,Sharl,Wiggin,Female,37,1976-12-19,46.0,Administrative Assistant I,Financial Services,Mass Customer,N,99 Cascade Crossing,NSW,Australia,2048,3.0,4204.51
676,Curtis,,Male,51,1968-05-19,55.0,Senior Editor,n/a,High Net Worth,N,4 Sunfield Circle,NSW,Australia,2194,6.0,5361.03
677,El,Toupe,Male,59,1997-07-28,25.0,Senior Cost Accountant,Financial Services,Mass Customer,N,5 Lyons Alley,NSW,Australia,2216,5.0,4667.85
678,Ambur,Symcoxe,Female,57,1995-08-31,27.0,Accounting Assistant II,IT,High Net Worth,N,96910 Sugar Point,QLD,Australia,4352,4.0,2786.79
679,Yolande,Whild,Female,29,1974-10-21,48.0,Registered Nurse,Health,Mass Customer,N,558 Maple Court,NSW,Australia,2557,10.0,8300.07
680,Gay,Pickersgill,U,22,,,,IT,High Net Worth,N,9114 Union Center,NSW,Australia,2209,4.0,3575.79
681,Jobyna,Elgey,Female,55,1978-09-18,44.0,VP Product Management,Manufacturing,Mass Customer,N,76 Hanson Junction,NSW,Australia,2147,6.0,6462.37
682,Ole,Euplate,Male,53,1971-03-16,52.0,Health Coach IV,Health,Affluent Customer,N,3 Sheridan Park,NSW,Australia,2548,7.0,9345.26
683,Brennan,Gagen,Male,60,1962-05-16,61.0,NA,Manufacturing,Mass Customer,N,40545 Forster Point,NSW,Australia,2262,5.0,6575.07
684,Malvin,,Male,88,1987-07-03,35.0,Desktop Support Technician,Financial Services,Mass Customer,N,8425 Jackson Terrace,NSW,Australia,2763,8.0,6533.65
685,Booth,Birkin,U,28,,,Senior Developer,IT,Mass Customer,N,39035 Westerfield Plaza,NSW,Australia,2463,6.0,9845.26
686,Hallie,feaver,Female,60,1954-07-17,68.0,GIS Technical Architect,Agriculture,High Net Worth,N,8234 Riverside Park,NSW,Australia,2481,5.0,3206.39
687,Welby,Ninnotti,Male,25,1959-02-10,64.0,Executive Secretary,Retail,High Net Worth,N,4535 Daystar Parkway,NSW,Australia,2072,6.0,3029.44
688,Baron,Bullus,Male,90,1969-02-15,54.0,Junior Executive,Health,High Net Worth,N,95 Fallview Avenue,VIC,Australia,3155,4.0,4252.35
689,Hamnet,Berford,Male,91,1966-05-19,57.0,Senior Developer,Entertainment,High Net Worth,N,75826 Bellgrove Trail,VIC,Australia,3095,3.0,3175.20
690,Lindsey,,Male,95,1987-03-27,36.0,Assistant Professor,n/a,Affluent Customer,N,64080 Susan Park,QLD,Australia,4207,6.0,7019.02
691,Carver,Carwardine,Male,29,1954-08-25,68.0,NA,Financial Services,Affluent Customer,N,8179 Veith Pass,NSW,Australia,2577,8.0,10343.50
692,Goraud,Ayling,Male,42,1987-12-25,35.0,Database Administrator IV,Property,Mass Customer,N,5 Maple Parkway,NSW,Australia,2160,9.0,10464.35
693,Bambi,Hebblethwaite,Female,46,1970-10-27,52.0,NA,Financial Services,Affluent Customer,N,0 Carey Drive,QLD,Australia,4110,5.0,6667.92
694,Lilith,Lanning,Female,66,1968-12-28,54.0,Media Manager III,Health,Mass Customer,N,1 Moose Avenue,NSW,Australia,2017,5.0,4359.78
695,Kevan,Kubal,Male,36,1977-11-30,45.0,Engineer II,Health,High Net Worth,N,02 Bartelt Center,NSW,Australia,2745,8.0,8043.65
696,Arch,Gaitskill,Male,57,1966-02-06,57.0,Programmer Analyst II,n/a,Affluent Customer,N,0650 Sachs Circle,NSW,Australia,2769,7.0,5217.13
697,Weston,Brokenshaw,Male,25,1986-11-29,36.0,Environmental Specialist,Entertainment,Mass Customer,N,16420 Veith Crossing,QLD,Australia,4214,4.0,5888.76
698,Ellette,Fahy,Female,90,1996-07-20,26.0,Human Resources Manager,Manufacturing,High Net Worth,N,81310 Charing Cross Plaza,VIC,Australia,3805,3.0,2995.56
699,Mirabella,Richter,Female,16,1972-08-04,50.0,Account Representative IV,IT,Affluent Customer,N,37430 Merrick Center,NSW,Australia,2770,3.0,3197.77
700,Josias,Mulliner,Male,67,1990-02-20,33.0,NA,Financial Services,Mass Customer,N,6046 Sheridan Way,NSW,Australia,2322,8.0,9350.12
701,Ransell,Ruler,Male,18,1956-05-01,67.0,Food Chemist,Health,Mass Customer,N,537 Packers Street,QLD,Australia,4562,6.0,7328.66
702,Zorina,Bosomworth,Female,72,1960-02-09,63.0,Help Desk Technician,n/a,Mass Customer,N,6 Briar Crest Court,NSW,Australia,2117,3.0,3825.66
703,Ethelda,,Female,66,1966-10-31,56.0,NA,Property,Mass Customer,N,4 Lillian Plaza,NSW,Australia,2283,5.0,7779.90
704,Lindsay,Acaster,Female,49,1998-12-08,24.0,Research Nurse,Health,Mass Customer,N,70836 Colorado Plaza,NSW,Australia,2571,10.0,11375.17
705,Eddie,Yekel,Male,48,1964-01-16,59.0,Quality Engineer,Retail,High Net Worth,N,15 Emmet Street,NSW,Australia,2233,5.0,2109.47
706,Kane,Gaffer,Male,44,1990-01-06,33.0,Media Manager IV,Financial Services,High Net Worth,N,8 Dottie Court,VIC,Australia,3480,6.0,9522.68
707,Homere,Rounds,Male,97,1973-07-23,49.0,Executive Secretary,n/a,Mass Customer,N,520 Stephen Pass,VIC,Australia,3011,6.0,8627.30
708,Idalina,Wilcot,Female,31,1987-02-15,36.0,Safety Technician II,IT,Mass Customer,N,18939 Upham Hill,VIC,Australia,3551,3.0,3149.03
709,Holly,Cavil,Female,83,1979-12-11,43.0,Accountant III,Financial Services,Mass Customer,N,4222 Porter Lane,VIC,Australia,3136,5.0,5948.81
710,Benton,Oakly,Male,76,1970-03-01,53.0,Sales Representative,Retail,High Net Worth,N,1721 Nobel Junction,NSW,Australia,2753,7.0,8057.68
711,Audrey,Vickerman,Female,60,1972-03-03,51.0,NA,n/a,Affluent Customer,N,30550 Pierstorff Lane,VIC,Australia,3093,4.0,3784.83
712,Norine,Antonik,Female,22,1961-05-20,62.0,NA,IT,Mass Customer,N,6 Morning Drive,NSW,Australia,2232,8.0,10457.74
713,Adena,Northedge,Female,34,1994-09-26,28.0,Help Desk Technician,n/a,Mass Customer,N,646 Mariners Cove Place,VIC,Australia,3023,4.0,4564.42
714,Burtie,Scintsbury,Male,12,1964-07-13,58.0,NA,Manufacturing,High Net Worth,N,51 Londonderry Trail,NSW,Australia,2153,11.0,9647.65
715,Royal,Shinn,Male,50,1968-09-07,54.0,Junior Executive,n/a,Mass Customer,N,4086 Darwin Terrace,NSW,Australia,2176,3.0,4278.66
716,Trescha,Preshous,Female,31,1979-11-09,43.0,Social Worker,Health,Mass Customer,N,4033 Hermina Road,NSW,Australia,2304,6.0,7676.42
717,Basilius,Spieck,Male,65,1976-11-20,46.0,VP Product Management,Manufacturing,Mass Customer,N,37 Banding Avenue,NSW,Australia,2567,6.0,4696.91
718,Cathe,Lorriman,Female,38,1978-02-18,45.0,Engineer I,Manufacturing,Mass Customer,N,8080 Victoria Plaza,QLD,Australia,4217,8.0,7590.28
719,Pattin,Weathey,Male,2,1953-12-30,69.0,Administrative Officer,Retail,Mass Customer,N,14254 Hallows Parkway,QLD,Australia,4615,9.0,11731.16
720,Darrel,Canet,Male,67,1931-10-23,91.0,Recruiting Manager,Retail,Affluent Customer,N,78 Glacier Hill Drive,NSW,Australia,2026,10.0,13004.35
721,Harmonia,Cornock,Female,84,1993-08-09,29.0,Account Representative III,n/a,Affluent Customer,N,6 Fulton Road,VIC,Australia,3174,7.0,8883.61
722,Stewart,Brosoli,Male,69,1956-03-17,67.0,Marketing Manager,IT,Mass Customer,N,76 Londonderry Park,NSW,Australia,2777,5.0,7589.73
723,Madelina,Marte,Female,41,1963-08-20,59.0,Food Chemist,Health,Mass Customer,N,68861 School Hill,NSW,Australia,2199,8.0,7475.11
724,Heinrik,Norcock,Male,7,1975-08-05,47.0,Analog Circuit Design manager,Financial Services,Mass Customer,N,09 Bartelt Lane,NSW,Australia,2190,8.0,10306.06
725,Gage,Crossan,Male,61,1965-08-27,57.0,Design Engineer,Health,High Net Worth,N,29639 Porter Center,QLD,Australia,4221,11.0,9550.70
726,Norma,Blackbourn,Female,69,1978-02-10,45.0,Information Systems Manager,Health,Mass Customer,N,5811 Moulton Drive,NSW,Australia,2766,3.0,5134.71
727,Lenci,Duerden,Male,98,1978-10-10,44.0,Senior Editor,Manufacturing,Mass Customer,N,80027 Ryan Terrace,VIC,Australia,3551,6.0,9121.54
728,Winthrop,Corser,Male,60,1956-10-03,66.0,VP Accounting,Financial Services,Mass Customer,N,8 Kingsford Hill,VIC,Australia,3429,9.0,10919.45
729,Ammamaria,Standbridge,Female,30,1973-10-23,49.0,Analog Circuit Design manager,Health,Affluent Customer,N,8044 Emmet Hill,VIC,Australia,3150,10.0,16905.45
730,Robb,Poll,Male,42,1968-07-25,54.0,Web Designer IV,n/a,Mass Customer,N,2249 Havey Hill,VIC,Australia,3183,7.0,7478.93
731,Lorenza,Cawthorne,Female,57,1969-12-04,53.0,NA,n/a,Mass Customer,N,1855 Stang Terrace,NSW,Australia,2145,6.0,5528.08
732,Bonita,Gethins,Female,71,1967-01-21,56.0,Actuary,Financial Services,Mass Customer,N,2 Riverside Trail,NSW,Australia,2154,5.0,6664.66
733,Ham,Mayoh,Male,25,1973-11-30,49.0,NA,Manufacturing,Mass Customer,N,98 Esker Junction,NSW,Australia,2192,10.0,15436.80
734,Leicester,Fynes,Male,34,1980-07-06,42.0,Programmer III,Retail,Affluent Customer,N,9984 Pankratz Road,NSW,Australia,2145,3.0,3346.12
735,Khalil,Pennings,Male,33,1965-04-20,58.0,Assistant Manager,Financial Services,Mass Customer,N,324 Mifflin Road,NSW,Australia,2290,4.0,6814.03
736,Sansone,Eastcourt,Male,41,1974-05-24,49.0,Help Desk Operator,n/a,High Net Worth,N,2726 Cardinal Way,VIC,Australia,3073,6.0,5937.86
737,Sisely,Oppy,Female,75,1983-07-11,39.0,Systems Administrator III,n/a,Mass Customer,N,3 Talisman Place,QLD,Australia,4811,7.0,7720.24
738,Bunnie,Whines,Female,51,1984-12-08,38.0,NA,Agriculture,Mass Customer,N,282 West Trail,QLD,Australia,4005,8.0,9554.55
739,Arnie,Zorn,Male,36,1964-12-13,58.0,Senior Editor,Manufacturing,Mass Customer,N,08260 Jay Court,VIC,Australia,3191,10.0,10566.89
740,Farr,Butterick,Male,9,1994-08-18,28.0,NA,Financial Services,Affluent Customer,N,12 6th Hill,QLD,Australia,4810,4.0,6155.53
741,Cristionna,Mapes,Female,16,1979-02-15,44.0,NA,n/a,Mass Customer,N,0297 Merchant Avenue,QLD,Australia,4121,5.0,4538.20
742,Dexter,Robelin,Male,55,1966-04-24,57.0,Senior Developer,Manufacturing,Mass Customer,N,1 Monica Street,NSW,Australia,2100,6.0,6918.96
743,Pattin,Morican,Male,89,1981-04-06,42.0,VP Accounting,Financial Services,Mass Customer,N,0272 Pankratz Hill,NSW,Australia,2031,5.0,6458.58
744,Heinrik,,Male,54,1977-08-30,45.0,Graphic Designer,Manufacturing,Affluent Customer,N,2 North Crossing,VIC,Australia,3111,5.0,4723.18
745,Dotty,Maylott,Female,84,1978-03-22,45.0,NA,Manufacturing,Mass Customer,N,345 Dovetail Avenue,QLD,Australia,4305,4.0,2697.98
746,Aldo,Waistall,Male,47,1964-07-29,58.0,Business Systems Development Analyst,n/a,Affluent Customer,N,2826 Huxley Center,VIC,Australia,3137,6.0,5868.96
747,Eula,Bruni,Female,91,1978-04-24,45.0,Database Administrator II,n/a,Mass Customer,N,61043 Summer Ridge Junction,NSW,Australia,2229,2.0,2295.34
748,Linet,Postill,Female,51,1981-04-21,42.0,VP Marketing,Financial Services,High Net Worth,N,56045 Express Avenue,NSW,Australia,2176,9.0,6604.89
749,Andreas,Cosin,Male,47,1972-08-01,50.0,Environmental Specialist,Agriculture,Mass Customer,N,760 Forest Dale Place,VIC,Australia,3068,9.0,8679.09
750,Izaak,Gisborne,Male,42,1995-04-08,28.0,Analyst Programmer,Retail,Affluent Customer,N,99 Wayridge Place,NSW,Australia,2263,6.0,7506.73
751,Amie,Dufty,Female,41,2001-10-31,21.0,Business Systems Development Analyst,Financial Services,Affluent Customer,N,5 Dahle Trail,NSW,Australia,2117,2.0,386.48
752,Kalil,Palombi,Male,13,1961-06-27,62.0,Speech Pathologist,Financial Services,High Net Worth,N,62215 Delaware Plaza,QLD,Australia,4118,8.0,3754.29
753,Josy,Quentin,Female,82,1970-03-07,53.0,Food Chemist,Health,Affluent Customer,Y,37 Dorton Street,NSW,Australia,2594,8.0,12941.31
754,Patsy,Beefon,Female,15,1979-07-28,43.0,Senior Financial Analyst,Financial Services,Mass Customer,N,00 Evergreen Center,VIC,Australia,3850,2.0,814.03
755,Baily,Imison,Male,31,1993-07-13,29.0,Senior Cost Accountant,Financial Services,Mass Customer,N,80 Maple Avenue,NSW,Australia,2536,3.0,2405.88
756,Carin,Lauthian,Female,65,1974-09-25,48.0,Computer Systems Analyst IV,Manufacturing,Mass Customer,N,43 Jana Way,VIC,Australia,3750,6.0,4401.13
757,Kinsley,Klimus,Male,91,1977-05-13,46.0,Environmental Tech,Financial Services,Mass Customer,N,195 Knutson Place,QLD,Australia,4019,5.0,4360.74
758,Teena,Birrel,Female,99,1967-04-07,56.0,NA,Manufacturing,High Net Worth,N,9 Melby Park,NSW,Australia,2197,2.0,1088.10
759,Mitchel,Schimek,Male,89,1963-04-18,60.0,Clinical Specialist,Health,High Net Worth,N,4 Vahlen Junction,NSW,Australia,2227,9.0,5226.52
760,Shamus,Fyndon,Male,46,1978-03-02,45.0,Assistant Professor,n/a,Mass Customer,N,6330 Monica Way,NSW,Australia,2540,9.0,10091.32
761,Vaughan,McCromley,Male,12,1977-11-27,45.0,Media Manager II,Health,Affluent Customer,N,7101 Gulseth Hill,NSW,Australia,2293,5.0,7005.32
762,Kerwin,Jossel,Male,91,1980-03-06,43.0,Environmental Specialist,n/a,Mass Customer,N,983 2nd Road,NSW,Australia,2560,5.0,3989.68
763,Benita,Cuffley,Female,95,1987-11-05,35.0,Computer Systems Analyst IV,Manufacturing,Affluent Customer,N,08 Vidon Center,NSW,Australia,2143,6.0,6989.88
764,Samuel,Stiff,Male,40,1977-03-16,46.0,Environmental Tech,Financial Services,Mass Customer,N,36 Helena Drive,QLD,Australia,4305,4.0,4171.51
765,Valeria,Chazette,Female,50,1984-08-31,38.0,NA,Retail,Affluent Customer,N,20554 Orin Place,VIC,Australia,3630,10.0,10273.69
766,Nonna,Hun,Female,16,1975-04-22,48.0,NA,Retail,Mass Customer,N,3903 Messerschmidt Park,NSW,Australia,2164,6.0,5527.75
767,Gustav,Kos,Male,70,1955-12-16,67.0,Budget/Accounting Analyst II,Manufacturing,High Net Worth,N,64 Muir Lane,NSW,Australia,2148,5.0,5596.80
768,Alexia,Wolford,Female,5,1974-01-14,49.0,Web Developer IV,Agriculture,Affluent Customer,N,06495 Swallow Terrace,NSW,Australia,2759,9.0,9778.97
769,Cameron,Letherbury,Male,65,1961-12-28,61.0,Analog Circuit Design manager,IT,Mass Customer,N,033 Loftsgordon Center,NSW,Australia,2150,8.0,10658.51
770,Zara,Maccaddie,Female,10,1984-02-05,39.0,Software Consultant,IT,High Net Worth,N,80 Scofield Alley,VIC,Australia,3121,6.0,4828.90
771,Lammond,MacGeffen,Male,12,1964-03-12,59.0,NA,n/a,Affluent Customer,N,64 Milwaukee Pass,QLD,Australia,4350,6.0,6981.15
772,Lorianna,Vidyapin,Female,12,1998-12-26,24.0,Community Outreach Specialist,Entertainment,Mass Customer,N,50851 Vahlen Avenue,NSW,Australia,2567,6.0,8884.10
773,Robbie,Handaside,Male,77,1985-02-12,38.0,NA,Financial Services,Affluent Customer,N,88 Bay Drive,QLD,Australia,4305,8.0,11640.89
774,Phelia,Perotti,Female,79,1998-11-27,24.0,Operator,Manufacturing,High Net Worth,N,0 Thompson Road,VIC,Australia,3183,1.0,980.37
775,Nikita,Kilby,Male,66,1982-09-21,40.0,Accounting Assistant IV,Manufacturing,Affluent Customer,N,99 Elka Street,QLD,Australia,4350,7.0,7991.14
776,Stanley,Seven,Male,30,1980-09-24,42.0,Financial Analyst,Financial Services,High Net Worth,N,2699 Crest Line Way,QLD,Australia,4869,9.0,7785.19
777,Wolfgang,Tarrier,Male,2,1993-01-09,30.0,Paralegal,Financial Services,High Net Worth,N,6 Melody Trail,NSW,Australia,2145,6.0,3978.30
778,Stacy,Pozzi,Male,24,1976-11-17,46.0,Assistant Professor,Manufacturing,High Net Worth,N,90 New Castle Trail,NSW,Australia,2137,5.0,3800.61
779,Maddy,Larrat,Female,1,1992-02-10,31.0,Staff Accountant III,Health,High Net Worth,N,2570 Wayridge Park,NSW,Australia,2093,5.0,4337.73
780,Kim,,Female,24,1973-10-12,49.0,Professor,Financial Services,Mass Customer,N,70 Old Gate Street,NSW,Australia,2354,3.0,4463.44
781,Elvis,O'Leagham,Male,80,1958-11-15,64.0,Legal Assistant,Manufacturing,Mass Customer,N,3 Magdeline Terrace,NSW,Australia,2190,5.0,4804.84
782,Bevvy,Siegertsz,Female,30,1976-08-29,46.0,Geological Engineer,Manufacturing,Mass Customer,N,36744 Birchwood Center,QLD,Australia,4019,6.0,10216.48
783,Rudd,Strangeways,Male,6,1985-07-25,37.0,Information Systems Manager,Retail,Affluent Customer,N,68 Chinook Street,QLD,Australia,4814,5.0,6684.54
784,Frederik,Duckett,Male,10,1977-01-24,46.0,Accounting Assistant III,IT,High Net Worth,N,0 Valley Edge Plaza,VIC,Australia,3201,2.0,771.93
785,Anthea,Guesford,Female,48,1979-08-26,43.0,Assistant Professor,Manufacturing,Mass Customer,N,8 Starling Trail,NSW,Australia,2282,6.0,5180.60
786,Francklin,Ubanks,Male,34,1985-02-14,38.0,NA,Financial Services,Affluent Customer,N,3 Crest Line Plaza,NSW,Australia,2223,7.0,9121.74
787,Norma,Batrim,Female,29,1996-12-15,26.0,NA,Retail,Affluent Customer,N,0601 Stephen Place,NSW,Australia,2292,10.0,11814.27
788,Gregg,Townsend,Male,62,1964-07-01,58.0,Social Worker,Health,Mass Customer,N,00 Mockingbird Junction,NSW,Australia,2141,7.0,8089.72
789,Gabrielle,Giraudot,Female,69,1978-04-28,45.0,Geological Engineer,Manufacturing,Affluent Customer,N,37817 Burning Wood Circle,NSW,Australia,2126,8.0,6115.92
790,Yvonne,,Female,22,1968-03-24,55.0,Senior Editor,n/a,Affluent Customer,N,02353 Kropf Lane,VIC,Australia,3046,8.0,10321.61
791,Tootsie,Hurt,Female,3,1968-09-29,54.0,Professor,Manufacturing,Mass Customer,N,79 Arkansas Drive,VIC,Australia,3008,6.0,6939.32
792,Mitch,Rains,Male,10,1975-11-19,47.0,Structural Engineer,n/a,High Net Worth,N,4085 Jackson Hill,NSW,Australia,2830,6.0,4929.85
793,Kissie,Delong,Female,97,1989-01-30,34.0,Actuary,Financial Services,High Net Worth,N,57 Gulseth Terrace,NSW,Australia,2099,10.0,9354.03
794,Scott,Ommundsen,Male,99,1955-05-12,68.0,Compensation Analyst,Financial Services,Affluent Customer,N,52737 Morningstar Crossing,NSW,Australia,2250,7.0,8166.84
795,Cassy,Awdry,Female,35,1973-08-20,49.0,Environmental Tech,Financial Services,High Net Worth,N,866 Rockefeller Junction,NSW,Australia,2171,5.0,3866.08
796,Ira,Lamlin,Female,8,1997-05-27,26.0,Financial Analyst,Financial Services,Mass Customer,N,414 Kensington Lane,VIC,Australia,3076,7.0,8204.11
797,Meridel,Rawet,Female,51,1973-10-20,49.0,Internal Auditor,Financial Services,Mass Customer,N,81 Holy Cross Alley,NSW,Australia,2077,4.0,4668.49
798,Dorita,Blackburne,Female,22,1988-05-20,35.0,Teacher,Financial Services,High Net Worth,N,1 Loomis Parkway,VIC,Australia,3156,3.0,3580.73
799,Harland,Spilisy,U,39,,,Programmer I,IT,Mass Customer,N,572 Brown Circle,NSW,Australia,2756,11.0,15922.90
800,Quint,Popov,Male,68,1978-12-31,44.0,Account Coordinator,Manufacturing,Mass Customer,N,92344 Oakridge Drive,QLD,Australia,4873,6.0,6283.90
801,Bertram,Linn,Male,28,1980-10-08,42.0,Geologist IV,n/a,Affluent Customer,N,1626 Dawn Street,QLD,Australia,4514,2.0,1648.17
802,Ailyn,Carberry,Female,50,1986-02-20,37.0,Financial Analyst,Financial Services,Mass Customer,N,845 Talisman Pass,QLD,Australia,4210,6.0,8002.10
803,Nina,Murcutt,Female,96,1999-11-11,23.0,Nuclear Power Engineer,Manufacturing,High Net Worth,N,1899 Manley Court,QLD,Australia,4551,6.0,4413.16
804,Henrietta,Seater,Female,98,1999-06-17,24.0,Technical Writer,n/a,High Net Worth,N,15067 Commercial Pass,QLD,Australia,4006,3.0,2852.18
805,Jorrie,Hanhardt,Female,48,1960-04-19,63.0,Electrical Engineer,Manufacturing,Mass Customer,N,80932 5th Street,NSW,Australia,2754,6.0,6966.17
806,Carter,Kaesmakers,Male,66,1992-07-28,30.0,Sales Representative,Retail,Mass Customer,N,018 Erie Point,NSW,Australia,2767,4.0,4854.46
807,Lorne,Quested,Female,48,1980-11-25,42.0,Safety Technician I,n/a,Affluent Customer,N,40402 Moulton Park,NSW,Australia,2282,4.0,4940.76
808,Nigel,Phippard,Male,21,1979-11-21,43.0,Social Worker,Health,High Net Worth,N,246 Norway Maple Trail,VIC,Australia,3810,3.0,3332.01
809,Nevsa,Washtell,Female,83,1977-10-23,45.0,Biostatistician III,Health,Mass Customer,N,2 Autumn Leaf Plaza,NSW,Australia,2137,4.0,3653.47
810,Fawnia,Bartrum,Female,24,1998-04-04,25.0,Software Test Engineer IV,Health,Mass Customer,N,808 Starling Place,NSW,Australia,2173,4.0,4873.52
811,Ive,Chapelhow,Male,6,1984-01-13,39.0,Nurse Practicioner,n/a,Mass Customer,N,5409 Mandrake Circle,NSW,Australia,2152,4.0,2967.40
812,Coral,Dunkirk,Female,1,1989-09-22,33.0,NA,Financial Services,Mass Customer,N,786 Bonner Drive,NSW,Australia,2340,3.0,2278.38
813,Lisette,Nesbit,Female,12,1962-03-21,61.0,Account Representative III,Health,Mass Customer,N,7175 Orin Junction,NSW,Australia,2088,5.0,4913.23
814,Raffarty,Giacomoni,Male,60,1959-12-23,63.0,Analog Circuit Design manager,Manufacturing,Mass Customer,N,8208 Lotheville Street,VIC,Australia,3805,3.0,4661.23
815,Caryn,Sampey,Female,47,1974-07-06,48.0,NA,Manufacturing,Mass Customer,N,25689 Eastlawn Crossing,NSW,Australia,2067,6.0,8168.41
816,Donni,Boor,Female,71,1957-01-10,66.0,Product Engineer,Manufacturing,Mass Customer,N,44 Lakewood Gardens Pass,NSW,Australia,2122,4.0,3953.68
817,Niel,Abilowitz,Male,38,1992-04-08,31.0,Editor,Financial Services,Mass Customer,N,87 Twin Pines Plaza,VIC,Australia,3976,5.0,6638.08
818,Beverie,Bosanko,Female,17,1973-12-21,49.0,Chemical Engineer,Manufacturing,Mass Customer,N,65 Sachtjen Park,NSW,Australia,2067,6.0,7228.70
819,Temp,Thebeau,Male,7,1975-07-17,47.0,Associate Professor,Manufacturing,Affluent Customer,N,84 Loomis Pass,NSW,Australia,2000,5.0,5952.17
820,Cecilia,Chipchase,Female,12,1977-01-06,46.0,NA,Financial Services,High Net Worth,N,58047 Westport Road,NSW,Australia,2040,10.0,6774.21
821,Gregoor,Aronovitz,Male,41,1981-07-24,41.0,Financial Analyst,Financial Services,Mass Customer,N,59000 American Center,NSW,Australia,2530,5.0,5160.49
822,Ardis,Tomlett,Female,67,1974-10-23,48.0,Sales Associate,Health,High Net Worth,N,659 Scofield Street,VIC,Australia,3175,1.0,1538.99
823,Stesha,Morecombe,Female,91,1990-02-17,33.0,Internal Auditor,Manufacturing,Affluent Customer,N,388 Weeping Birch Plaza,NSW,Australia,2156,6.0,10277.45
824,Fleurette,Whardley,Female,97,1977-02-27,46.0,Financial Advisor,Financial Services,Affluent Customer,N,09413 Holmberg Terrace,QLD,Australia,4127,4.0,6017.27
825,Willis,Whyler,Male,17,1975-08-15,47.0,Computer Systems Analyst IV,n/a,Affluent Customer,N,8640 Village Junction,NSW,Australia,2066,8.0,6548.97
826,Marc,Waddilove,Male,92,1998-12-25,24.0,Recruiting Manager,Financial Services,Mass Customer,N,177 Sheridan Trail,NSW,Australia,2759,4.0,4829.57
827,Phillis,Rudwell,Female,90,1996-05-07,27.0,NA,Health,Affluent Customer,N,1 Oriole Alley,QLD,Australia,4171,8.0,9051.45
828,Darda,Kernocke,Female,93,1957-12-14,65.0,NA,Health,Mass Customer,N,8925 Ryan Trail,NSW,Australia,2073,5.0,4704.61
829,Byran,Goodfield,Male,84,2001-01-22,22.0,Environmental Tech,Financial Services,High Net Worth,N,77 Nova Junction,VIC,Australia,3218,6.0,7280.83
830,Jayson,Chilcott,Male,58,1981-05-31,42.0,VP Quality Control,Manufacturing,Affluent Customer,N,43 Esker Pass,NSW,Australia,2228,6.0,6441.04
831,Teddy,Keijser,Male,4,1973-04-20,50.0,Paralegal,Financial Services,Affluent Customer,N,205 Melody Circle,QLD,Australia,4207,5.0,4748.12
832,Shaun,Murphey,Male,30,1977-11-30,45.0,Research Assistant IV,Retail,Mass Customer,N,44997 Anniversary Way,QLD,Australia,4114,12.0,14627.04
833,Wadsworth,Hubane,Male,9,1995-10-03,27.0,Safety Technician II,n/a,High Net Worth,N,4444 Bunting Point,NSW,Australia,2430,8.0,7143.32
834,Rudolf,Brandes,Male,37,1973-04-07,50.0,Environmental Tech,Financial Services,Mass Customer,N,3 Washington Plaza,VIC,Australia,3199,4.0,3595.53
835,Zachary,Matyukon,Male,85,1968-04-22,55.0,Electrical Engineer,Manufacturing,Mass Customer,N,285 Aberg Point,NSW,Australia,2192,8.0,9457.31
836,Clemence,Vautre,Female,33,1990-04-02,33.0,Actuary,Financial Services,Mass Customer,N,4 Sachtjen Avenue,QLD,Australia,4210,4.0,3562.20
837,Derick,Fasler,Male,4,1957-01-11,66.0,Internal Auditor,n/a,Mass Customer,N,055 Dakota Pass,NSW,Australia,2290,3.0,3406.25
838,Hayden,Heersema,Male,27,1971-02-03,52.0,Financial Advisor,Financial Services,High Net Worth,N,6 Green Ridge Circle,QLD,Australia,4350,4.0,3308.78
839,Charis,Greaves,U,14,,,Structural Analysis Engineer,IT,Mass Customer,N,6841 Dawn Drive,NSW,Australia,2880,4.0,3053.01
840,Chas,Carabet,Male,94,1964-06-20,59.0,VP Sales,Financial Services,Affluent Customer,N,74251 Golden Leaf Lane,QLD,Australia,4413,6.0,8672.14
841,Hanan,McGreay,Male,93,1966-09-22,56.0,Marketing Manager,Manufacturing,Affluent Customer,N,2 Dwight Street,VIC,Australia,3187,7.0,11329.34
842,Mahmud,Dobbson,Male,59,1999-08-16,23.0,Compensation Analyst,Financial Services,High Net Worth,N,511 Gulseth Plaza,VIC,Australia,3028,4.0,2673.44
843,Salomone,Sleford,Male,80,1989-09-05,33.0,Developer II,Manufacturing,Affluent Customer,N,71801 Grover Point,NSW,Australia,2166,6.0,4090.19
844,Tome,Tyt,Male,13,1978-01-13,45.0,Nurse Practicioner,Financial Services,High Net Worth,N,69 Hovde Plaza,NSW,Australia,2680,9.0,9447.89
845,Koressa,Maris,Female,51,1973-12-24,49.0,Associate Professor,Manufacturing,Mass Customer,N,3387 Warrior Court,NSW,Australia,2527,4.0,4515.49
846,Alvan,Rebichon,Male,60,1954-03-25,69.0,Geologist I,Manufacturing,Affluent Customer,N,7837 Derek Street,NSW,Australia,2147,3.0,4385.62
847,Kelci,Morrison,Female,66,1991-05-26,32.0,Chief Design Engineer,Retail,High Net Worth,N,00 Algoma Crossing,NSW,Australia,2141,5.0,4072.83
848,Lannie,Chat,Male,79,1979-06-25,44.0,VP Product Management,Manufacturing,Mass Customer,N,341 Londonderry Point,QLD,Australia,4215,4.0,4711.04
849,Sylvan,Capper,Male,72,1969-09-15,53.0,Librarian,Entertainment,Mass Customer,N,2661 Di Loreto Point,QLD,Australia,4701,6.0,7087.14
850,Nevin,Hanfrey,Male,79,2000-09-24,22.0,Clinical Specialist,Health,Mass Customer,N,036 Kedzie Terrace,NSW,Australia,2163,8.0,9587.95
851,Cammi,Tesmond,Female,19,1987-12-30,35.0,Project Manager,n/a,Affluent Customer,N,615 Spenser Drive,QLD,Australia,4220,4.0,5809.52
852,Andie,Bonney,Female,37,2000-11-04,22.0,Compensation Analyst,Financial Services,Affluent Customer,N,641 Waywood Lane,NSW,Australia,2336,,
853,Nolana,Rotter,Female,26,1981-10-04,41.0,Media Manager I,Retail,Mass Customer,N,49 Buhler Plaza,NSW,Australia,2650,9.0,13064.82
854,Charisse,Thoresby,Female,35,2000-10-24,22.0,Marketing Manager,n/a,Affluent Customer,N,56 Graceland Alley,VIC,Australia,3031,4.0,3992.51
855,Bennie,Llywarch,Female,74,1974-10-26,48.0,General Manager,Retail,High Net Worth,N,3 Magdeline Way,QLD,Australia,4415,4.0,6212.42
856,Peyton,Monkeman,Male,63,1988-10-01,34.0,Quality Engineer,Financial Services,Mass Customer,N,94 Anhalt Way,VIC,Australia,3139,7.0,7338.40
857,Theo,,Female,15,1964-08-14,58.0,General Manager,n/a,High Net Worth,N,18 Parkside Plaza,QLD,Australia,4122,5.0,6164.88
858,Barby,Charlwood,Female,79,1980-06-02,43.0,Internal Auditor,Financial Services,High Net Worth,N,681 Transport Pass,QLD,Australia,4055,6.0,4693.55
859,Devinne,Tommeo,Female,53,1978-08-02,44.0,Geologist I,Financial Services,Affluent Customer,N,6 Harper Lane,NSW,Australia,2150,6.0,7667.33
860,Ida,,Female,80,1980-08-12,42.0,NA,n/a,High Net Worth,N,59041 Independence Point,QLD,Australia,4020,4.0,6476.90
861,Rebekah,Dmych,Female,73,1977-05-24,46.0,Senior Financial Analyst,Financial Services,High Net Worth,N,55 Hovde Parkway,VIC,Australia,3975,5.0,3966.27
862,Worden,Fossitt,Male,83,1977-12-27,45.0,Information Systems Manager,Agriculture,High Net Worth,N,36903 Reinke Trail,VIC,Australia,3147,1.0,235.63
863,Kessiah,Logg,Female,19,1961-09-10,61.0,Senior Financial Analyst,Financial Services,Affluent Customer,N,938 Nova Junction,VIC,Australia,3623,4.0,2288.23
864,Regen,Nares,Male,6,1970-03-06,53.0,NA,Retail,High Net Worth,N,48 Bobwhite Crossing,QLD,Australia,4122,6.0,6504.34
865,Germain,Harpe,Female,73,1965-04-12,58.0,Desktop Support Technician,Telecommunications,Mass Customer,N,7391 Ruskin Parkway,QLD,Australia,4356,7.0,7192.90
866,Stanislaus,Gottelier,Male,28,1973-01-05,50.0,Associate Professor,n/a,Affluent Customer,N,677 Butternut Crossing,NSW,Australia,2216,5.0,8127.10
867,Lura,MacKim,Female,12,1973-05-10,50.0,VP Marketing,n/a,Mass Customer,N,8360 Washington Avenue,VIC,Australia,3124,6.0,7947.42
868,Effie,Duddy,Female,84,1979-07-18,43.0,VP Accounting,Financial Services,Mass Customer,N,519 Maywood Pass,NSW,Australia,2768,6.0,8008.39
869,Addia,Abels,Female,7,1984-03-11,39.0,Account Representative I,Financial Services,High Net Worth,N,6712 Nova Crossing,NSW,Australia,2065,,
870,Hugh,Wilce,Male,63,1964-01-29,59.0,Pharmacist,Health,Mass Customer,N,383 Rockefeller Junction,NSW,Australia,2753,8.0,6745.47
871,Janka,Yesinin,Female,40,1992-01-20,31.0,NA,n/a,Mass Customer,N,71039 Packers Street,NSW,Australia,2034,8.0,9653.54
872,Suki,Ivachyov,Female,47,1971-04-28,52.0,Structural Engineer,IT,Mass Customer,N,5 Hauk Lane,NSW,Australia,2650,1.0,792.90
873,Worthington,Penwarden,Male,37,1959-12-23,63.0,Occupational Therapist,Health,Affluent Customer,N,02377 Maywood Trail,NSW,Australia,2287,5.0,4947.93
874,Howard,Oseland,Male,78,2001-05-05,22.0,NA,Health,Mass Customer,N,2 School Street,NSW,Australia,2010,8.0,9929.24
875,Caryl,Linnett,Male,34,1999-02-23,24.0,Recruiting Manager,Financial Services,Mass Customer,N,9254 Straubel Street,VIC,Australia,3034,6.0,7460.87
876,Neil,Jencey,Male,44,1968-10-06,54.0,Physical Therapy Assistant,IT,High Net Worth,N,3 Glacier Hill Parkway,NSW,Australia,2196,3.0,1165.95
877,Didi,Milne,Female,92,1988-05-13,35.0,Accounting Assistant III,Financial Services,Mass Customer,N,029 Springview Place,NSW,Australia,2177,9.0,9748.40
878,Clarence,Silby,Male,31,1982-11-01,40.0,Environmental Specialist,Manufacturing,Mass Customer,N,1 Springview Place,QLD,Australia,4800,3.0,4531.79
879,Hestia,Smetoun,Female,58,1978-08-02,44.0,NA,n/a,Mass Customer,N,60 Meadow Valley Avenue,NSW,Australia,2219,4.0,4080.79
880,Neely,Lundon,Female,11,1963-12-31,59.0,Internal Auditor,n/a,High Net Worth,N,42 Thompson Hill,NSW,Australia,2234,3.0,3811.70
881,Carmella,Lone,Female,82,1980-05-07,43.0,Information Systems Manager,n/a,High Net Worth,N,2 Pankratz Street,QLD,Australia,4812,3.0,3869.07
882,Esmaria,Lythgoe,Female,59,1965-09-29,57.0,NA,Property,Mass Customer,N,65345 Marcy Crossing,NSW,Australia,2065,5.0,7107.11
883,Lolita,Bennie,U,73,,,Recruiter,IT,Mass Customer,N,77 Pawling Pass,NSW,Australia,2537,4.0,2687.39
884,Pepito,Lamming,Male,11,1978-01-30,45.0,Web Designer IV,Property,Mass Customer,N,06419 Dayton Junction,VIC,Australia,3191,6.0,9754.79
885,Yancey,Wivell,Male,20,1966-11-11,56.0,Statistician IV,Financial Services,Mass Customer,N,5 Hauk Way,QLD,Australia,4870,3.0,4091.46
886,Dawna,McCullen,Female,53,1974-11-15,48.0,Accounting Assistant III,Health,Mass Customer,N,923 Westerfield Junction,NSW,Australia,2065,7.0,10606.76
887,Patrizius,Hardinge,Male,55,1997-11-17,25.0,NA,Manufacturing,High Net Worth,N,707 Spaight Place,NSW,Australia,2830,8.0,8152.93
888,Chickie,Gulleford,Female,62,1963-11-10,59.0,Accountant IV,Manufacturing,Mass Customer,N,89 Monument Place,QLD,Australia,4720,5.0,5750.62
889,Ezequiel,Coggeshall,Male,46,1967-02-19,56.0,Sales Representative,Retail,Affluent Customer,N,583 Coleman Parkway,QLD,Australia,4213,5.0,4940.32
890,Tony,Cordsen,Female,55,1974-02-01,49.0,Dental Hygienist,Health,Mass Customer,N,376 Buena Vista Street,NSW,Australia,2026,4.0,4819.70
891,Talbot,Andrioni,Male,21,1981-08-06,41.0,Occupational Therapist,Health,High Net Worth,N,91457 Anderson Avenue,VIC,Australia,3124,5.0,4475.33
892,Conroy,Healy,U,22,,,Office Assistant II,IT,Mass Customer,N,39 Ronald Regan Alley,VIC,Australia,3765,10.0,10097.39
893,Gibby,Fearnley,Male,97,1983-09-11,39.0,Geologist I,IT,Mass Customer,N,1 5th Parkway,NSW,Australia,2148,7.0,9658.93
894,Catie,Kibbey,Female,13,1970-12-18,52.0,Desktop Support Technician,Financial Services,High Net Worth,N,7 Meadow Ridge Center,NSW,Australia,2165,8.0,6442.50
895,Juli,Curness,Female,58,1966-09-03,56.0,NA,n/a,Mass Customer,N,41821 Sheridan Center,NSW,Australia,2756,3.0,3216.49
896,Idell,Belderson,Female,25,1978-06-10,45.0,VP Sales,n/a,Mass Customer,N,7 Reindahl Center,NSW,Australia,2767,4.0,4448.32
897,Pris,Fance,Female,25,1969-01-11,54.0,Account Executive,Manufacturing,Mass Customer,N,6382 Bayside Street,NSW,Australia,2153,8.0,10435.32
898,Reyna,Braizier,Female,53,1977-08-28,45.0,General Manager,Financial Services,Affluent Customer,N,850 Manitowish Avenue,NSW,Australia,2148,1.0,478.16
899,Teodora,Lawling,Female,42,1963-08-05,59.0,Business Systems Development Analyst,Health,Affluent Customer,N,88 Comanche Point,NSW,Australia,2486,6.0,4240.06
900,Clevey,Ivamy,Male,48,1990-08-07,32.0,Associate Professor,Manufacturing,Mass Customer,N,13845 Hayes Center,VIC,Australia,3228,4.0,2968.17
901,Letta,McCarter,Female,13,1975-04-27,48.0,NA,Retail,Mass Customer,N,88022 South Road,QLD,Australia,4511,4.0,6948.22
902,Selene,Vasiltsov,Female,37,1989-07-26,33.0,Staff Scientist,Retail,Mass Customer,N,9 Northridge Lane,NSW,Australia,2340,9.0,10779.91
903,Hewe,Lidgley,Male,46,1961-07-03,61.0,NA,Financial Services,Mass Customer,N,95530 Hallows Circle,QLD,Australia,4110,9.0,11055.56
904,Kariotta,Ludman,Female,51,1974-05-06,49.0,Database Administrator II,n/a,High Net Worth,N,97 Karstens Place,QLD,Australia,4226,4.0,4040.14
905,Dorian,Drinkel,Female,41,1978-02-11,45.0,Safety Technician II,Manufacturing,Affluent Customer,N,237 Summit Pass,QLD,Australia,4506,8.0,7323.22
906,Cammy,Marcroft,Male,73,1998-12-30,24.0,Financial Analyst,Financial Services,High Net Worth,N,1 Cottonwood Street,VIC,Australia,3150,9.0,10270.18
907,Eamon,McWhin,Male,51,1978-12-25,44.0,Sales Associate,Property,High Net Worth,N,8642 Forest Run Avenue,NSW,Australia,2026,7.0,4200.15
908,Carry,Tomlett,Female,86,1980-08-28,42.0,NA,Financial Services,Affluent Customer,N,352 Bonner Crossing,VIC,Australia,3084,7.0,6224.80
909,Suzette,Surgison,Female,77,1960-01-04,63.0,Operator,n/a,High Net Worth,N,52726 High Crossing Junction,VIC,Australia,3802,5.0,7485.65
910,Lewes,Foulcher,Male,50,1986-04-26,37.0,Biostatistician I,Financial Services,Mass Customer,N,60086 Summit Lane,NSW,Australia,2116,2.0,1932.55
911,Marcellus,Shawcroft,Male,62,1974-10-13,48.0,Structural Analysis Engineer,Property,Affluent Customer,N,5 Farmco Way,NSW,Australia,2747,5.0,4887.61
912,Vince,Dalmon,Male,37,1968-07-19,54.0,Sales Representative,Retail,Mass Customer,N,33 Kropf Hill,NSW,Australia,2211,7.0,7206.52
913,Dayle,Spearman,Female,67,2000-10-28,22.0,NA,Financial Services,Mass Customer,N,2 Derek Pass,NSW,Australia,2222,5.0,6438.82
914,Marc,Egleton,Male,73,1999-06-16,24.0,Chemical Engineer,Manufacturing,Affluent Customer,N,87140 Mandrake Lane,VIC,Australia,3124,5.0,5996.34
915,Austina,Orrice,Female,17,1984-09-07,38.0,Budget/Accounting Analyst IV,Entertainment,Mass Customer,N,69278 High Crossing Place,NSW,Australia,2795,5.0,6200.22
916,Joycelin,,Female,18,1991-06-18,32.0,Recruiter,n/a,Affluent Customer,N,42 Cordelia Park,NSW,Australia,2567,5.0,5906.80
917,Odo,MacKaig,Male,63,1964-05-06,59.0,VP Product Management,Financial Services,Mass Customer,N,50 2nd Center,VIC,Australia,3188,8.0,7980.06
918,Mahmud,Chiles,Male,73,1975-02-26,48.0,Internal Auditor,Health,High Net Worth,N,8 Colorado Circle,VIC,Australia,3730,6.0,5371.16
919,Grove,Peltzer,Male,48,1987-07-17,35.0,Registered Nurse,Health,Mass Customer,N,55 Daystar Court,NSW,Australia,2234,9.0,11263.67
920,Stefano,Thornborrow,Male,89,1976-01-19,47.0,Software Test Engineer IV,Health,Mass Customer,N,21 Dwight Crossing,NSW,Australia,2062,6.0,6986.99
921,Gretchen,Seneschal,Female,77,1979-12-19,43.0,Help Desk Technician,Manufacturing,Mass Customer,N,3828 Norway Maple Avenue,NSW,Australia,2027,8.0,12373.78
922,Bekki,Ralston,Female,52,1972-10-10,50.0,Operator,Financial Services,Mass Customer,N,3044 Summer Ridge Center,VIC,Australia,3060,2.0,1113.61
923,Garrek,Grimwade,Male,44,1977-06-26,46.0,Senior Financial Analyst,Financial Services,High Net Worth,N,43455 Carey Center,QLD,Australia,4131,7.0,5941.56
924,Clementius,Hambric,Male,33,1976-11-08,46.0,Computer Systems Analyst II,n/a,Affluent Customer,N,57953 Drewry Street,NSW,Australia,2518,9.0,9683.69
925,Nicko,Pembridge,Male,42,1978-08-07,44.0,Accountant IV,Manufacturing,Affluent Customer,N,3 Luster Junction,NSW,Australia,2323,10.0,12120.53
926,Terrel,Matthisson,Male,18,1965-10-14,57.0,Professor,Telecommunications,Affluent Customer,N,9987 Stuart Alley,NSW,Australia,2766,6.0,6193.09
927,Jarret,,Male,25,1966-02-19,57.0,Cost Accountant,Financial Services,Mass Customer,N,2309 Gulseth Way,VIC,Australia,3199,3.0,3712.11
928,Porty,Clemmitt,Male,61,1973-05-14,50.0,Associate Professor,n/a,High Net Worth,N,730 Dixon Place,VIC,Australia,3158,8.0,5386.92
929,Kippy,Conerding,Male,0,1965-09-04,57.0,Database Administrator III,Financial Services,Mass Customer,N,10421 Cordelia Parkway,VIC,Australia,3188,5.0,5551.30
930,Evelina,Dinan,Female,86,1971-11-10,51.0,Executive Secretary,Retail,Mass Customer,N,35454 Welch Hill,NSW,Australia,2477,3.0,3196.47
931,Katrina,Sappson,Female,59,1999-08-07,23.0,Design Engineer,Manufacturing,Affluent Customer,N,3403 Spenser Terrace,VIC,Australia,3143,5.0,7047.37
932,Yoko,Dowrey,Female,30,1989-07-20,33.0,Graphic Designer,n/a,Mass Customer,N,06 Oneill Parkway,NSW,Australia,2770,6.0,6477.02
933,Melany,L'oiseau,Female,75,1996-05-19,27.0,Help Desk Operator,Retail,Mass Customer,N,243 Ridge Oak Center,NSW,Australia,2195,5.0,8568.67
934,Marcellus,Louisot,Male,76,1996-01-22,27.0,Human Resources Manager,Manufacturing,Mass Customer,N,4 Eastlawn Crossing,NSW,Australia,2036,8.0,10287.33
935,Aldin,Cracker,Male,76,1994-09-12,28.0,Marketing Manager,n/a,Mass Customer,N,33 Farwell Crossing,NSW,Australia,2575,7.0,9179.40
936,Raffaello,Godleman,Male,64,1988-05-16,35.0,Speech Pathologist,Health,High Net Worth,N,5 Reindahl Point,VIC,Australia,3400,12.0,13086.00
937,Nikolos,McKyrrelly,Male,65,1985-11-15,37.0,Human Resources Assistant IV,Manufacturing,Affluent Customer,N,8882 Valley Edge Junction,NSW,Australia,2145,5.0,5123.70
938,Corabelle,,Female,18,1996-04-06,27.0,Technical Writer,Retail,Mass Customer,N,633 Cordelia Alley,VIC,Australia,3037,9.0,8770.49
939,Cristian,Theodoris,Male,53,1961-01-10,62.0,Product Engineer,Manufacturing,Mass Customer,N,32 Dennis Hill,NSW,Australia,2233,4.0,5474.47
940,Marnia,Claesens,Female,3,1987-06-16,36.0,Administrative Officer,Manufacturing,Mass Customer,N,54905 Anniversary Pass,QLD,Australia,4570,5.0,6634.94
941,Tye,Doohan,Male,13,1995-02-02,28.0,Recruiting Manager,Financial Services,Affluent Customer,N,5 Gale Street,QLD,Australia,4507,10.0,18291.60
942,Shirley,Brook,Female,31,1974-02-07,49.0,Director of Sales,Financial Services,Mass Customer,N,5413 Burning Wood Plaza,QLD,Australia,4220,4.0,4111.12
943,Holly,Gamett,Male,94,1979-09-17,43.0,Legal Assistant,Property,Affluent Customer,N,6183 Morrow Court,NSW,Australia,2113,7.0,9442.10
944,Anderea,Dallewater,Female,53,1976-01-12,47.0,NA,Manufacturing,Mass Customer,N,9 Colorado Trail,VIC,Australia,3799,8.0,5488.68
945,Hebert,Bernocchi,Male,59,1998-08-26,24.0,Human Resources Manager,n/a,High Net Worth,N,627 Ronald Regan Alley,QLD,Australia,4505,7.0,7637.66
946,Bettina,Farrer,Female,16,1961-07-17,61.0,Research Associate,Manufacturing,High Net Worth,N,93446 Eagle Crest Plaza,NSW,Australia,2229,8.0,8616.77
947,Hyacinth,Naldrett,Female,43,1986-03-10,37.0,Pharmacist,Health,Mass Customer,N,9 Clyde Gallagher Plaza,VIC,Australia,3021,6.0,6600.03
948,Yardley,Argo,Male,19,1969-08-09,53.0,Recruiting Manager,n/a,Affluent Customer,N,56709 Petterle Street,NSW,Australia,2443,3.0,3934.74
949,Jarid,Grebner,Male,18,1975-09-07,47.0,Executive Secretary,Health,Mass Customer,N,221 Coolidge Parkway,NSW,Australia,2010,6.0,7487.23
950,Bret,Ivakhnov,U,24,,,Recruiter,IT,High Net Worth,N,33564 Jana Court,QLD,Australia,4218,7.0,6905.48
951,Meryl,Dumbar,Male,44,1999-09-29,23.0,Assistant Media Planner,Entertainment,Mass Customer,N,7 Starling Crossing,NSW,Australia,2570,6.0,5842.56
952,Marina,Andresen,Female,34,1971-06-13,52.0,VP Sales,Financial Services,Affluent Customer,N,283 Ryan Street,VIC,Australia,3752,5.0,6592.62
953,Jasmin,Brodeur,Female,16,1979-05-23,44.0,NA,n/a,Mass Customer,N,97 Aberg Pass,QLD,Australia,4720,9.0,11452.08
954,Alain,Immins,Male,76,1995-02-28,28.0,VP Quality Control,Manufacturing,Mass Customer,N,0 Menomonie Avenue,VIC,Australia,3177,4.0,5686.31
955,Teresina,Gibbie,Female,78,1989-10-01,33.0,Research Nurse,Health,Mass Customer,N,20 Carpenter Parkway,NSW,Australia,2192,7.0,5046.96
956,Ezechiel,Pettecrew,Male,19,1960-09-26,62.0,Nuclear Power Engineer,Manufacturing,Mass Customer,N,14796 Ramsey Street,NSW,Australia,2069,3.0,4978.63
957,Jamima,Gannan,Female,80,1994-08-20,28.0,Automation Specialist I,Manufacturing,Affluent Customer,N,1346 Forest Dale Point,VIC,Australia,3111,5.0,5261.44
958,Kristofor,Saulter,Male,15,1964-01-14,59.0,Biostatistician IV,Health,High Net Worth,N,217 Meadow Vale Point,NSW,Australia,2023,6.0,4522.70
959,Katharina,Jennins,Female,3,1986-10-26,36.0,Staff Scientist,n/a,Affluent Customer,N,341 Saint Paul Lane,NSW,Australia,2033,6.0,6215.79
960,Lannie,Crumley,Male,1,1968-10-10,54.0,GIS Technical Architect,Health,Mass Customer,N,7823 Village Green Park,VIC,Australia,3030,4.0,5971.35
961,Rosamund,Shelton,Female,73,1986-08-10,36.0,Assistant Manager,Financial Services,Mass Customer,N,382 Dayton Lane,NSW,Australia,2148,4.0,4336.19
962,Granger,Tuftin,Male,49,1977-09-07,45.0,VP Product Management,n/a,High Net Worth,N,4 Kennedy Trail,VIC,Australia,3147,7.0,5859.53
963,Valery,Haresign,Female,56,1968-07-28,54.0,Budget/Accounting Analyst I,n/a,High Net Worth,N,4364 Gale Park,NSW,Australia,2196,12.0,10541.18
964,Rhetta,Grellier,Female,35,1994-01-24,29.0,Assistant Professor,Financial Services,High Net Worth,N,2379 Dorton Pass,NSW,Australia,2089,5.0,3350.69
965,Meggie,Whitchurch,Female,86,1997-06-18,26.0,Structural Engineer,Retail,High Net Worth,N,5 Hintze Hill,NSW,Australia,2641,4.0,5089.26
966,Krystyna,Linning,Female,70,1978-11-05,44.0,Speech Pathologist,Retail,High Net Worth,N,58 High Crossing Place,QLD,Australia,4212,4.0,2425.05
967,April,Causon,Female,44,1999-10-04,23.0,Sales Associate,Manufacturing,Affluent Customer,N,1 Ridgeway Court,VIC,Australia,3241,4.0,6453.52
968,Wayne,Woodfin,Male,96,1955-06-16,68.0,Accountant IV,IT,High Net Worth,N,00 Park Meadow Terrace,NSW,Australia,2450,8.0,7761.82
969,Jo,Mallinar,Female,20,1978-09-19,44.0,Health Coach IV,Health,High Net Worth,N,29419 Harper Circle,QLD,Australia,4209,5.0,5180.33
970,Kellyann,Hawton,Female,2,1980-06-26,43.0,VP Accounting,Financial Services,High Net Worth,N,1601 Judy Drive,NSW,Australia,2026,5.0,5310.37
971,Sarge,Lerohan,Male,11,1988-10-25,34.0,Geologist I,Manufacturing,High Net Worth,N,7628 Larry Trail,VIC,Australia,3428,5.0,4049.00
972,Dena,Crewdson,Female,81,1981-07-23,41.0,Project Manager,Retail,Mass Customer,N,004 Lawn Trail,QLD,Australia,4227,2.0,3812.17
973,Annabella,Hebron,Female,46,1979-08-02,43.0,Data Coordiator,Health,High Net Worth,N,42 Dahle Parkway,VIC,Australia,3806,8.0,10198.14
974,Mellicent,Dollin,Female,92,1991-06-07,32.0,Administrative Assistant IV,n/a,Mass Customer,N,1472 Meadow Vale Lane,QLD,Australia,4034,6.0,7456.89
975,Goldarina,Rzehorz,U,26,,,Automation Specialist IV,IT,Mass Customer,N,95 Old Gate Junction,NSW,Australia,2760,9.0,10028.28
976,Andonis,Slimmon,Male,10,1971-10-21,51.0,Graphic Designer,Financial Services,Affluent Customer,N,55 Fairfield Court,VIC,Australia,3175,6.0,7173.08
977,Olga,Dyke,Female,65,1959-11-30,63.0,Staff Accountant III,n/a,High Net Worth,N,92 Bunker Hill Trail,NSW,Australia,2558,5.0,4781.58
978,Erena,Escalero,Female,40,1982-01-31,41.0,Nurse Practicioner,n/a,High Net Worth,N,1 Boyd Junction,NSW,Australia,2460,5.0,3892.68
979,Kayla,Falkingham,Female,42,1959-12-25,63.0,Budget/Accounting Analyst I,Manufacturing,High Net Worth,N,938 Monica Park,VIC,Australia,3173,5.0,5940.41
980,Max,Gronaver,Female,19,1978-01-23,45.0,Registered Nurse,Health,Mass Customer,N,26204 Monument Alley,NSW,Australia,2289,5.0,6812.98
981,Bud,Smittoune,Male,0,1973-02-19,50.0,NA,Retail,Mass Customer,N,36 Grayhawk Plaza,NSW,Australia,2031,7.0,9535.41
982,Tibold,Bonwell,Male,14,1960-02-12,63.0,Geologist III,Health,High Net Worth,N,8276 Hudson Trail,NSW,Australia,2250,6.0,3523.95
983,Shaylyn,Riggs,U,49,,,,IT,Affluent Customer,N,3638 Starling Alley,NSW,Australia,2027,8.0,10202.77
984,Luciano,Weddup,Male,89,1954-03-25,69.0,Programmer I,Manufacturing,Affluent Customer,N,7380 Canary Pass,VIC,Australia,3111,8.0,7223.72
985,Aryn,O'Halloran,Female,29,1970-09-30,52.0,Help Desk Operator,Retail,High Net Worth,N,9 Debs Trail,QLD,Australia,4500,4.0,4588.96
986,Barnard,Stranks,Male,3,1994-10-05,28.0,Office Assistant I,Manufacturing,Mass Customer,N,82 Shasta Drive,QLD,Australia,4825,8.0,9063.67
987,Lars,Keher,Male,89,1974-08-29,48.0,Senior Cost Accountant,Financial Services,Affluent Customer,N,9 Goodland Center,QLD,Australia,4213,8.0,9372.79
988,Andree,Simonato,Female,35,1981-01-15,42.0,Director of Sales,Manufacturing,High Net Worth,N,4 Amoth Trail,QLD,Australia,4161,2.0,1088.10
989,Caralie,Morfett,Female,43,1982-05-24,41.0,Project Manager,Financial Services,Mass Customer,N,730 Butternut Trail,QLD,Australia,4018,6.0,7269.96
990,Melissa,Purple,Female,56,1976-04-13,47.0,Administrative Officer,Manufacturing,Mass Customer,N,21780 Service Park,NSW,Australia,2560,7.0,9007.11
991,Lenna,Coales,Female,11,1991-11-29,31.0,Financial Analyst,Financial Services,Mass Customer,N,00745 Huxley Center,VIC,Australia,3757,6.0,8295.94
992,Cordelia,Hawkeswood,Female,6,1958-11-25,64.0,NA,Property,Mass Customer,N,45 Hazelcrest Junction,VIC,Australia,3073,2.0,2986.45
993,Reine,Semken,Female,71,1977-02-18,46.0,Account Coordinator,Agriculture,High Net Worth,N,84019 Porter Trail,NSW,Australia,2871,9.0,6224.64
994,Rhetta,Kupker,Female,62,1977-11-14,45.0,Librarian,Entertainment,Affluent Customer,N,64211 Laurel Alley,VIC,Australia,3141,5.0,4921.72
995,Urbano,Mews,Male,16,1965-11-12,57.0,Information Systems Manager,Health,Mass Customer,N,31369 Meadow Valley Road,QLD,Australia,4034,7.0,9379.04
996,Aura,Bemlott,U,67,,,Assistant Manager,IT,Mass Customer,N,8298 Texas Alley,NSW,Australia,2194,6.0,8437.61
997,Ambros,Kernes,Male,30,1981-07-03,41.0,Teacher,Telecommunications,Mass Customer,N,1 Continental Center,NSW,Australia,2146,7.0,6751.18
998,Petunia,Dufton,Female,66,1965-12-13,57.0,Speech Pathologist,Manufacturing,Affluent Customer,N,0465 Melrose Alley,NSW,Australia,2768,2.0,2067.83
999,Dido,Leyburn,Female,12,1988-04-10,35.0,Recruiting Manager,n/a,High Net Worth,N,5357 Mcguire Plaza,VIC,Australia,3073,10.0,12425.17
1000,Paulie,Castelot,Female,44,1978-08-07,44.0,Compensation Analyst,Financial Services,Mass Customer,N,4757 Texas Trail,VIC,Australia,3136,9.0,10183.70
1001,Finley,Vost,Male,63,1979-08-27,43.0,Recruiter,Retail,Mass Customer,N,27 Sunfield Center,QLD,Australia,4869,7.0,7328.52
1002,Pacorro,Clairmont,Male,65,1978-08-30,44.0,Business Systems Development Analyst,n/a,Mass Customer,N,656 Bartelt Parkway,VIC,Australia,3127,4.0,5038.32
1003,Mariann,O'Geaney,Female,35,1968-02-03,55.0,Paralegal,Financial Services,High Net Worth,N,610 Lakewood Gardens Point,QLD,Australia,4078,9.0,7627.44
1004,Colas,Pumfrett,Male,35,1975-07-09,47.0,Business Systems Development Analyst,IT,High Net Worth,N,61 Lukken Plaza,VIC,Australia,3182,6.0,8061.10
1005,Kalila,Birtwistle,Female,94,1967-09-15,55.0,Design Engineer,IT,High Net Worth,N,67 Holmberg Way,NSW,Australia,2165,5.0,6018.37
1006,Norbert,Gotcher,Male,15,1977-08-10,45.0,Quality Control Specialist,Telecommunications,Affluent Customer,N,3383 Fair Oaks Circle,VIC,Australia,3046,8.0,11024.90
1007,Cord,Warriner,Male,58,1996-06-08,27.0,NA,Retail,Mass Customer,N,2 Vermont Avenue,NSW,Australia,2066,7.0,9588.36
1008,Lorry,Booley,Female,47,1975-11-10,47.0,Teacher,n/a,Mass Customer,N,486 Atwood Pass,NSW,Australia,2065,4.0,5888.44
1009,Nolie,Orring,Female,16,1957-05-09,66.0,Research Associate,Manufacturing,High Net Worth,N,05 Loftsgordon Pass,QLD,Australia,4380,5.0,4510.55
1010,Leighton,Ebbles,Male,24,1963-01-26,60.0,Nurse,Financial Services,Affluent Customer,N,570 Butternut Pass,NSW,Australia,2340,4.0,2045.64
1011,Cymbre,Janos,Female,42,1985-07-19,37.0,Occupational Therapist,Health,High Net Worth,N,63 Grayhawk Pass,NSW,Australia,2769,3.0,2390.67
1012,Anna-diane,Preddle,Female,20,1955-05-20,68.0,Software Test Engineer III,n/a,High Net Worth,N,44594 5th Street,QLD,Australia,4220,4.0,2981.24
1013,Corissa,Zienkiewicz,Female,53,1976-09-06,46.0,Physical Therapy Assistant,Retail,High Net Worth,N,495 Elmside Drive,NSW,Australia,2179,6.0,6636.09
1014,Miller,Faloon,Male,60,1960-10-14,62.0,Senior Developer,Property,Mass Customer,N,9 Macpherson Avenue,NSW,Australia,2527,7.0,6811.71
1015,Toiboid,Sorrel,Male,7,1955-04-01,68.0,Web Developer I,Health,Mass Customer,N,738 Division Street,VIC,Australia,3024,6.0,7096.79
1016,Adrian,Prettyjohns,Male,0,1959-08-12,63.0,Legal Assistant,IT,Mass Customer,N,5 Sheridan Circle,VIC,Australia,3934,6.0,5697.80
1017,Jacquenette,Pluthero,Female,88,1979-01-09,44.0,Assistant Media Planner,Entertainment,High Net Worth,N,42 Lunder Drive,NSW,Australia,2027,3.0,3850.13
1018,Matthiew,Ferreras,Male,1,1994-11-27,28.0,Help Desk Operator,Manufacturing,Mass Customer,N,3 Hayes Court,VIC,Australia,3109,5.0,6164.88
1019,Ignazio,Milby,Male,42,1973-11-19,49.0,Human Resources Assistant II,Manufacturing,Mass Customer,N,711 Sachtjen Point,NSW,Australia,2540,5.0,5805.35
1020,Natala,Thorndale,Female,29,1975-11-10,47.0,NA,IT,Affluent Customer,N,16395 Nevada Lane,NSW,Australia,2145,4.0,4075.21
1021,Elvis,Rixon,Male,16,1977-10-02,45.0,Mechanical Systems Engineer,Retail,High Net Worth,N,0996 Cody Terrace,NSW,Australia,2761,8.0,6247.14
1022,Suzann,Wilks,Female,56,1990-03-04,33.0,Assistant Manager,Financial Services,Affluent Customer,N,80424 Corben Alley,NSW,Australia,2136,5.0,8161.40
1023,Iseabal,Fullbrook,Female,16,1991-07-23,31.0,NA,Financial Services,Affluent Customer,N,37208 Golf View Terrace,NSW,Australia,2145,2.0,1579.39
1024,Rhodia,D'Onise,Female,17,1992-06-05,31.0,Social Worker,Health,High Net Worth,N,1128 Golden Leaf Center,VIC,Australia,3124,8.0,7556.99
1025,Ario,Jeromson,Male,69,1997-07-30,25.0,Quality Engineer,IT,Mass Customer,N,4885 Stone Corner Alley,VIC,Australia,3046,8.0,9185.53
1026,Vernon,Hakking,Male,66,1994-07-29,28.0,NA,Financial Services,Affluent Customer,N,66 Hudson Crossing,NSW,Australia,2153,7.0,5887.49
1027,Rolando,Sherewood,Male,33,1966-10-07,56.0,Statistician I,Financial Services,Affluent Customer,N,5287 Wayridge Alley,NSW,Australia,2069,6.0,6580.15
1028,Thorn,Torfin,Male,10,1999-08-11,23.0,Project Manager,n/a,High Net Worth,N,15393 Cody Lane,NSW,Australia,2046,7.0,10547.91
1029,Forbes,Londors,Male,71,1997-02-15,26.0,VP Sales,n/a,Mass Customer,N,1 Mcbride Center,NSW,Australia,2484,6.0,6223.08
1030,Nariko,Dummigan,Female,9,1962-05-05,61.0,Food Chemist,Health,Mass Customer,N,4870 Shelley Alley,VIC,Australia,3225,8.0,12000.71
1031,Roi,Ogden,Male,75,1983-09-15,39.0,Junior Executive,Manufacturing,Mass Customer,N,65634 Del Mar Crossing,QLD,Australia,4053,3.0,2894.89
1032,Maribelle,Werndly,Female,36,1978-07-18,44.0,Executive Secretary,n/a,Mass Customer,N,8572 Melvin Drive,VIC,Australia,3145,8.0,7735.04
1033,Jacob,Claringbold,Male,70,1995-01-06,28.0,NA,n/a,Affluent Customer,N,5549 Bay Point,QLD,Australia,4068,9.0,12744.87
1034,Denney,Cretney,Male,16,1976-05-12,47.0,NA,n/a,High Net Worth,N,9 Forest Circle,NSW,Australia,2324,2.0,1836.89
1035,Kara-lynn,Doddridge,Female,77,1976-11-02,46.0,Operator,Retail,Affluent Customer,N,6 Kedzie Hill,NSW,Australia,2214,3.0,1848.79
1036,Randene,Ingle,Female,6,1969-11-28,53.0,Paralegal,Financial Services,Mass Customer,N,60601 Hoffman Court,NSW,Australia,2041,5.0,7125.26
1037,Sissie,Rielly,Female,95,1956-08-08,66.0,Human Resources Assistant II,Financial Services,Mass Customer,N,1715 Scoville Drive,NSW,Australia,2031,8.0,7824.79
1038,Fraser,Acome,U,57,,,Engineer I,Manufacturing,Mass Customer,N,85 Laurel Trail,VIC,Australia,3809,4.0,6534.46
1039,Nona,Diamant,Female,24,1975-03-14,48.0,NA,n/a,High Net Worth,N,3082 Almo Center,NSW,Australia,2454,7.0,7832.53
1040,Jacenta,Wedlock,Female,78,1975-03-04,48.0,Food Chemist,Health,High Net Worth,N,27135 Melvin Plaza,QLD,Australia,4556,4.0,3245.44
1041,Free,Bonniface,Male,95,1959-05-25,64.0,NA,Property,Affluent Customer,N,40 Kinsman Pass,NSW,Australia,2065,4.0,4271.03
1042,Isacco,Woodwind,Male,0,1976-01-14,47.0,Nuclear Power Engineer,Manufacturing,High Net Worth,N,094 Green Road,NSW,Australia,2216,3.0,2958.75
1043,Giorgi,Hurford,Male,34,1986-10-20,36.0,Sales Associate,Financial Services,Mass Customer,N,91 Spohn Plaza,QLD,Australia,4573,10.0,12082.34
1044,Frederico,Whilder,U,4,,,Food Chemist,Health,High Net Worth,N,5 Jana Drive,QLD,Australia,4570,5.0,3461.85
1045,Aeriel,Everest,Female,88,1986-05-08,37.0,NA,Financial Services,Mass Customer,N,201 Pepper Wood Avenue,NSW,Australia,2154,3.0,4405.60
1046,Shir,Clevely,Female,0,1955-07-23,67.0,Budget/Accounting Analyst II,n/a,Affluent Customer,N,4408 Haas Way,NSW,Australia,2171,5.0,4373.28
1047,Standford,Tanswill,Male,39,1978-09-03,44.0,VP Accounting,Financial Services,Affluent Customer,N,6 Pawling Trail,NSW,Australia,2871,8.0,7827.85
1048,Braden,Lamming,Male,99,1976-06-08,47.0,Internal Auditor,n/a,Affluent Customer,N,31111 Hoepker Road,VIC,Australia,3034,7.0,6677.74
1049,Fraser,Gaenor,Male,35,1996-03-02,27.0,Software Consultant,Property,Mass Customer,N,79 Lighthouse Bay Lane,VIC,Australia,3082,10.0,11643.99
1050,Marjie,Ghion,Female,7,1973-07-29,49.0,Software Consultant,Telecommunications,Mass Customer,N,2354 Forster Road,NSW,Australia,2131,6.0,5224.40
1051,Xylia,Lange,Female,34,1977-09-29,45.0,Help Desk Technician,Property,High Net Worth,N,5271 Vernon Court,VIC,Australia,3207,5.0,3485.49
1052,Dela,Flannigan,Female,31,1986-02-02,37.0,Junior Executive,Financial Services,High Net Worth,N,06 Declaration Hill,VIC,Australia,3184,6.0,7128.30
1053,Davon,Stanyland,Male,98,1962-05-20,61.0,NA,Manufacturing,Mass Customer,N,07716 5th Alley,NSW,Australia,2250,3.0,4501.50
1054,Natal,Matiewe,Male,27,1983-08-09,39.0,Nuclear Power Engineer,Manufacturing,Mass Customer,N,10 Pennsylvania Hill,NSW,Australia,2118,8.0,8896.27
1055,Danell,Rose,Female,30,1988-06-08,35.0,Data Coordiator,Manufacturing,Mass Customer,N,2330 Huxley Crossing,NSW,Australia,2570,2.0,924.06
1056,Kendricks,Markel,Male,96,1966-12-18,56.0,Software Test Engineer IV,Manufacturing,Affluent Customer,N,5811 Hanson Lane,NSW,Australia,2260,7.0,8781.55
1057,Laryssa,Durdle,Female,73,1969-04-06,54.0,Registered Nurse,Health,Mass Customer,N,7 Main Crossing,NSW,Australia,2065,4.0,6190.95
1058,Gretel,Gionettitti,Female,37,1987-10-24,35.0,Research Assistant IV,Retail,Affluent Customer,N,682 Spenser Plaza,VIC,Australia,3977,3.0,2882.09
1059,Chantal,Plante,Female,68,1968-02-16,55.0,Account Representative III,Entertainment,High Net Worth,N,1149 Riverside Parkway,NSW,Australia,2016,2.0,1514.56
1060,Vanda,Boadby,Female,88,1961-11-23,61.0,Associate Professor,Agriculture,Affluent Customer,N,1176 Pine View Lane,NSW,Australia,2112,6.0,9606.77
1061,Anderson,,Male,34,1988-11-07,34.0,Speech Pathologist,Financial Services,Mass Customer,N,22 Sachtjen Avenue,NSW,Australia,2137,6.0,4056.76
1062,Tish,Mowett,Female,32,1975-09-28,47.0,Junior Executive,n/a,Mass Customer,N,6 Pankratz Crossing,NSW,Australia,2228,6.0,8523.76
1063,Terrence,Geck,Male,22,1987-03-01,36.0,Actuary,Financial Services,Affluent Customer,N,6988 Acker Crossing,NSW,Australia,2217,6.0,6961.36
1064,Thornie,Andrusov,Male,3,1977-06-13,46.0,Librarian,Entertainment,Affluent Customer,N,9993 Mccormick Street,NSW,Australia,2223,3.0,5404.67
1065,Chilton,Ghirigori,Male,8,1962-06-27,61.0,Quality Engineer,Financial Services,Mass Customer,N,7 Holmberg Circle,NSW,Australia,2018,6.0,4709.66
1066,Hailey,Ricciardi,Male,45,1995-10-06,27.0,Recruiter,Telecommunications,High Net Worth,N,7 Village Green Circle,VIC,Australia,3109,3.0,1628.24
1067,Berri,Cotillard,Female,13,1965-05-17,58.0,Engineer IV,Financial Services,Mass Customer,N,4044 Tennessee Parkway,NSW,Australia,2315,2.0,2417.56
1068,Frazer,Searston,Male,5,1995-03-21,28.0,NA,Health,Mass Customer,N,4297 Emmet Lane,NSW,Australia,2170,14.0,15269.55
1069,Reese,Titterington,Male,85,1976-04-15,47.0,Web Designer I,Telecommunications,Mass Customer,N,6 Sycamore Drive,QLD,Australia,4053,5.0,6910.50
1070,Albert,Gomery,Male,5,1995-06-04,28.0,Account Representative IV,n/a,Mass Customer,N,6 Barby Road,QLD,Australia,4300,4.0,6276.30
1071,Chrisy,Miranda,Male,68,1986-12-29,36.0,NA,Retail,High Net Worth,N,37495 Summerview Park,NSW,Australia,2619,6.0,6438.17
1072,Curt,Petrello,Male,60,1957-06-01,66.0,Senior Cost Accountant,Financial Services,High Net Worth,N,3 Center Crossing,NSW,Australia,2452,3.0,2238.67
1073,Elbertina,Donne,Female,77,1980-02-25,43.0,Associate Professor,n/a,Affluent Customer,N,19386 Burrows Way,NSW,Australia,2229,6.0,7028.26
1074,Griswold,Juett,Male,43,1974-07-14,48.0,Accounting Assistant IV,n/a,High Net Worth,N,4 Quincy Trail,NSW,Australia,2800,8.0,8966.69
1075,Cullin,Elcoate,Male,26,1967-07-25,55.0,Administrative Officer,Manufacturing,High Net Worth,N,69881 Westport Parkway,NSW,Australia,2880,7.0,5130.18
1076,Siegfried,Trattles,Male,33,2000-06-06,23.0,Pharmacist,Health,Affluent Customer,N,44 Ramsey Road,NSW,Australia,2515,12.0,14955.61
1077,Sheba,Este,Female,8,1955-10-11,67.0,NA,Telecommunications,Mass Customer,N,12764 Raven Plaza,QLD,Australia,4020,6.0,7084.38
1078,Abe,Pilley,Male,69,1976-06-05,47.0,Executive Secretary,Manufacturing,Mass Customer,N,356 Petterle Way,NSW,Australia,2193,6.0,5331.27
1079,Dennie,Anglois,Male,70,1978-01-03,45.0,Nurse Practicioner,Manufacturing,Mass Customer,N,2827 Fallview Lane,NSW,Australia,2064,4.0,3829.11
1080,Monah,Talbot,Female,70,1999-12-26,23.0,Speech Pathologist,Property,Mass Customer,N,7 Del Sol Road,QLD,Australia,4220,3.0,3133.43
1081,Marga,Cradduck,Female,25,1985-10-21,37.0,Social Worker,Health,Mass Customer,N,05415 Basil Junction,NSW,Australia,2450,5.0,6575.80
1082,Guinevere,Kelby,U,90,,,Financial Analyst,Financial Services,Mass Customer,N,09 Warbler Court,QLD,Australia,4152,5.0,4492.05
1083,Chadd,Fowlds,Male,46,1996-08-07,26.0,VP Product Management,n/a,Affluent Customer,N,847 David Hill,QLD,Australia,4035,2.0,2991.56
1084,Serena,Jagson,Female,54,1994-05-18,29.0,Accounting Assistant I,Retail,Affluent Customer,N,24596 Hoepker Avenue,NSW,Australia,2322,11.0,11958.78
1085,Lucho,Strafen,Male,4,1975-09-12,47.0,Internal Auditor,Health,Mass Customer,N,75 Mesta Hill,QLD,Australia,4509,4.0,3009.34
1086,Ezechiel,Parnall,Male,84,1989-06-21,34.0,Statistician IV,Property,Mass Customer,N,7258 Mandrake Terrace,VIC,Australia,3138,9.0,9669.68
1087,Lian,Madrell,Female,39,1979-09-18,43.0,Financial Analyst,Financial Services,Mass Customer,N,84741 Scoville Terrace,VIC,Australia,3029,3.0,3535.79
1088,Andy,Polgreen,Female,19,1989-07-21,33.0,Design Engineer,n/a,High Net Worth,N,04328 Rowland Plaza,VIC,Australia,3441,6.0,5005.10
1089,Korney,Hess,Female,90,1988-09-17,34.0,Product Engineer,Property,Affluent Customer,N,332 Maywood Crossing,VIC,Australia,3136,7.0,6776.48
1090,Lorettalorna,,Female,15,1975-07-15,47.0,Computer Systems Analyst II,Telecommunications,Affluent Customer,N,6026 Graceland Crossing,NSW,Australia,2121,7.0,6866.68
1091,Keith,Housden,Male,19,1980-04-15,43.0,NA,Health,Mass Customer,N,0 Fremont Court,VIC,Australia,3023,11.0,12168.89
1092,Katlin,Creddon,Female,56,1935-08-22,87.0,VP Quality Control,Retail,Mass Customer,N,5515 Artisan Center,VIC,Australia,3337,5.0,5349.80
1093,Clarita,Penright,Female,63,1996-09-13,26.0,Business Systems Development Analyst,n/a,Affluent Customer,N,0 Nevada Pass,NSW,Australia,2216,9.0,13399.48
1094,Shaughn,Salters,Male,48,1975-12-27,47.0,Dental Hygienist,Health,High Net Worth,N,06 Heffernan Junction,QLD,Australia,4074,7.0,5660.59
1095,Emelda,Gerler,Female,2,1958-08-29,64.0,Project Manager,Health,Mass Customer,N,04 Onsgard Center,NSW,Australia,2101,4.0,6916.04
1096,Jakie,Mungham,Male,33,1969-11-29,53.0,Software Test Engineer I,Health,High Net Worth,N,37 Division Way,NSW,Australia,2153,5.0,3484.67
1097,Gwenora,Grabbam,Female,71,1968-01-31,55.0,Engineer II,Financial Services,Mass Customer,N,9623 Fisk Plaza,NSW,Australia,2164,4.0,2922.56
1098,Maure,Crow,Female,99,1989-02-01,34.0,Administrative Assistant IV,Financial Services,Mass Customer,N,9419 Homewood Way,NSW,Australia,2160,8.0,8167.92
1099,Jarrett,Maffia,Male,12,1975-01-13,48.0,Tax Accountant,Manufacturing,Affluent Customer,N,26349 Spaight Junction,NSW,Australia,2756,2.0,1248.96
1100,Cord,Braundt,Male,59,1983-01-02,40.0,Engineer I,Manufacturing,Mass Customer,N,1063 Forest Avenue,QLD,Australia,4510,3.0,3288.99
1101,Haily,McWilliams,Female,76,1968-12-22,54.0,Senior Editor,n/a,Mass Customer,N,548 Dahle Lane,NSW,Australia,2075,5.0,6377.62
1102,Stephana,Puzey,Female,16,1976-08-17,46.0,Recruiting Manager,Manufacturing,Affluent Customer,N,4 Barby Road,NSW,Australia,2647,8.0,9732.59
1103,Glynnis,Sailor,Female,76,1978-01-30,45.0,Financial Advisor,Financial Services,High Net Worth,N,258 Luster Court,NSW,Australia,2154,12.0,11431.32
1104,Jewelle,Pincott,Female,82,1959-12-31,63.0,Programmer III,Retail,Mass Customer,N,22669 Lien Center,NSW,Australia,2565,7.0,6792.40
1105,Sherman,McCusker,Male,39,1990-02-10,33.0,General Manager,n/a,Mass Customer,N,9 Autumn Leaf Court,NSW,Australia,2731,2.0,3965.44
1106,Sibyl,Bigmore,Female,2,1962-12-17,60.0,Software Consultant,Retail,Mass Customer,N,9 Superior Plaza,VIC,Australia,3185,9.0,12036.83
1107,Maridel,Whitby,Female,70,1974-07-17,48.0,Social Worker,Health,High Net Worth,N,86603 Dexter Road,NSW,Australia,2164,6.0,4032.66
1108,Ginnie,Farriar,Female,86,1962-03-06,61.0,Dental Hygienist,Health,Mass Customer,N,8 Ridgeview Park,NSW,Australia,2323,4.0,2352.63
1109,Nestor,Billingsley,Male,21,1989-09-01,33.0,Web Developer II,Entertainment,High Net Worth,N,4754 Ramsey Junction,VIC,Australia,3130,3.0,1370.61
1110,Lazar,Cherryman,Male,73,1991-03-17,32.0,Information Systems Manager,Retail,High Net Worth,N,9 Dayton Alley,VIC,Australia,3757,6.0,6244.75
1111,Zach,Maynard,Male,96,1960-03-04,63.0,Director of Sales,n/a,High Net Worth,N,08 Carey Center,VIC,Australia,3284,7.0,4680.45
1112,Jarrett,Chiplin,Male,25,1981-05-22,42.0,NA,n/a,Mass Customer,N,915 Thackeray Junction,NSW,Australia,2204,3.0,3589.44
1113,Dorie,Willock,Male,45,1992-06-24,31.0,Recruiter,Property,Mass Customer,N,515 3rd Road,NSW,Australia,2037,9.0,11903.66
1114,Evonne,Southan,Female,96,1976-06-03,47.0,Structural Engineer,Retail,Mass Customer,N,184 Roth Pass,QLD,Australia,4211,4.0,5012.06
1115,Merola,Stutard,Female,33,1970-01-18,53.0,Account Coordinator,n/a,High Net Worth,N,84 Porter Alley,NSW,Australia,2153,9.0,8088.44
1116,Tori,Coche,Female,59,1974-06-26,49.0,Assistant Manager,Health,Mass Customer,N,79494 Ruskin Circle,NSW,Australia,2527,3.0,4932.34
1117,Georgena,Guilaem,Female,83,1975-12-01,47.0,Quality Engineer,n/a,Affluent Customer,N,98 Schiller Junction,NSW,Australia,2747,10.0,9574.75
1118,Colline,Coulman,Female,95,1975-12-19,47.0,Sales Representative,Retail,Mass Customer,N,20519 Katie Circle,NSW,Australia,2152,4.0,3892.37
1119,Lemmy,Bennit,Male,43,1976-10-09,46.0,NA,Entertainment,Mass Customer,N,2273 Oneill Place,NSW,Australia,2118,7.0,12345.34
1120,Jacquelyn,Rowlinson,Female,87,1980-08-31,42.0,Web Developer IV,Retail,Affluent Customer,N,03 6th Alley,NSW,Australia,2168,6.0,6481.36
1121,Dione,Raithby,Female,30,1984-01-21,39.0,Registered Nurse,Health,Mass Customer,N,8548 Hanover Park,NSW,Australia,2067,2.0,2973.36
1122,Gerladina,Carney,Female,59,1985-12-19,37.0,NA,n/a,Mass Customer,N,4079 Lindbergh Center,VIC,Australia,3021,5.0,5105.16
1123,Dominick,Downey,Male,50,1962-06-18,61.0,NA,Property,Mass Customer,N,338 Grasskamp Lane,NSW,Australia,2573,5.0,7198.58
1124,Eben,Threader,Male,36,1965-02-03,58.0,Health Coach III,Health,Affluent Customer,N,0355 3rd Drive,NSW,Australia,2118,3.0,4258.26
1125,Raff,Everley,Male,25,1990-01-19,33.0,Software Test Engineer III,IT,Affluent Customer,N,0182 Esker Center,NSW,Australia,2759,5.0,4186.71
1126,Atlante,Sonley,Female,77,1973-09-27,49.0,Executive Secretary,n/a,Mass Customer,N,48 Sheridan Road,VIC,Australia,3185,4.0,5118.58
1127,Elly,Ormshaw,Female,30,1991-02-27,32.0,Physical Therapy Assistant,Financial Services,Mass Customer,N,1879 Mitchell Center,NSW,Australia,2206,4.0,5595.53
1128,Kirsten,Longman,Female,47,1992-04-12,31.0,Financial Advisor,Financial Services,Mass Customer,N,81114 7th Place,QLD,Australia,4869,5.0,5855.44
1129,Hercule,,Male,2,1977-06-29,45.0,VP Marketing,Entertainment,Mass Customer,N,1 Nevada Park,QLD,Australia,4226,13.0,20332.26
1130,Juli,Prine,Female,90,1964-12-06,58.0,Sales Associate,n/a,Mass Customer,N,6 Buell Point,NSW,Australia,2062,5.0,6757.36
1131,Sigmund,Barkworth,Male,16,1956-08-07,66.0,VP Marketing,n/a,Mass Customer,N,4284 Debra Drive,QLD,Australia,4814,8.0,11243.92
1132,Coriss,Darkott,Female,99,1985-08-01,37.0,Actuary,Financial Services,Affluent Customer,N,8 Hansons Street,VIC,Australia,3076,9.0,11357.67
1133,Forrester,McFetridge,Male,88,1968-01-26,55.0,NA,Manufacturing,Affluent Customer,N,7674 Roxbury Junction,QLD,Australia,4815,7.0,9991.28
1134,Sullivan,Scullion,Male,22,1994-09-30,28.0,Administrative Assistant IV,Financial Services,Affluent Customer,N,771 Sugar Way,NSW,Australia,2076,7.0,7624.85
1135,Mireielle,Avrasin,Female,60,1980-05-03,43.0,Software Engineer IV,Financial Services,Mass Customer,N,1792 Judy Road,NSW,Australia,2539,3.0,3530.65
1136,Ivan,Blackhall,Male,72,1977-08-31,45.0,Executive Secretary,Property,High Net Worth,N,92 Melvin Hill,NSW,Australia,2147,6.0,5758.33
1137,Jermayne,Hryniewicki,Male,46,1977-07-03,45.0,Business Systems Development Analyst,n/a,Mass Customer,N,592 Merry Lane,VIC,Australia,3184,9.0,8654.94
1138,Elli,Loxdale,Female,77,1991-09-21,31.0,Statistician I,Retail,Mass Customer,N,6 Dapin Park,QLD,Australia,4503,6.0,7984.91
1139,Shellysheldon,Wickey,Male,52,1982-09-15,40.0,Editor,Manufacturing,Mass Customer,N,03 Holmberg Park,QLD,Australia,4127,4.0,3684.36
1140,Deana,Rathbourne,Female,32,1986-02-25,37.0,Executive Secretary,n/a,Mass Customer,N,8587 Graceland Way,NSW,Australia,2206,13.0,17199.72
1141,Shannah,Gritsaev,Female,70,1981-09-19,41.0,NA,Financial Services,High Net Worth,N,91 Messerschmidt Trail,VIC,Australia,3162,5.0,4068.93
1142,Michal,Paiton,Male,95,1998-05-07,25.0,Desktop Support Technician,Telecommunications,Mass Customer,N,5998 Bayside Terrace,NSW,Australia,2526,4.0,5342.33
1143,Goraud,Boissieux,Male,64,1955-03-06,68.0,Office Assistant IV,Health,Mass Customer,N,107 Moland Court,NSW,Australia,2579,5.0,7112.88
1144,Damon,Phelip,Male,73,1996-12-12,26.0,Environmental Specialist,Health,High Net Worth,N,4439 7th Terrace,NSW,Australia,2177,7.0,8542.39
1145,Korella,Begin,Female,80,1965-09-26,57.0,NA,Property,Mass Customer,N,2272 Dennis Alley,VIC,Australia,3165,2.0,2956.09
1146,Hadleigh,Birley,Male,88,1992-08-31,30.0,Assistant Professor,Financial Services,High Net Worth,N,0 Scofield Plaza,VIC,Australia,3201,2.0,2213.67
1147,Tate,Studholme,Male,71,1968-07-09,54.0,Health Coach II,Entertainment,High Net Worth,N,51152 Brickson Park Crossing,NSW,Australia,2768,6.0,7374.57
1148,Inigo,Ojeda,Male,60,1987-09-28,35.0,Statistician IV,Financial Services,High Net Worth,N,4668 Coleman Street,NSW,Australia,2160,3.0,3233.37
1149,Ki,Odo,Female,29,1967-09-30,55.0,Developer III,n/a,Affluent Customer,N,8 Moland Junction,NSW,Australia,2148,4.0,5793.36
1150,Bernelle,Warwick,Female,64,1975-09-26,47.0,Information Systems Manager,Financial Services,Mass Customer,N,1 Raven Junction,QLD,Australia,4502,5.0,8439.82
1151,Brena,Amburgy,Female,27,1965-04-06,58.0,VP Product Management,Agriculture,High Net Worth,N,40570 Acker Alley,NSW,Australia,2166,5.0,4572.24
1152,Humfrid,Ducket,Male,47,1998-06-23,25.0,Business Systems Development Analyst,Financial Services,Mass Customer,N,893 Petterle Trail,QLD,Australia,4551,8.0,10479.03
1153,Mirilla,Lothlorien,Female,53,1995-01-17,28.0,Desktop Support Technician,Health,Mass Customer,N,84 Monument Terrace,QLD,Australia,4127,5.0,3868.87
1154,Chase,Youd,Male,26,1974-11-24,48.0,Research Nurse,Health,Mass Customer,N,0103 Bay Junction,NSW,Australia,2222,6.0,3442.78
1155,Janetta,Hartrick,Female,73,1994-01-15,29.0,VP Marketing,Property,Mass Customer,N,9618 Havey Place,NSW,Australia,2710,7.0,7312.41
1156,Breena,Risebrow,Female,22,1997-10-16,25.0,Marketing Assistant,Agriculture,Mass Customer,N,098 Veith Hill,QLD,Australia,4510,4.0,5965.44
1157,Saunder,Camerati,Male,69,1974-04-03,49.0,Research Nurse,Health,Affluent Customer,N,03058 Shoshone Lane,NSW,Australia,2090,7.0,9582.75
1158,Butch,Geertje,Male,85,1985-02-17,38.0,Senior Quality Engineer,n/a,Mass Customer,N,7975 Browning Plaza,VIC,Australia,3038,7.0,9605.92
1159,Elbert,Bridgement,Male,94,1993-01-28,30.0,Librarian,Entertainment,Mass Customer,N,154 Cambridge Point,VIC,Australia,3551,4.0,6649.77
1160,Trisha,Nisuis,Female,98,1965-04-08,58.0,Speech Pathologist,IT,Affluent Customer,N,3 Sachs Point,NSW,Australia,2250,3.0,3192.01
1161,Sibylle,Cutsforth,Female,86,1977-01-14,46.0,Senior Quality Engineer,Retail,Mass Customer,N,0386 Mayfield Way,QLD,Australia,4122,4.0,4151.98
1162,Ambrose,Raiston,Male,29,1990-04-13,33.0,Marketing Assistant,n/a,Mass Customer,N,24 Merchant Plaza,VIC,Australia,3031,4.0,5369.27
1163,Manolo,Dwire,Male,77,1981-11-13,41.0,Cost Accountant,Financial Services,High Net Worth,N,353 Oneill Park,VIC,Australia,3145,5.0,2515.13
1164,Gilligan,Mowat,Female,97,1977-01-09,46.0,Food Chemist,Health,Mass Customer,N,92867 Lukken Lane,VIC,Australia,3142,3.0,2620.30
1165,Fanni,Wakelin,Female,58,1993-06-23,30.0,Administrative Assistant IV,Financial Services,High Net Worth,N,11 Corscot Plaza,NSW,Australia,2710,9.0,6199.00
1166,Fannie,Devil,Female,40,1972-12-05,50.0,Quality Control Specialist,Health,Affluent Customer,N,13 Buhler Plaza,NSW,Australia,2576,6.0,9085.48
1167,Elberta,Crickett,Female,20,1996-06-03,27.0,Software Test Engineer III,Health,Mass Customer,N,72673 Mayfield Trail,QLD,Australia,4209,4.0,4106.64
1168,Iosep,Shaddick,Male,44,1965-02-16,58.0,Pharmacist,Health,Affluent Customer,N,42739 Moose Pass,VIC,Australia,3442,7.0,11204.43
1169,Kessiah,Corden,Female,33,1967-08-09,55.0,Actuary,Financial Services,Mass Customer,N,3 Atwood Lane,NSW,Australia,2153,7.0,8147.53
1170,Lari,Rotte,Female,62,1964-11-30,58.0,Assistant Professor,IT,Mass Customer,N,378 Prentice Point,QLD,Australia,4064,5.0,6345.10
1171,Ilise,Solloway,Female,32,1971-08-15,51.0,Human Resources Manager,n/a,Affluent Customer,N,95 Forest Run Drive,QLD,Australia,4152,9.0,10304.81
1172,Smith,Babbs,Male,48,1974-04-12,49.0,Recruiter,n/a,Mass Customer,N,20 Main Road,NSW,Australia,2230,6.0,7076.84
1173,Gertie,Chaim,Female,58,1978-03-02,45.0,Statistician IV,Retail,High Net Worth,N,71 Cherokee Hill,NSW,Australia,2127,3.0,1828.67
1174,Shellysheldon,Gooderridge,U,9,,,Executive Secretary,IT,Mass Customer,N,698 Summer Ridge Way,NSW,Australia,2529,3.0,3466.93
1175,Paige,Hodgin,Male,8,1985-09-22,37.0,Human Resources Manager,n/a,Mass Customer,N,79 Grasskamp Center,NSW,Australia,2170,2.0,3022.61
1176,Celia,Dockerty,Female,7,1976-01-16,47.0,Software Engineer IV,n/a,Affluent Customer,N,6541 Dahle Junction,NSW,Australia,2212,4.0,3909.54
1177,Bobbette,Pozzi,Female,47,1953-08-31,69.0,Food Chemist,Health,Affluent Customer,N,858 Swallow Parkway,NSW,Australia,2150,8.0,9397.18
1178,Angelo,Byne,Male,1,1970-05-26,53.0,Pharmacist,Health,Mass Customer,N,0005 Independence Drive,NSW,Australia,2118,8.0,10740.09
1179,Kerry,Pashenkov,Male,56,1988-08-15,34.0,Media Manager IV,Financial Services,High Net Worth,N,525 Kedzie Street,QLD,Australia,4012,4.0,4629.33
1180,Gaye,Quickenden,Female,48,1975-08-17,47.0,Account Representative I,Financial Services,Affluent Customer,N,03890 Logan Court,NSW,Australia,2747,4.0,3870.83
1181,Brita,Plant,Female,2,1978-06-06,45.0,Tax Accountant,Agriculture,Mass Customer,N,8 Clyde Gallagher Court,QLD,Australia,4217,10.0,11015.48
1182,Carolann,Ottiwill,Female,84,1975-01-11,48.0,Data Coordiator,IT,Mass Customer,N,62 Elka Terrace,NSW,Australia,2430,8.0,8370.49
1183,Joe,Shalliker,Male,50,1958-11-14,64.0,Media Manager II,n/a,Affluent Customer,N,85931 Johnson Alley,VIC,Australia,3039,5.0,7060.07
1184,Auberta,Teodori,Female,89,1968-10-07,54.0,Social Worker,Health,Mass Customer,N,63588 Clove Court,NSW,Australia,2017,6.0,7548.17
1185,Xena,Rossbrooke,Female,17,2000-07-23,22.0,VP Product Management,n/a,Mass Customer,N,86 Stang Way,NSW,Australia,2213,3.0,2347.50
1186,Brantley,Cecchi,Male,70,1977-05-28,46.0,Help Desk Operator,Manufacturing,Affluent Customer,N,84 Westridge Hill,NSW,Australia,2061,6.0,5761.87
1187,Antonino,Hogben,Male,65,1998-10-21,24.0,NA,Financial Services,Mass Customer,N,53740 Vera Parkway,VIC,Australia,3644,4.0,2382.42
1188,Sally,Cominoli,Female,14,1984-02-23,39.0,Statistician IV,n/a,Affluent Customer,N,2 Ramsey Parkway,NSW,Australia,2104,2.0,3043.90
1189,Mart,Bazoche,Male,22,1988-08-29,34.0,Geologist I,Health,High Net Worth,N,651 Mesta Drive,VIC,Australia,3173,4.0,1839.93
1190,Sib,Gilby,Female,67,1968-09-07,54.0,Assistant Professor,Financial Services,Affluent Customer,N,1 Merrick Parkway,NSW,Australia,2830,6.0,5299.01
1191,Merrielle,Vegas,Female,20,1996-05-22,27.0,Director of Sales,n/a,Mass Customer,N,135 Crest Line Drive,NSW,Australia,2044,8.0,8417.56
1192,Hollyanne,McCarter,Female,31,1969-12-12,53.0,VP Quality Control,Manufacturing,Mass Customer,N,63576 Anzinger Trail,NSW,Australia,2168,5.0,4306.09
1193,Quintus,Whear,Male,58,1986-01-21,37.0,Safety Technician I,Retail,High Net Worth,N,05 Charing Cross Plaza,NSW,Australia,2320,4.0,3197.84
1194,Audry,Scurrey,Female,69,1992-03-25,31.0,Junior Executive,Telecommunications,Affluent Customer,N,261 Farmco Drive,QLD,Australia,4118,8.0,9374.89
1195,Ally,Folliott,Female,0,1978-03-22,45.0,VP Marketing,Telecommunications,Mass Customer,N,0 Northport Hill,VIC,Australia,3043,5.0,5568.73
1196,Phillie,Bradforth,Female,23,1998-03-19,25.0,Research Nurse,Health,Mass Customer,N,894 Maple Wood Drive,NSW,Australia,2251,6.0,5307.82
1197,Isobel,Lampett,Female,44,1997-10-16,25.0,Professor,Financial Services,High Net Worth,N,05 Daystar Lane,NSW,Australia,2560,4.0,3964.22
1198,Alina,Rickson,Female,73,1973-09-30,49.0,Sales Representative,Retail,High Net Worth,N,81167 Division Hill,NSW,Australia,2873,6.0,4795.94
1199,Ludovico,Bertot,Male,7,1958-06-14,65.0,VP Accounting,Financial Services,Affluent Customer,N,761 Bellgrove Lane,NSW,Australia,2541,8.0,7687.74
1200,Hedda,Lathom,Female,38,1974-04-30,49.0,Librarian,Entertainment,High Net Worth,N,614 Shopko Trail,QLD,Australia,4350,9.0,6631.87
1201,Stephani,Mellhuish,Female,42,1955-11-28,67.0,NA,Manufacturing,Mass Customer,N,1911 Waxwing Point,NSW,Australia,2761,3.0,2329.42
1202,Rollie,,Male,90,1992-02-26,31.0,Sales Representative,Retail,Mass Customer,N,0 Kedzie Junction,NSW,Australia,2155,3.0,4231.33
1203,Claresta,Carnier,Female,38,1988-05-06,35.0,Technical Writer,Health,Affluent Customer,N,0108 Forster Parkway,QLD,Australia,4017,1.0,1036.59
1204,Trudy,Huffy,Female,12,1971-03-24,52.0,Senior Developer,Manufacturing,Affluent Customer,N,466 Briar Crest Junction,NSW,Australia,2222,3.0,1142.69
1205,Barton,Baudts,Male,38,1978-06-05,45.0,Business Systems Development Analyst,Manufacturing,Affluent Customer,N,6072 Ridge Oak Junction,NSW,Australia,2222,9.0,11569.70
1206,Lucina,Metcalf,Female,13,1978-05-07,45.0,Paralegal,Financial Services,Mass Customer,N,31445 Morningstar Drive,VIC,Australia,3429,2.0,3685.84
1207,Mabel,Marousek,Female,30,1997-09-25,25.0,Engineer IV,Health,Mass Customer,N,22619 Schurz Street,NSW,Australia,2321,7.0,4452.54
1208,Lira,Durn,Female,23,1983-12-26,39.0,Budget/Accounting Analyst IV,Financial Services,Mass Customer,N,61 Kim Avenue,NSW,Australia,2079,5.0,6789.07
1209,Jacky,Jerosch,Male,40,1977-09-06,45.0,Senior Developer,Property,High Net Worth,N,12103 Merchant Circle,VIC,Australia,3072,2.0,1959.06
1210,Shandie,Sprigg,U,81,,,Programmer II,IT,Mass Customer,N,3 Porter Center,NSW,Australia,2230,9.0,10602.15
1211,Gunar,Petasch,Male,45,1978-07-23,44.0,VP Sales,Financial Services,Affluent Customer,N,7 Luster Trail,NSW,Australia,2007,4.0,2677.25
1212,Cindy,Freeborn,Female,28,1968-10-24,54.0,Legal Assistant,Property,Affluent Customer,N,7 Dahle Avenue,NSW,Australia,2620,3.0,3843.34
1213,Matthieu,Schruur,Male,80,1973-10-21,49.0,Accounting Assistant II,n/a,High Net Worth,N,7 Magdeline Trail,VIC,Australia,3034,7.0,7584.81
1214,Martino,Shalcros,Male,0,1989-05-01,34.0,Internal Auditor,Property,High Net Worth,N,275 Lindbergh Parkway,NSW,Australia,2086,4.0,4212.53
1215,Dyann,Turbard,Female,79,1967-02-26,56.0,VP Quality Control,Manufacturing,Mass Customer,N,592 Tennessee Alley,NSW,Australia,2231,8.0,8074.12
1216,Frank,Vallerine,Female,15,1959-06-25,64.0,Software Test Engineer I,Telecommunications,Affluent Customer,N,0 American Ash Parkway,VIC,Australia,3175,4.0,3354.53
1217,Dulcinea,Janssen,Female,67,1968-08-19,54.0,Structural Engineer,Manufacturing,High Net Worth,N,387 Pawling Drive,NSW,Australia,2580,7.0,6512.01
1218,Marlie,Lister,Female,12,1982-01-09,41.0,NA,n/a,Mass Customer,N,0 Evergreen Road,VIC,Australia,3037,6.0,8620.04
1219,Kaine,Parkeson,Male,93,1971-11-04,51.0,NA,Financial Services,Mass Customer,N,51529 Cascade Place,VIC,Australia,3550,3.0,3591.91
1220,Paulie,Akerman,Male,12,1987-06-08,36.0,Editor,n/a,High Net Worth,N,457 Ryan Road,VIC,Australia,3218,5.0,5227.65
1221,Byrom,Draisey,Male,75,1995-09-25,27.0,VP Product Management,Health,High Net Worth,N,94219 Buell Circle,NSW,Australia,2020,7.0,4838.25
1222,Barbey,Ville,Female,83,1970-11-01,52.0,Account Executive,Property,Mass Customer,N,267 Lukken Park,VIC,Australia,3930,3.0,2947.03
1223,Kristyn,,Female,19,1965-01-05,58.0,Senior Sales Associate,Manufacturing,Mass Customer,N,54 Harbort Road,NSW,Australia,2480,8.0,5909.28
1224,Aundrea,Reisenberg,Female,9,1977-04-04,46.0,Junior Executive,Manufacturing,Mass Customer,N,81 American Place,NSW,Australia,2259,8.0,9722.51
1225,Arte,Witchell,Male,5,1988-01-22,35.0,Clinical Specialist,Health,Mass Customer,N,2388 Thackeray Place,VIC,Australia,3130,4.0,5271.60
1226,Constantia,Sirr,Female,32,1981-03-16,42.0,Director of Sales,Health,Mass Customer,N,85957 Basil Way,VIC,Australia,3029,5.0,5710.29
1227,Carlina,Pencot,Female,63,1989-09-30,33.0,Software Engineer I,IT,Affluent Customer,N,01 Cottonwood Junction,NSW,Australia,2285,12.0,10304.65
1228,Marti,Bisterfeld,Female,43,1962-04-27,61.0,Senior Cost Accountant,Financial Services,Affluent Customer,N,37 Sutherland Terrace,NSW,Australia,2830,4.0,4697.17
1229,Sebastian,Trass,Male,38,2000-01-08,23.0,GIS Technical Architect,Manufacturing,Affluent Customer,N,7929 Grasskamp Trail,NSW,Australia,2119,9.0,9721.62
1230,Eben,Powley,Male,61,1985-07-24,37.0,NA,Financial Services,Mass Customer,N,4 Hoard Pass,NSW,Australia,2153,2.0,2351.51
1231,Aloisia,Shawel,Female,94,1973-07-28,49.0,Social Worker,Health,Affluent Customer,N,2 Dunning Alley,NSW,Australia,2120,2.0,2522.28
1232,Stillmann,Wilfling,Male,83,1959-09-12,63.0,Help Desk Operator,Property,Affluent Customer,N,61949 7th Road,QLD,Australia,4573,9.0,11730.44
1233,Keeley,Hawsby,Female,17,1978-07-07,44.0,NA,Retail,Affluent Customer,N,26 Lotheville Court,NSW,Australia,2085,9.0,11674.45
1234,Rancell,Yven,Male,87,1965-04-19,58.0,Geologist I,n/a,Mass Customer,N,3765 Mandrake Alley,NSW,Australia,2763,8.0,8592.99
1235,Sharon,Cranage,Female,24,1969-02-28,54.0,Dental Hygienist,Health,Mass Customer,N,67348 Lakewood Gardens Road,NSW,Australia,2852,3.0,4340.25
1236,Bryanty,Megarrell,Male,75,1974-05-21,49.0,Web Designer IV,Financial Services,High Net Worth,N,014 Birchwood Parkway,VIC,Australia,3030,5.0,4124.70
1237,Junia,Humerstone,Female,6,1969-12-31,53.0,Research Nurse,Health,High Net Worth,N,17357 Katie Center,VIC,Australia,3677,11.0,12518.20
1238,Steward,Beedham,Male,24,1978-06-01,45.0,Graphic Designer,n/a,Affluent Customer,N,5772 Kennedy Junction,VIC,Australia,3030,6.0,5239.34
1239,Carroll,Cobbin,Male,9,1978-02-28,45.0,NA,n/a,Mass Customer,N,560 Melody Alley,QLD,Australia,4122,7.0,5632.44
1240,Pen,Earey,Female,64,1965-05-13,58.0,Sales Associate,Manufacturing,Mass Customer,N,92 Waubesa Center,NSW,Australia,2760,4.0,5137.10
1241,Lolly,Junkison,Female,23,1986-03-22,37.0,Pharmacist,Health,Affluent Customer,N,359 Kropf Point,NSW,Australia,2750,7.0,7521.82
1242,Bartholomeo,Meeke,Male,36,1973-02-04,50.0,Human Resources Assistant III,Property,High Net Worth,N,75 Scott Place,VIC,Australia,3806,3.0,3154.18
1243,Robbert,Blakey,Male,73,1953-08-09,69.0,Research Assistant II,Retail,Mass Customer,N,2 Eliot Lane,NSW,Australia,2155,10.0,12608.34
1244,Glenn,Tinham,U,80,,,Financial Analyst,Financial Services,Mass Customer,N,3466 Truax Terrace,NSW,Australia,2127,5.0,5193.51
1245,Erin,Shawell,Male,34,1994-05-31,29.0,Product Engineer,Manufacturing,Affluent Customer,N,9 7th Terrace,NSW,Australia,2155,7.0,7025.43
1246,Ibrahim,Wibrew,Male,94,1993-08-10,29.0,NA,n/a,High Net Worth,N,65209 Merrick Avenue,QLD,Australia,4873,2.0,1984.57
1247,Hildagarde,Eyrl,Female,15,1960-10-05,62.0,Geologist I,Entertainment,Affluent Customer,N,90351 Duke Junction,QLD,Australia,4820,4.0,6226.20
1248,Genia,Bartel,Female,31,1963-12-18,59.0,General Manager,n/a,Affluent Customer,N,47 Glacier Hill Junction,QLD,Australia,4873,1.0,1661.92
1249,Tabb,McKeowon,Male,11,1967-10-31,55.0,NA,Telecommunications,Mass Customer,N,7978 Carberry Way,QLD,Australia,4817,5.0,6926.84
1250,Jacklyn,Kewley,Female,42,2001-11-02,21.0,Help Desk Technician,Manufacturing,Mass Customer,N,795 Arapahoe Hill,QLD,Australia,4818,10.0,11051.56
1251,Codie,Arnecke,Male,63,1997-10-01,25.0,Desktop Support Technician,Property,Mass Customer,N,6 Lerdahl Plaza,QLD,Australia,4519,4.0,2753.48
1252,Les,Ellwood,Male,46,1965-01-16,58.0,Recruiting Manager,Manufacturing,Mass Customer,N,60320 Emmet Road,QLD,Australia,4806,7.0,10694.54
1253,Mahalia,,Female,81,1996-08-19,26.0,Research Assistant I,Manufacturing,Mass Customer,N,11 Golf Pass,QLD,Australia,4805,4.0,3836.34
1254,Quillan,McDuffie,Male,60,1958-12-18,64.0,Graphic Designer,Retail,Mass Customer,N,563 Northport Drive,QLD,Australia,4701,7.0,7181.97
1255,Erhart,Glazebrook,Male,5,1982-05-20,41.0,NA,Health,Affluent Customer,N,8 Eggendart Court,NSW,Australia,2478,3.0,2228.98
1256,Granny,Lukes,Male,8,1986-05-11,37.0,Food Chemist,Health,High Net Worth,N,91336 Spenser Street,QLD,Australia,4560,6.0,4229.26
1257,Prentiss,MacVicar,Male,40,1972-06-19,51.0,Assistant Professor,Property,Affluent Customer,N,33 Rockefeller Avenue,QLD,Australia,4740,3.0,2708.91
1258,Nefen,Ferriere,Male,89,1978-04-21,45.0,Geological Engineer,Manufacturing,Mass Customer,N,71 Sundown Circle,QLD,Australia,4720,8.0,9980.88
1259,Emmi,Dymock,Female,23,1973-11-24,49.0,Assistant Professor,Financial Services,Mass Customer,N,33 Bayside Way,QLD,Australia,4702,7.0,9345.26
1260,Fremont,Spawton,Male,92,1989-10-01,33.0,Tax Accountant,Property,Mass Customer,N,23 Hollow Ridge Avenue,QLD,Australia,4702,5.0,4236.32
1261,Candice,Lohde,Female,61,1971-02-16,52.0,Legal Assistant,Manufacturing,Mass Customer,N,16623 Mariners Cove Plaza,QLD,Australia,4127,6.0,5966.19
1262,Aindrea,MacConchie,Female,90,1967-12-07,55.0,Technical Writer,n/a,High Net Worth,N,884 Shoshone Lane,QLD,Australia,4670,3.0,3078.54
1263,Elliot,Posselow,Male,41,1973-06-16,50.0,Nurse,Manufacturing,Affluent Customer,N,12 Prentice Point,QLD,Australia,4670,6.0,6203.51
1264,Michail,Heart,Male,48,1994-02-28,29.0,NA,Health,Mass Customer,N,7008 Warner Park,QLD,Australia,4670,4.0,6000.92
1265,Kipper,Monck,Male,72,1987-07-22,35.0,Biostatistician I,Property,Mass Customer,N,51673 Heffernan Park,QLD,Australia,4655,4.0,4991.82
1266,Harry,,Male,68,1978-05-02,45.0,Human Resources Manager,Health,Mass Customer,N,32 Meadow Ridge Alley,QLD,Australia,4610,2.0,4182.94
1267,Leopold,Dainton,Male,39,1979-06-03,44.0,Safety Technician IV,Entertainment,Affluent Customer,N,37 Clarendon Lane,QLD,Australia,4655,4.0,6352.41
1268,Baudoin,McCartney,Male,20,1989-12-06,33.0,NA,Financial Services,High Net Worth,N,7 Onsgard Court,QLD,Australia,4551,3.0,2091.71
1269,Ravid,Kilgallon,Male,56,1990-08-25,32.0,Account Coordinator,Property,High Net Worth,N,543 Victoria Park,QLD,Australia,4702,3.0,2458.13
1270,Cullen,Langshaw,Male,72,1983-02-27,40.0,Paralegal,Financial Services,Affluent Customer,N,640 Toban Hill,QLD,Australia,4702,4.0,5046.52
1271,Jo-anne,Pringer,Female,71,1994-07-11,28.0,Accounting Assistant II,Telecommunications,Mass Customer,N,93 Corben Crossing,QLD,Australia,4506,2.0,3901.47
1272,Nettie,Bulfit,Female,2,1985-04-04,38.0,NA,Manufacturing,Affluent Customer,N,26 Portage Junction,QLD,Australia,4503,10.0,12655.91
1273,Hieronymus,Whinray,Male,48,1974-07-31,48.0,General Manager,Financial Services,Affluent Customer,N,7928 Mendota Circle,QLD,Australia,4503,3.0,3050.31
1274,Emmerich,Tinkler,Male,12,1977-11-16,45.0,Mechanical Systems Engineer,Manufacturing,Mass Customer,N,1075 Raven Place,QLD,Australia,4512,10.0,8047.84
1275,Francisca,Whittek,Female,70,1966-01-10,57.0,General Manager,Health,Mass Customer,N,0 Summerview Pass,QLD,Australia,4511,6.0,6051.59
1276,Farrel,Waiting,Male,24,1964-06-07,59.0,Dental Hygienist,Health,Affluent Customer,N,7310 Shopko Trail,QLD,Australia,4500,2.0,3041.38
1277,Elias,Gerrie,Male,26,1972-12-26,50.0,Help Desk Technician,n/a,Mass Customer,N,6659 Kenwood Plaza,QLD,Australia,4380,3.0,2701.39
1278,Betsy,Schruurs,Female,14,1998-11-15,24.0,Pharmacist,Health,Affluent Customer,N,41 Knutson Alley,QLD,Australia,4370,4.0,6559.17
1279,Burr,Lygoe,Male,30,1962-08-12,60.0,Staff Accountant I,Financial Services,Mass Customer,N,67396 Roxbury Court,QLD,Australia,4817,6.0,6562.71
1280,Horacio,Peyntue,Male,71,1978-01-24,45.0,Marketing Assistant,Manufacturing,High Net Worth,N,55 Hauk Court,QLD,Australia,4350,4.0,4332.92
1281,Leighton,Zisneros,Male,29,1968-07-07,54.0,Administrative Assistant III,Manufacturing,Affluent Customer,N,131 Tony Road,QLD,Australia,4213,3.0,3403.18
1282,Garald,Pidler,Male,99,1980-11-15,42.0,Programmer Analyst III,Entertainment,Affluent Customer,N,791 Elgar Trail,QLD,Australia,4340,8.0,10463.09
1283,Tory,Minnette,Female,43,1994-08-23,28.0,Clinical Specialist,Health,Mass Customer,N,617 Welch Street,QLD,Australia,4122,2.0,3298.50
1284,Alexis,Aronov,Male,30,1976-01-28,47.0,Junior Executive,Entertainment,Affluent Customer,N,1 Namekagon Plaza,QLD,Australia,4306,3.0,1503.17
1285,Tomkin,Fudge,Male,44,1973-05-23,50.0,Office Assistant III,Manufacturing,Mass Customer,N,3 Blaine Road,QLD,Australia,4306,8.0,11638.83
1286,Mina,Clawley,Female,83,1975-06-28,48.0,Senior Quality Engineer,Manufacturing,High Net Worth,N,77 Pankratz Plaza,QLD,Australia,4306,7.0,4441.00
1287,Nicko,Saddleton,Male,72,1960-10-23,62.0,Systems Administrator I,Financial Services,Mass Customer,N,4081 Veith Lane,QLD,Australia,4306,7.0,10421.63
1288,Abra,Cuardall,Female,51,1979-10-07,43.0,Desktop Support Technician,Financial Services,Affluent Customer,N,55 Elgar Park,QLD,Australia,4306,5.0,8281.02
1289,Shelley,Stroyan,Male,35,1973-07-16,49.0,NA,n/a,Mass Customer,N,9821 Fair Oaks Trail,QLD,Australia,4306,6.0,6072.08
1290,Vassily,Ramalho,Male,49,1967-08-08,55.0,VP Marketing,Financial Services,High Net Worth,N,19679 Buell Pass,QLD,Australia,4305,9.0,8748.10
1291,Warner,Zuker,Male,0,1980-08-16,42.0,Quality Engineer,Health,Mass Customer,N,8 Kinsman Alley,QLD,Australia,4304,7.0,10182.08
1292,Alice,Backson,Female,56,1961-06-02,62.0,NA,n/a,Affluent Customer,N,9989 Toban Way,QLD,Australia,4301,5.0,6404.32
1293,Vidovic,Fretson,Male,89,1980-10-07,42.0,Quality Engineer,IT,Mass Customer,N,378 Butterfield Pass,QLD,Australia,4300,5.0,5896.44
1294,Cari,Worling,Female,31,1974-09-28,48.0,NA,Manufacturing,Mass Customer,N,7 Schurz Parkway,QLD,Australia,4212,3.0,2681.62
1295,Irving,Murton,Male,66,1997-01-25,26.0,Nurse,Agriculture,Mass Customer,N,07780 Autumn Leaf Drive,QLD,Australia,4209,7.0,6603.36
1296,Essy,Vondrak,Female,61,1989-03-11,34.0,Paralegal,Financial Services,Affluent Customer,N,87 Reinke Drive,QLD,Australia,4211,4.0,6456.59
1297,Shay,Gimbart,Male,91,1981-02-12,42.0,Social Worker,Health,Mass Customer,N,3 Gina Center,QLD,Australia,4210,6.0,7479.95
1298,Guglielmo,Yele,Male,35,1974-04-06,49.0,Research Nurse,Health,Mass Customer,N,029 Scott Center,QLD,Australia,4205,5.0,7950.73
1299,Maddy,Aiskovitch,Female,72,1977-01-17,46.0,Media Manager IV,n/a,Affluent Customer,N,36072 Lakewood Gardens Court,QLD,Australia,4051,7.0,10366.95
1300,Sisely,Strelitzer,Female,0,1991-03-10,32.0,Physical Therapy Assistant,Financial Services,Affluent Customer,N,408 Grover Place,QLD,Australia,4165,6.0,9217.35
1301,Trix,,Female,17,1991-11-25,31.0,Structural Analysis Engineer,Health,Mass Customer,N,392 Ridge Oak Road,QLD,Australia,4165,8.0,6979.61
1302,Ericka,Eggers,Female,29,1998-05-03,25.0,Biostatistician I,Financial Services,Affluent Customer,N,9 Sugar Junction,QLD,Australia,4053,13.0,18519.94
1303,Nollie,Guilliatt,Male,64,1972-04-27,51.0,NA,Agriculture,Mass Customer,N,0917 Golf View Parkway,QLD,Australia,4217,6.0,7278.72
1304,Emmy,Lumbly,Male,23,1977-11-16,45.0,Administrative Assistant III,n/a,High Net Worth,N,16039 Warrior Parkway,QLD,Australia,4130,6.0,2801.51
1305,Averil,Gentiry,Male,97,1970-03-01,53.0,Executive Secretary,Financial Services,High Net Worth,N,3 School Place,QLD,Australia,4124,5.0,4201.48
1306,Doyle,Oleksinski,Male,13,1956-04-12,67.0,Occupational Therapist,Health,Affluent Customer,N,9120 Corry Avenue,QLD,Australia,4208,6.0,7121.24
1307,Emlyn,Musgrave,Female,73,1970-09-06,52.0,Dental Hygienist,Health,High Net Worth,N,2 Shoshone Way,QLD,Australia,4123,9.0,7958.74
1308,Andrey,Conre,Male,34,1976-08-27,46.0,Analog Circuit Design manager,n/a,Affluent Customer,N,32 Vidon Point,QLD,Australia,4118,5.0,7509.25
1309,Adlai,Fabry,Male,95,1977-03-22,46.0,VP Marketing,n/a,Mass Customer,N,515 Bunting Point,QLD,Australia,4115,4.0,4009.96
1310,Keane,Leebeter,Male,38,1986-12-20,36.0,Geological Engineer,Manufacturing,High Net Worth,N,67727 Westerfield Hill,QLD,Australia,4164,5.0,3909.92
1311,Sharona,Cunah,Female,89,1984-10-06,38.0,VP Accounting,Financial Services,Mass Customer,N,0 Moland Parkway,QLD,Australia,4127,4.0,6700.85
1312,Magda,Baugh,Female,96,1994-07-16,28.0,Food Chemist,Health,Affluent Customer,N,764 Dahle Alley,QLD,Australia,4115,4.0,3580.35
1313,Hughie,Laboune,Male,59,1986-02-09,37.0,Analyst Programmer,Property,Mass Customer,N,72 Shasta Plaza,QLD,Australia,4152,8.0,8657.26
1314,De,Eilhart,Female,25,1970-02-23,53.0,Clinical Specialist,Health,Mass Customer,N,210 Esch Park,NSW,Australia,2452,6.0,6947.09
1315,Ebba,Comport,Female,46,1973-06-24,50.0,NA,IT,Mass Customer,N,55326 Fulton Hill,VIC,Australia,3931,8.0,6237.75
1316,Steven,Castellaccio,Male,79,1990-03-06,33.0,Recruiter,Retail,High Net Worth,N,482 Bartelt Junction,QLD,Australia,4280,5.0,4301.34
1317,Barrett,Lindley,Male,2,1973-01-18,50.0,General Manager,Retail,Mass Customer,N,58563 Monterey Hill,QLD,Australia,4300,9.0,15370.81
1318,Barbe,Assender,Female,10,1966-08-17,56.0,Senior Developer,Financial Services,Mass Customer,N,889 Straubel Way,QLD,Australia,4055,7.0,8399.77
1319,Trevor,Paul,Male,20,1955-07-18,67.0,NA,Entertainment,Mass Customer,N,9 Dawn Court,QLD,Australia,4128,5.0,5053.99
1320,Fae,,Female,4,1983-10-29,39.0,NA,Manufacturing,High Net Worth,N,1988 Bartillon Terrace,QLD,Australia,4500,6.0,4904.15
1321,Bree,Domenge,Female,29,1994-07-05,28.0,Editor,Agriculture,Affluent Customer,N,57384 Sycamore Park,QLD,Australia,4370,7.0,6032.87
1322,Kathye,Christie,Female,37,2001-10-16,21.0,Data Coordiator,Financial Services,Mass Customer,N,276 Hoffman Road,QLD,Australia,4017,4.0,6486.87
1323,Kristofor,Mockes,Male,27,1988-04-04,35.0,Account Executive,n/a,High Net Worth,N,98791 Johnson Way,QLD,Australia,4053,7.0,4028.29
1324,Randie,Arnowitz,Female,88,1978-02-22,45.0,Web Designer III,Manufacturing,Mass Customer,N,7 John Wall Parkway,QLD,Australia,4020,7.0,7832.16
1325,Ty,Belliard,Male,67,1968-08-25,54.0,Account Executive,Agriculture,High Net Worth,N,0693 Eagan Court,QLD,Australia,4019,1.0,544.05
1326,Goddard,Tinn,Male,15,1966-02-23,57.0,Biostatistician III,Health,Affluent Customer,N,38 Main Park,VIC,Australia,3188,6.0,6384.11
1327,Sarita,Khosa,Female,57,1995-11-25,27.0,Director of Sales,Property,Affluent Customer,N,2 Shasta Street,VIC,Australia,3977,5.0,5206.27
1328,Stavro,Gargett,Male,19,1981-09-02,41.0,Budget/Accounting Analyst IV,IT,Mass Customer,N,27 Farmco Pass,VIC,Australia,3806,7.0,10815.17
1329,Wendy,Randlesome,Female,65,1989-07-15,33.0,Database Administrator IV,n/a,Mass Customer,N,9985 Barnett Circle,VIC,Australia,3940,11.0,15730.11
1330,Gery,Headrick,Male,20,1985-08-02,37.0,Technical Writer,n/a,Affluent Customer,N,60855 Fieldstone Avenue,VIC,Australia,3939,6.0,8785.32
1331,Edward,Hawkwood,Male,12,1987-03-24,36.0,Tax Accountant,Telecommunications,High Net Worth,N,2 Dixon Crossing,VIC,Australia,3910,10.0,8220.71
1332,Garek,Barre,Male,87,1978-05-01,45.0,Technical Writer,n/a,Mass Customer,N,7 Canary Trail,VIC,Australia,3977,8.0,10816.61
1333,Phillipp,McMonnies,Male,4,1973-08-23,49.0,Compensation Analyst,Financial Services,High Net Worth,N,09653 Golf View Way,VIC,Australia,3840,3.0,2759.64
1334,Cicily,Jenks,Female,72,1998-10-23,24.0,Senior Financial Analyst,Financial Services,Mass Customer,N,433 Mockingbird Center,VIC,Australia,3840,2.0,3129.32
1335,Sibylla,Marlon,Female,57,1997-08-14,25.0,NA,Entertainment,Mass Customer,N,4 Sycamore Pass,VIC,Australia,3977,7.0,8323.30
1336,Moise,Inde,Male,83,1989-03-13,34.0,Physical Therapy Assistant,n/a,Mass Customer,N,833 Sherman Court,VIC,Australia,3810,6.0,6964.76
1337,Damara,Wheatland,Female,15,1988-03-08,35.0,Structural Engineer,Health,Mass Customer,N,0 Fulton Drive,VIC,Australia,3806,6.0,6513.84
1338,Giuseppe,Tezure,Male,53,1980-11-24,42.0,Product Engineer,n/a,High Net Worth,N,02885 Buhler Court,VIC,Australia,3804,2.0,1524.42
1339,Mariam,Guiel,Female,82,1978-12-09,44.0,Editor,IT,High Net Worth,N,8766 Onsgard Plaza,VIC,Australia,3805,5.0,4273.96
1340,Crawford,Dreini,Male,16,1977-11-05,45.0,Statistician I,n/a,High Net Worth,N,5061 Cottonwood Trail,VIC,Australia,3765,8.0,7001.52
1341,Parry,Rigolle,Male,65,1986-05-18,37.0,Computer Systems Analyst I,Financial Services,Affluent Customer,N,05 Dahle Drive,VIC,Australia,3757,4.0,4283.06
1342,Barnett,Morville,Male,14,1962-04-11,61.0,NA,Retail,Affluent Customer,N,5063 Shopko Pass,NSW,Australia,2582,5.0,5550.01
1343,Creight,Deery,Male,67,1979-12-10,43.0,Dental Hygienist,Health,High Net Worth,N,09 Hagan Pass,VIC,Australia,3196,4.0,3417.53
1344,Renelle,Tutin,Female,20,1995-11-02,27.0,Tax Accountant,Manufacturing,Mass Customer,N,87897 Lighthouse Bay Pass,VIC,Australia,3747,3.0,2231.19
1345,Jeth,Marien,Male,94,1960-09-11,62.0,Senior Sales Associate,Manufacturing,Mass Customer,N,294 Lawn Junction,VIC,Australia,3677,6.0,8905.21
1346,Woody,Dowthwaite,Male,9,1970-06-19,53.0,Administrative Assistant IV,Telecommunications,Mass Customer,N,5 Springview Terrace,VIC,Australia,3620,9.0,10530.70
1347,Leisha,Signoret,Female,14,1977-12-16,45.0,Help Desk Operator,Manufacturing,Mass Customer,N,9 Logan Drive,VIC,Australia,3620,6.0,6628.15
1348,Lowe,Hinckes,Male,88,1984-04-10,39.0,VP Sales,n/a,High Net Worth,N,6002 Del Sol Trail,VIC,Australia,3630,5.0,6141.90
1349,Curran,Gush,Male,83,1997-05-07,26.0,Electrical Engineer,Manufacturing,Affluent Customer,N,77 Acker Alley,VIC,Australia,3151,6.0,5784.90
1350,Bing,Vicar,Male,10,1957-09-30,65.0,Staff Scientist,Retail,Mass Customer,N,38 Hansons Place,VIC,Australia,3023,2.0,2243.46
1351,Lorettalorna,,U,32,,,Office Assistant IV,IT,High Net Worth,N,30 Crescent Oaks Point,VIC,Australia,3564,6.0,6224.70
1352,Jerald,Lesly,Male,53,1954-12-28,68.0,Electrical Engineer,Manufacturing,High Net Worth,N,0784 Utah Plaza,VIC,Australia,3199,3.0,2446.05
1353,Phebe,Dockwra,Female,1,1980-03-31,43.0,Clinical Specialist,Health,Mass Customer,N,5298 Nevada Circle,VIC,Australia,3500,9.0,8262.59
1354,Karee,Hyman,Female,0,2000-10-15,22.0,Analyst Programmer,Financial Services,Affluent Customer,N,0 Ramsey Place,VIC,Australia,3444,3.0,3170.25
1355,Isador,Hallitt,Male,37,2001-04-04,22.0,VP Quality Control,Property,Mass Customer,N,7006 Miller Avenue,VIC,Australia,3444,5.0,5979.84
1356,Ofella,Walbrook,Female,12,1981-02-24,42.0,Account Representative I,n/a,High Net Worth,N,1 Bayside Pass,VIC,Australia,3076,6.0,4864.65
1357,Waylin,Eassom,Male,69,1993-05-14,30.0,Research Nurse,Health,High Net Worth,N,43811 Golf View Road,VIC,Australia,3380,10.0,12212.68
1358,Gerome,Whittock,Male,8,1994-04-11,29.0,Dental Hygienist,Health,High Net Worth,N,19 Green Ridge Avenue,VIC,Australia,3340,8.0,5999.58
1359,Estrella,Carwithen,Female,54,1993-02-24,30.0,Help Desk Technician,Retail,Mass Customer,N,91079 Lukken Way,VIC,Australia,3338,2.0,2554.43
1360,Maurice,Blas,Male,41,1970-07-04,52.0,Design Engineer,Manufacturing,Mass Customer,N,1450 Gulseth Park,VIC,Australia,3337,3.0,3476.32
1361,Gradeigh,Saltmarshe,Male,56,1964-12-12,58.0,Professor,Manufacturing,Affluent Customer,N,1 Boyd Terrace,VIC,Australia,3280,7.0,9552.70
1362,Giuditta,Dearlove,Female,20,1973-02-20,50.0,Account Executive,Manufacturing,Affluent Customer,N,9 Almo Alley,VIC,Australia,3224,2.0,2948.34
1363,Boniface,Kivelhan,Male,7,1961-10-16,61.0,Associate Professor,Financial Services,Mass Customer,N,016 Tony Street,VIC,Australia,3222,7.0,8148.57
1364,Selby,Cabbell,Male,99,1978-04-20,45.0,Junior Executive,Manufacturing,Mass Customer,N,02505 Mariners Cove Street,VIC,Australia,3222,5.0,6554.80
1365,Shurlocke,Pirie,Male,97,1992-04-19,31.0,Research Associate,Health,Mass Customer,N,970 Sundown Place,VIC,Australia,3222,4.0,3258.07
1366,Zacharia,Rigler,Male,10,1974-06-30,48.0,Computer Systems Analyst IV,Retail,Affluent Customer,N,0261 Roxbury Crossing,QLD,Australia,4164,5.0,4497.63
1367,Fredrika,Danielkiewicz,Female,63,1973-06-29,49.0,Internal Auditor,Retail,Mass Customer,N,5413 Harbort Terrace,VIC,Australia,3226,7.0,5385.04
1368,Aarika,Magog,Female,54,1973-04-14,50.0,NA,Property,Mass Customer,N,03444 Scott Lane,VIC,Australia,3204,6.0,7875.38
1369,Ilka,Allabush,Female,51,1994-05-08,29.0,Civil Engineer,Manufacturing,Mass Customer,N,3 Schlimgen Alley,VIC,Australia,3201,4.0,5766.98
1370,Chastity,Martinat,Female,44,1986-10-23,36.0,Computer Systems Analyst IV,Property,Mass Customer,N,0162 Darwin Alley,VIC,Australia,3201,4.0,3735.64
1371,Aretha,Joscelyn,Female,39,1959-08-02,63.0,Design Engineer,Retail,Mass Customer,N,66 Division Pass,VIC,Australia,3840,4.0,5007.88
1372,Rockie,Wheldon,Male,44,1980-07-02,42.0,Computer Systems Analyst III,Manufacturing,Affluent Customer,N,6 Forster Crossing,VIC,Australia,3198,6.0,6444.01
1373,Shaylynn,Epsley,Female,3,1958-09-23,64.0,Director of Sales,Financial Services,Mass Customer,N,939 Hermina Drive,VIC,Australia,3198,,
1374,Cleveland,Spilling,Male,76,1976-01-13,47.0,NA,Manufacturing,Mass Customer,N,393 Warrior Crossing,VIC,Australia,3190,8.0,12121.41
1375,Archie,Hof,Male,36,1978-12-07,44.0,Analog Circuit Design manager,Financial Services,Affluent Customer,N,3962 Rigney Center,VIC,Australia,3156,5.0,6008.95
1376,Pail,,Male,89,1966-03-12,57.0,Environmental Tech,Health,Mass Customer,N,64201 Bonner Point,VIC,Australia,3169,6.0,7380.90
1377,Giacomo,Roseburgh,Male,86,1989-05-11,34.0,Mechanical Systems Engineer,Retail,Mass Customer,N,0 Grasskamp Pass,VIC,Australia,3170,5.0,6297.11
1378,Ellie,Prester,Female,36,1978-06-18,45.0,NA,Property,Affluent Customer,N,3831 Paget Road,VIC,Australia,3163,6.0,8614.68
1379,Lou,Drews,Female,63,1989-06-16,34.0,Legal Assistant,Financial Services,Mass Customer,N,46523 Mcbride Circle,VIC,Australia,3161,5.0,6509.42
1380,Lavina,Clavey,Female,99,1998-09-30,24.0,Financial Analyst,Financial Services,Mass Customer,N,29 Mallory Circle,VIC,Australia,3791,3.0,4578.76
1381,Ellary,Ramsey,Male,79,1985-03-11,38.0,Engineer IV,Manufacturing,Affluent Customer,N,6229 Amoth Place,VIC,Australia,3156,5.0,7293.99
1382,Lucio,Reame,Male,27,1989-10-23,33.0,Data Coordiator,Manufacturing,High Net Worth,N,952 Fairview Hill,VIC,Australia,3155,2.0,2659.96
1383,Coriss,Casarino,Female,81,1957-10-29,65.0,Software Consultant,IT,Affluent Customer,N,6 La Follette Lane,VIC,Australia,3977,4.0,4684.51
1384,Marcile,Carren,Female,48,1998-09-09,24.0,Quality Control Specialist,Manufacturing,Mass Customer,N,6837 West Pass,QLD,Australia,4119,6.0,6268.25
1385,Melesa,Priddy,Female,39,1957-08-17,65.0,Cost Accountant,Financial Services,Mass Customer,N,28 Menomonie Street,VIC,Australia,3140,5.0,7432.72
1386,Mufinella,Kalvin,Female,71,1967-06-12,56.0,Help Desk Technician,Retail,Mass Customer,N,94 Sheridan Parkway,VIC,Australia,3136,3.0,3260.21
1387,Natalee,Comport,Female,33,1977-07-11,45.0,Chemical Engineer,Manufacturing,Mass Customer,N,50 Claremont Junction,VIC,Australia,3818,1.0,1635.30
1388,Carny,Shilstone,Male,86,1972-08-14,50.0,Internal Auditor,Financial Services,Mass Customer,N,70676 Eggendart Trail,VIC,Australia,3028,6.0,6237.99
1389,Reina,Drever,Female,27,1962-05-14,61.0,NA,Health,Affluent Customer,N,5586 Buena Vista Avenue,VIC,Australia,3106,9.0,11416.34
1390,Christyna,Feldberg,Female,74,2000-01-25,23.0,Accounting Assistant I,Retail,High Net Worth,N,02701 Talmadge Junction,VIC,Australia,3082,9.0,7927.69
1391,Winni,Cana,Female,62,1976-08-05,46.0,Marketing Assistant,Retail,High Net Worth,N,220 Mitchell Place,VIC,Australia,3099,3.0,2514.82
1392,Marris,Waison,Female,28,2000-01-15,23.0,Human Resources Manager,Financial Services,Mass Customer,N,02570 Tony Way,VIC,Australia,3752,3.0,4481.38
1393,Adria,MacRorie,Female,96,1976-03-10,47.0,NA,Manufacturing,Mass Customer,N,12 Alpine Lane,VIC,Australia,3754,3.0,3310.02
1394,Freemon,Perago,Male,50,1978-01-27,45.0,NA,Health,Mass Customer,N,6 Northfield Point,VIC,Australia,3140,4.0,5138.99
1395,Jandy,Pennazzi,Female,83,1957-12-23,65.0,VP Product Management,n/a,High Net Worth,N,7709 Bluestem Place,VIC,Australia,3068,3.0,2529.79
1396,Sinclair,Melonby,Male,20,1987-10-07,35.0,Cost Accountant,Financial Services,Mass Customer,N,8108 Clyde Gallagher Crossing,VIC,Australia,3756,10.0,11434.63
1397,Dimitri,Durie,Male,29,1979-01-21,44.0,Legal Assistant,Manufacturing,Mass Customer,N,79206 Independence Drive,VIC,Australia,3061,6.0,7257.49
1398,Anderea,Pulteneye,Female,11,1966-11-29,56.0,Project Manager,Manufacturing,Mass Customer,N,60447 Ridgeway Plaza,VIC,Australia,3048,7.0,8552.52
1399,Kaye,Clulow,Female,84,1967-09-08,55.0,Staff Scientist,Manufacturing,Mass Customer,N,4 Milwaukee Park,VIC,Australia,3046,4.0,6034.20
1400,Rikki,Eytel,Female,51,1982-05-23,41.0,Senior Developer,Manufacturing,Affluent Customer,N,73506 Cordelia Lane,QLD,Australia,4217,7.0,9111.93
1401,Ashien,Winspare,Female,68,1978-09-30,44.0,NA,Financial Services,High Net Worth,N,0 Rowland Road,VIC,Australia,3036,4.0,3232.40
1402,Hillier,Andraud,Male,58,2001-12-08,21.0,Assistant Professor,Telecommunications,Mass Customer,N,42829 Charing Cross Road,VIC,Australia,3107,8.0,9361.50
1403,Germana,McFadin,Female,18,1980-12-01,42.0,Geologist II,Retail,Mass Customer,N,7530 Sutteridge Hill,VIC,Australia,3030,2.0,1663.42
1404,Emmott,Mercik,Male,78,1957-07-30,65.0,Chemical Engineer,Manufacturing,Mass Customer,N,88545 Milwaukee Center,VIC,Australia,3022,10.0,9401.71
1405,Kylie,Spriggin,Female,52,1958-04-05,65.0,VP Product Management,Manufacturing,High Net Worth,N,070 Shelley Terrace,VIC,Australia,3020,11.0,7256.17
1406,Georges,Tilne,Male,3,1970-05-05,53.0,Cost Accountant,Financial Services,High Net Worth,N,12439 Kropf Way,VIC,Australia,3049,6.0,5423.44
1407,Tamarah,Sobtka,Female,43,1980-10-04,42.0,Structural Analysis Engineer,Manufacturing,Mass Customer,N,931 Rigney Terrace,VIC,Australia,3015,9.0,10221.10
1408,Kendricks,Plastow,Male,14,1997-06-22,26.0,Dental Hygienist,Health,High Net Worth,N,6 Anderson Court,NSW,Australia,2880,3.0,4579.55
1409,Tiffi,Hartless,Female,69,1996-05-07,27.0,Help Desk Technician,n/a,Mass Customer,N,11207 Lukken Center,VIC,Australia,3500,5.0,6232.56
1410,Althea,Macvey,Female,10,1997-01-22,26.0,Marketing Manager,Retail,High Net Worth,N,4370 Haas Trail,NSW,Australia,2870,7.0,8513.30
1411,Katrina,Coltart,Female,24,1994-05-04,29.0,Registered Nurse,Health,Mass Customer,N,45 Tony Trail,NSW,Australia,2259,6.0,8273.80
1412,Antonetta,Dumbrall,Female,20,1991-09-04,31.0,Tax Accountant,n/a,Mass Customer,N,46 Dovetail Avenue,NSW,Australia,2830,4.0,3905.74
1413,Vi,Lauga,Female,47,1998-04-24,25.0,Administrative Assistant II,Financial Services,Mass Customer,N,967 Farmco Road,NSW,Australia,2880,6.0,7239.74
1414,Allison,Clowton,Female,57,1980-02-29,43.0,Help Desk Technician,Retail,Mass Customer,N,623 Talisman Way,NSW,Australia,2763,2.0,1758.44
1415,Merilyn,Dikle,Female,68,1998-12-14,24.0,Executive Secretary,Property,High Net Worth,N,837 Evergreen Junction,NSW,Australia,2774,4.0,3696.59
1416,Fraze,Face,Male,90,1967-04-30,56.0,Assistant Manager,n/a,High Net Worth,N,21 West Avenue,NSW,Australia,2155,5.0,3696.63
1417,Micki,Russel,Female,12,1959-11-14,63.0,NA,Manufacturing,High Net Worth,N,83758 Kings Hill,NSW,Australia,2770,7.0,7171.91
1418,Valaria,Hugh,Female,80,1976-11-29,46.0,Senior Sales Associate,IT,Affluent Customer,N,8 Veith Alley,NSW,Australia,2750,7.0,7932.33
1419,Roddy,Ollerton,Male,5,1967-01-11,56.0,Physical Therapy Assistant,Financial Services,Mass Customer,N,9 Pond Avenue,NSW,Australia,2767,5.0,3385.24
1420,Minni,Hanner,Female,14,1959-10-12,63.0,Dental Hygienist,Health,Mass Customer,N,255 Doe Crossing Terrace,NSW,Australia,2767,5.0,6021.83
1421,Mallorie,Gouth,Female,74,1956-04-14,67.0,Senior Editor,Property,Mass Customer,N,2 Alpine Circle,NSW,Australia,2765,6.0,6017.54
1422,Georgy,Rickwood,Male,31,1972-03-13,51.0,Nuclear Power Engineer,Manufacturing,Affluent Customer,N,0 Talisman Trail,NSW,Australia,2769,8.0,8831.34
1423,Tiphanie,Klossek,Female,51,1959-06-17,64.0,Project Manager,Manufacturing,Mass Customer,N,5700 Banding Lane,NSW,Australia,2762,6.0,7716.76
1424,Allin,Arbuckel,Male,56,1974-08-03,48.0,Occupational Therapist,Health,High Net Worth,N,94079 Eggendart Point,NSW,Australia,2745,3.0,2163.12
1425,Chrisy,Sivess,Male,20,1986-07-06,36.0,General Manager,Retail,High Net Worth,N,87038 Sauthoff Road,NSW,Australia,2761,4.0,3411.32
1426,Allyn,Carswell,Female,72,1956-08-23,66.0,Financial Advisor,Financial Services,Mass Customer,N,4817 Fulton Junction,NSW,Australia,2761,7.0,6433.81
1427,Jodie,Juett,Male,14,1993-12-09,29.0,Environmental Specialist,Financial Services,High Net Worth,N,22 Transport Alley,NSW,Australia,2761,6.0,5220.23
1428,Morissa,Ozintsev,Female,93,1998-11-15,24.0,Sales Representative,Retail,High Net Worth,N,1231 Grim Road,NSW,Australia,2760,10.0,10067.38
1429,Dante,Jikylls,Male,94,1980-12-03,42.0,Legal Assistant,Health,Mass Customer,N,3 Rigney Center,NSW,Australia,2794,7.0,5952.51
1430,Kalli,Pigeram,Female,86,1999-07-24,23.0,Biostatistician I,Manufacturing,Mass Customer,N,7847 Buell Trail,NSW,Australia,2759,6.0,5574.09
1431,Derek,Malafe,Male,29,1975-05-13,48.0,Sales Associate,Financial Services,Affluent Customer,N,42946 Fieldstone Pass,NSW,Australia,2750,4.0,4257.01
1432,Hiram,Kittiman,Male,70,1998-11-26,24.0,Tax Accountant,Agriculture,High Net Worth,N,1617 Beilfuss Street,NSW,Australia,2759,6.0,4724.17
1433,Marya,Szwandt,Female,15,1958-09-25,64.0,Account Coordinator,IT,Mass Customer,N,64 Everett Circle,NSW,Australia,2756,3.0,4486.19
1434,Craig,Guswell,Male,42,1973-08-14,49.0,Statistician I,Property,High Net Worth,N,184 Melrose Pass,NSW,Australia,2756,2.0,1434.24
1435,Derek,Podmore,Male,96,1968-04-27,55.0,Software Engineer II,Telecommunications,Affluent Customer,N,8934 Park Meadow Street,NSW,Australia,2756,7.0,8853.71
1436,Tonnie,Andryunin,Male,40,1999-10-29,23.0,General Manager,n/a,Affluent Customer,N,14155 Evergreen Way,NSW,Australia,2756,5.0,6264.59
1437,Gearalt,Challis,Male,35,1974-09-12,48.0,Electrical Engineer,Manufacturing,Affluent Customer,N,26607 West Hill,NSW,Australia,2777,3.0,3495.93
1438,Winifred,MacRonald,Female,27,1975-11-01,47.0,Social Worker,Health,Mass Customer,N,53649 Mandrake Place,NSW,Australia,2749,11.0,12958.22
1439,Leupold,Detoc,Male,97,1965-07-28,57.0,GIS Technical Architect,Retail,Mass Customer,N,223 Trailsway Parkway,NSW,Australia,2154,4.0,5338.08
1440,Consuela,O'Logan,Female,19,1965-11-22,57.0,Human Resources Manager,Financial Services,High Net Worth,N,8999 Elmside Pass,NSW,Australia,2749,6.0,7321.52
1441,Renae,Burns,Female,23,1977-03-07,46.0,NA,Manufacturing,Affluent Customer,N,53 Steensland Parkway,NSW,Australia,2773,2.0,1628.66
1442,Mylo,Norrie,Male,1,1963-03-07,60.0,NA,Manufacturing,Affluent Customer,N,8 Prairie Rose Circle,NSW,Australia,2745,3.0,2305.03
1443,Angela,Mowles,Female,47,1986-07-25,36.0,NA,Financial Services,Affluent Customer,N,3416 Texas Pass,NSW,Australia,2747,10.0,11368.65
1444,Claudian,Ruos,Male,97,1975-04-14,48.0,Payment Adjustment Coordinator,Health,Mass Customer,N,8088 Macpherson Hill,NSW,Australia,2323,5.0,3018.80
1445,Bettine,Yoselevitch,Female,57,1973-03-29,50.0,Web Designer II,IT,Affluent Customer,N,6418 Jenna Trail,NSW,Australia,2640,6.0,8482.71
1446,Gabriello,Nell,Male,51,1987-04-15,36.0,Engineer I,Manufacturing,Mass Customer,N,70262 Hermina Court,VIC,Australia,3690,7.0,9653.68
1447,Renaldo,Maudsley,Male,29,1996-06-16,27.0,Civil Engineer,Manufacturing,Mass Customer,N,89684 Coolidge Hill,NSW,Australia,2630,7.0,9941.78
1448,Hinze,Bullent,Male,40,1988-08-09,34.0,VP Product Management,Property,Mass Customer,N,00 International Junction,NSW,Australia,2260,1.0,642.31
1449,Ashly,Abramamovh,Female,38,1967-08-26,55.0,Staff Accountant IV,n/a,High Net Worth,N,5 Carioca Pass,NSW,Australia,2594,6.0,6199.77
1450,Floris,Dunkerley,Female,23,1964-01-24,59.0,Statistician I,Manufacturing,Affluent Customer,N,6386 Raven Road,NSW,Australia,2579,7.0,8942.80
1451,Courtney,Meas,Female,32,1977-02-01,46.0,Junior Executive,Agriculture,Mass Customer,N,8 Mendota Plaza,NSW,Australia,2567,7.0,7294.32
1452,Zachery,Hamber,Male,99,1955-12-31,67.0,Safety Technician III,Retail,Mass Customer,N,913 Londonderry Trail,NSW,Australia,2567,5.0,6644.88
1453,Ahmed,,Male,54,1977-07-30,45.0,Computer Systems Analyst I,Health,High Net Worth,N,58516 Tony Plaza,NSW,Australia,2567,5.0,4796.95
1454,Caesar,Wattam,Male,4,1979-04-07,44.0,Physical Therapy Assistant,Agriculture,Mass Customer,N,583 Jenna Pass,NSW,Australia,2567,5.0,5619.66
1455,Cleo,,Female,2,1992-07-26,30.0,Software Engineer I,Property,Affluent Customer,N,77729 Kim Plaza,NSW,Australia,2560,5.0,6024.73
1456,Berkie,Croall,Male,97,1964-12-11,58.0,Health Coach II,Property,Mass Customer,N,1253 Ridge Oak Center,NSW,Australia,2560,4.0,2829.42
1457,Leonore,Slixby,Female,99,1978-08-20,44.0,Speech Pathologist,n/a,Affluent Customer,N,975 Melby Street,NSW,Australia,2564,7.0,7734.77
1458,Ashley,Behneke,Male,40,1956-10-22,66.0,Account Representative IV,Telecommunications,Affluent Customer,N,6279 Lien Junction,NSW,Australia,2560,3.0,4366.14
1459,Haydon,Berkery,Male,89,1998-06-16,25.0,Senior Sales Associate,Manufacturing,Mass Customer,N,1435 Lukken Trail,NSW,Australia,2570,4.0,6229.16
1460,Morley,Shutt,Male,92,1973-07-03,49.0,Information Systems Manager,Financial Services,High Net Worth,N,25 Darwin Terrace,NSW,Australia,2207,8.0,12732.37
1461,Earl,Skeels,Male,71,1957-01-04,66.0,NA,Retail,Mass Customer,N,3 Independence Hill,NSW,Australia,2560,7.0,8475.94
1462,Omero,Hauxley,Male,16,1995-11-07,27.0,VP Accounting,Financial Services,Mass Customer,N,4 Stone Corner Avenue,QLD,Australia,4503,6.0,4211.92
1463,Willie,Landsberg,Male,53,1965-04-18,58.0,Chief Design Engineer,Property,High Net Worth,N,14179 Springs Drive,NSW,Australia,2557,5.0,4386.17
1464,Mac,Leguay,Male,20,1984-10-03,38.0,Office Assistant II,n/a,Affluent Customer,N,8 Green Ridge Place,NSW,Australia,2565,7.0,6910.37
1465,Wilona,Osgood,Female,53,1971-02-18,52.0,Mechanical Systems Engineer,Financial Services,Mass Customer,N,55 Red Cloud Pass,NSW,Australia,2536,4.0,4283.20
1466,Cyndia,Gull,Female,62,1998-01-05,25.0,Cost Accountant,Financial Services,High Net Worth,N,21 Spohn Drive,NSW,Australia,2530,3.0,2415.71
1467,Alysia,Cantrill,Female,1,1975-12-16,47.0,NA,Manufacturing,Mass Customer,N,11606 Myrtle Street,NSW,Australia,2207,7.0,7019.48
1468,Adaline,Hayles,Female,37,1978-01-10,45.0,Financial Advisor,Financial Services,Mass Customer,N,45725 Hagan Pass,NSW,Australia,2519,7.0,7792.76
1469,Shermy,,Male,77,1957-06-29,65.0,Financial Advisor,Financial Services,Affluent Customer,N,93482 Jenifer Alley,NSW,Australia,2439,6.0,6094.64
1470,Albie,Pach,Male,62,1995-12-04,27.0,Senior Cost Accountant,Financial Services,High Net Worth,N,04 Gulseth Plaza,NSW,Australia,2528,8.0,7972.36
1471,Berri,Farr,Female,88,1978-02-24,45.0,NA,Financial Services,Mass Customer,N,0 Canary Parkway,NSW,Australia,2506,5.0,5435.15
1472,Demeter,Robbeke,Female,3,1964-03-03,59.0,Environmental Specialist,Financial Services,Mass Customer,N,2 Dayton Center,NSW,Australia,2487,7.0,8646.38
1473,Darrick,Feake,Male,49,1960-04-21,63.0,VP Product Management,n/a,Mass Customer,N,25607 Summer Ridge Way,NSW,Australia,2448,11.0,12214.43
1474,Farley,Rosen,Male,54,1986-05-27,37.0,Structural Analysis Engineer,Health,Mass Customer,N,828 Schlimgen Circle,NSW,Australia,2450,5.0,5626.87
1475,Aristotle,Jess,Male,41,1985-07-21,37.0,Recruiting Manager,Retail,Affluent Customer,N,558 Thompson Junction,NSW,Australia,2440,8.0,11874.85
1476,Vaughn,Browse,Male,25,1986-11-21,36.0,Structural Analysis Engineer,n/a,Affluent Customer,N,589 Main Plaza,NSW,Australia,2290,2.0,2569.63
1477,Leo,Balharry,U,42,,,Actuary,Financial Services,Mass Customer,N,472 Blaine Junction,NSW,Australia,2440,9.0,10476.79
1478,Fulton,Blayney,Male,40,1992-12-05,30.0,VP Quality Control,Financial Services,High Net Worth,N,12 Express Pass,NSW,Australia,2340,8.0,4289.03
1479,Avrom,Clougher,Male,25,1977-10-20,45.0,Help Desk Technician,Agriculture,Mass Customer,N,76 Norway Maple Drive,QLD,Australia,4509,6.0,5584.11
1480,Bird,Diess,Female,83,1995-05-21,28.0,Legal Assistant,n/a,High Net Worth,N,4 Oriole Hill,NSW,Australia,2340,9.0,5738.93
1481,Ellissa,Stanney,Female,93,1976-06-26,47.0,Senior Financial Analyst,Financial Services,Affluent Customer,N,038 North Court,NSW,Australia,2333,9.0,8735.25
1482,Georas,Niesel,Male,29,1979-04-30,44.0,Electrical Engineer,Manufacturing,Mass Customer,N,7231 Pepper Wood Point,NSW,Australia,2428,12.0,14893.44
1483,Beth,Daile,Female,55,1971-12-11,51.0,Senior Quality Engineer,Telecommunications,Mass Customer,N,941 La Follette Hill,NSW,Australia,2263,8.0,8313.27
1484,Willette,Boodell,Female,26,1986-03-05,37.0,Administrative Assistant IV,n/a,Mass Customer,N,2 Barby Trail,NSW,Australia,2769,5.0,3812.00
1485,Meredeth,Luck,Male,50,1969-08-02,53.0,Food Chemist,Health,Mass Customer,N,29133 Canary Circle,NSW,Australia,2282,2.0,1871.67
1486,Dag,Landell,Male,14,1978-08-07,44.0,Geological Engineer,Manufacturing,Mass Customer,N,12 Redwing Street,NSW,Australia,2325,5.0,4895.26
1487,Kaela,Soppett,Female,58,1979-05-23,44.0,Web Designer IV,n/a,Affluent Customer,N,57835 Ruskin Lane,NSW,Australia,2325,2.0,617.38
1488,Donnamarie,Andrieu,Female,82,1986-09-30,36.0,Assistant Manager,n/a,Mass Customer,N,7 Mifflin Terrace,NSW,Australia,2323,2.0,1077.56
1489,Mead,Wollard,Male,17,1993-05-13,30.0,Teacher,Health,Mass Customer,N,7509 Prairieview Center,NSW,Australia,2289,5.0,5141.58
1490,Lusa,Hargerie,Female,36,1970-01-03,53.0,Cost Accountant,Financial Services,Mass Customer,N,7 Delaware Hill,NSW,Australia,2320,4.0,5115.15
1491,Agneta,Swiggs,Female,96,1997-08-03,25.0,Senior Sales Associate,Health,Mass Customer,N,15012 Oneill Plaza,NSW,Australia,2285,3.0,3781.97
1492,Cordey,Tomik,Female,51,1980-01-11,43.0,Media Manager I,n/a,Mass Customer,N,4861 School Park,NSW,Australia,2290,8.0,10932.27
1493,Lisabeth,Fundell,Female,51,1987-08-12,35.0,Engineer II,Agriculture,High Net Worth,N,9 Sycamore Pass,NSW,Australia,2287,10.0,8421.54
1494,Levon,Parlor,Male,46,1986-11-03,36.0,Geologist I,n/a,Mass Customer,N,005 Prentice Circle,NSW,Australia,2307,10.0,12203.60
1495,Charmion,Dobsons,Female,4,1989-08-14,33.0,Physical Therapy Assistant,Health,High Net Worth,N,81 Artisan Park,NSW,Australia,2259,2.0,236.23
1496,Cordie,Disbrow,Female,22,1998-05-02,25.0,Human Resources Manager,IT,Affluent Customer,N,7764 Declaration Hill,NSW,Australia,2261,5.0,7189.50
1497,Karole,Grinin,Female,70,1973-11-08,49.0,Marketing Assistant,Retail,High Net Worth,N,7049 Sutteridge Lane,NSW,Australia,2251,6.0,5720.24
1498,Janot,McGougan,Female,84,1989-09-27,33.0,Nurse,n/a,Affluent Customer,N,40 Dexter Crossing,NSW,Australia,2250,4.0,4031.87
1499,Patton,Wrey,Male,88,1973-08-18,49.0,Design Engineer,Manufacturing,Mass Customer,N,543 Morrow Terrace,NSW,Australia,2261,5.0,6336.35
1500,Bellina,Bradberry,Female,82,1960-01-24,63.0,NA,n/a,Mass Customer,N,36 Marquette Center,NSW,Australia,2250,5.0,7075.56
1501,Shelby,Trayhorn,Female,74,1973-07-31,49.0,Account Executive,Property,Mass Customer,N,8 Arizona Way,NSW,Australia,2233,5.0,4844.28
1502,Margalit,Handrick,Female,52,1990-03-26,33.0,Design Engineer,Financial Services,Affluent Customer,N,78960 Schiller Lane,NSW,Australia,2450,9.0,13014.63
1503,Del,Scullin,Female,1,1968-02-25,55.0,Media Manager III,n/a,Affluent Customer,N,75 Hoepker Street,NSW,Australia,2232,10.0,13641.98
1504,Coop,Corneck,Male,98,1975-01-03,48.0,Data Coordiator,Property,Affluent Customer,N,39677 Emmet Terrace,NSW,Australia,2211,5.0,5788.34
1505,Cristian,Trounce,Male,90,1993-10-21,29.0,Recruiting Manager,Financial Services,Mass Customer,N,30 Bay Hill,NSW,Australia,2229,5.0,6155.87
1506,Andonis,Cochrane,Male,21,1958-02-21,65.0,NA,Property,Mass Customer,N,6 Canary Plaza,NSW,Australia,2223,10.0,11890.34
1507,Holmes,Benkin,Male,97,1977-11-10,45.0,NA,Manufacturing,High Net Worth,N,4 Maywood Court,NSW,Australia,2228,4.0,5229.96
1508,Orv,Milland,Male,80,1986-08-28,36.0,Clinical Specialist,Health,Affluent Customer,N,04489 Corscot Hill,NSW,Australia,2232,5.0,5979.04
1509,Sibley,Janek,U,10,,,Computer Systems Analyst I,IT,High Net Worth,N,00941 7th Place,NSW,Australia,2227,3.0,2601.37
1510,Timmie,Chitty,Male,94,1959-02-05,64.0,Actuary,Financial Services,Mass Customer,N,09 Bayside Place,NSW,Australia,2223,2.0,2588.77
1511,Yves,Trehearne,Male,97,1990-07-08,32.0,Internal Auditor,Financial Services,Mass Customer,N,8802 Fisk Street,NSW,Australia,2234,8.0,8036.25
1512,Chandler,,Male,89,1979-04-10,44.0,Teacher,n/a,High Net Worth,N,81 Darwin Court,NSW,Australia,2210,4.0,4259.41
1513,Wendel,Cator,Male,13,1970-06-05,53.0,Quality Engineer,n/a,Affluent Customer,N,54295 Dorton Hill,NSW,Australia,2219,6.0,6622.02
1514,Pren,Brangan,Male,15,1962-01-16,61.0,Professor,n/a,Mass Customer,N,29 Spohn Drive,NSW,Australia,2212,7.0,8342.17
1515,Dietrich,Escott,Male,80,1990-08-19,32.0,Geological Engineer,Manufacturing,Mass Customer,N,87746 Bellgrove Park,NSW,Australia,2211,7.0,6931.66
1516,Ham,Pietrusiak,Male,6,1967-07-12,55.0,VP Sales,IT,Affluent Customer,N,4517 Colorado Place,NSW,Australia,2210,5.0,5692.96
1517,Murdoch,Twort,Male,90,1987-09-15,35.0,Operator,IT,Affluent Customer,N,91433 Hollow Ridge Crossing,NSW,Australia,2210,11.0,14668.68
1518,Dallon,Greatreax,Male,66,1971-01-02,52.0,Safety Technician IV,Property,Affluent Customer,N,237 Garrison Way,NSW,Australia,2207,5.0,6263.77
1519,Marwin,Jeyness,Male,35,2001-11-30,21.0,Administrative Assistant IV,Telecommunications,High Net Worth,N,7 Bartillon Circle,NSW,Australia,2260,11.0,8057.86
1520,Dillie,Wilstead,Male,95,1965-11-18,57.0,NA,Retail,Mass Customer,N,22 Nelson Terrace,NSW,Australia,2190,4.0,5277.34
1521,Pernell,Duffett,Male,49,1995-11-13,27.0,Business Systems Development Analyst,Financial Services,Affluent Customer,N,96 Pepper Wood Drive,NSW,Australia,2567,2.0,2287.37
1522,Hubie,Thunnerclef,Male,57,1994-06-13,29.0,Paralegal,Financial Services,Mass Customer,N,79055 Moose Terrace,NSW,Australia,2176,6.0,6500.01
1523,Brnaba,Dighton,Male,78,1959-09-06,63.0,Product Engineer,Financial Services,Mass Customer,N,520 Mesta Alley,NSW,Australia,2200,3.0,3736.42
1524,Bonni,Drakers,Female,7,1975-04-29,48.0,Administrative Officer,Financial Services,Mass Customer,N,0534 Bartelt Trail,NSW,Australia,2760,8.0,6326.88
1525,Philis,Whittam,Female,43,1966-07-15,56.0,Database Administrator III,Financial Services,High Net Worth,N,3009 Duke Crossing,NSW,Australia,2200,3.0,2947.26
1526,Charlie,MacKibbon,Male,50,1964-11-07,58.0,Editor,Manufacturing,Mass Customer,N,484 Lindbergh Street,NSW,Australia,2161,6.0,9001.81
1527,Gerek,Chape,Male,23,1997-10-15,25.0,Chemical Engineer,Manufacturing,Mass Customer,N,83 Luster Drive,NSW,Australia,2848,8.0,9600.11
1528,Ranee,Henriksson,Female,78,1984-01-01,39.0,NA,Manufacturing,High Net Worth,N,28 Mcguire Junction,NSW,Australia,2171,7.0,6166.85
1529,Tansy,Beltzner,Female,0,1986-10-21,36.0,Media Manager III,Financial Services,High Net Worth,N,6750 Truax Trail,NSW,Australia,2145,1.0,1311.44
1530,Alexandr,Maylard,Male,89,1976-01-12,47.0,Pharmacist,Health,Mass Customer,N,84749 Holy Cross Terrace,NSW,Australia,2767,10.0,14156.46
1531,Evaleen,Pusey,Female,20,1966-03-17,57.0,Administrative Assistant III,Financial Services,Mass Customer,N,486 Clyde Gallagher Road,NSW,Australia,2170,7.0,9089.21
1532,Marty,Wiggall,Female,27,1972-10-26,50.0,VP Accounting,Financial Services,Mass Customer,N,305 Vera Lane,NSW,Australia,2165,6.0,6446.19
1533,Sonia,Rous,Female,59,1977-07-02,45.0,Social Worker,Health,Affluent Customer,N,2 Moulton Drive,NSW,Australia,2567,8.0,8440.49
1534,Rosabelle,Hollington,Female,74,1998-11-30,24.0,Human Resources Assistant I,Manufacturing,Mass Customer,N,213 Alpine Avenue,NSW,Australia,2168,7.0,7622.08
1535,Emanuel,Baukham,Male,80,1997-04-08,26.0,Cost Accountant,Financial Services,Affluent Customer,N,2 Saint Paul Parkway,NSW,Australia,2040,5.0,7008.06
1536,Tiffany,Fanshaw,Female,28,1979-10-04,43.0,Software Consultant,Financial Services,Affluent Customer,N,7921 Trailsway Center,NSW,Australia,2759,4.0,5477.09
1537,Andres,Beranek,Male,23,1969-11-17,53.0,Librarian,Entertainment,Mass Customer,N,90323 Pine View Hill,NSW,Australia,2148,9.0,10625.33
1538,Ahmed,Edmondson,Male,74,1989-04-22,34.0,Pharmacist,Health,High Net Worth,N,27 Hooker Plaza,NSW,Australia,2177,4.0,2176.20
1539,Filberte,Godmer,Male,3,1977-11-17,45.0,Account Executive,n/a,Mass Customer,N,193 Bluejay Hill,NSW,Australia,2160,8.0,7009.43
1540,Ilene,Agett,Female,53,1962-03-17,61.0,Mechanical Systems Engineer,Property,Mass Customer,N,8 Monument Junction,NSW,Australia,2154,6.0,7965.92
1541,Dynah,Grimes,Female,7,1954-12-28,68.0,Structural Engineer,Agriculture,Mass Customer,N,22 Portage Road,NSW,Australia,2155,5.0,6311.20
1542,Sanders,Fernyhough,Male,56,1978-07-27,44.0,Food Chemist,Health,Mass Customer,N,243 Mosinee Place,NSW,Australia,2155,5.0,5625.49
1543,Michaela,Andrasch,Female,25,1993-10-13,29.0,Database Administrator III,n/a,High Net Worth,N,65 Southridge Alley,NSW,Australia,2745,3.0,2601.89
1544,Keane,Moneypenny,Male,75,1963-08-22,59.0,Dental Hygienist,Health,Affluent Customer,N,16 Maple Wood Center,NSW,Australia,2155,1.0,1057.51
1545,Carver,Saturley,Male,34,1977-09-06,45.0,Associate Professor,Health,Mass Customer,N,8595 Ruskin Plaza,VIC,Australia,3196,7.0,6742.36
1546,Natalya,Moscone,Female,22,1956-10-28,66.0,Compensation Analyst,Financial Services,Mass Customer,N,2 Eastwood Street,NSW,Australia,2153,7.0,7226.29
1547,Chiquita,Billyard,Female,82,1990-02-26,33.0,Account Coordinator,n/a,Mass Customer,N,68 Delaware Avenue,NSW,Australia,2768,9.0,12870.90
1548,Perla,Cortnay,Female,70,1995-02-03,28.0,NA,Manufacturing,Mass Customer,N,08167 Buhler Avenue,NSW,Australia,2153,3.0,2805.20
1549,Vikki,Tett,Female,87,1997-08-06,25.0,NA,Financial Services,Affluent Customer,N,0046 Grim Pass,NSW,Australia,2148,7.0,6214.34
1550,Nell,MacCafferky,Female,3,1986-09-12,36.0,Programmer Analyst II,IT,Mass Customer,N,4 Sutteridge Trail,NSW,Australia,2153,6.0,5755.22
1551,Joell,Balfe,Female,37,1975-05-30,48.0,Computer Systems Analyst I,Entertainment,Affluent Customer,N,8 Boyd Road,NSW,Australia,2075,7.0,7800.78
1552,Cully,Mangeon,Male,80,1988-06-06,35.0,Research Associate,Entertainment,Mass Customer,N,8 Bobwhite Park,NSW,Australia,2768,5.0,6945.16
1553,Vanna,Matts,Female,68,1956-05-31,67.0,Administrative Assistant IV,Retail,High Net Worth,N,62047 Ludington Terrace,NSW,Australia,2148,4.0,3553.17
1554,Land,Aarons,Male,83,1994-08-12,28.0,Assistant Manager,Retail,Affluent Customer,N,277 Maple Circle,NSW,Australia,2768,7.0,9898.23
1555,Marcello,Spenclay,Male,60,1962-08-19,60.0,Tax Accountant,Health,High Net Worth,N,845 Mendota Center,NSW,Australia,2148,7.0,6475.75
1556,Bartram,Brownstein,Male,30,1986-03-25,37.0,Web Developer III,Manufacturing,Mass Customer,N,13795 Corscot Drive,NSW,Australia,2147,5.0,6638.80
1557,Efren,Castanos,Male,64,1975-08-14,47.0,Speech Pathologist,Financial Services,Mass Customer,N,08 Twin Pines Place,NSW,Australia,2768,7.0,10899.53
1558,Oberon,Scading,Male,14,1991-05-12,32.0,Information Systems Manager,Financial Services,Affluent Customer,N,07236 Jenifer Point,NSW,Australia,2763,9.0,13980.41
1559,Hilton,Gladwell,Male,63,1975-10-14,47.0,NA,Health,High Net Worth,N,2 Darwin Parkway,NSW,Australia,2118,8.0,9623.09
1560,Tymon,Blackstone,Male,14,1973-01-12,50.0,NA,Retail,Mass Customer,N,57878 Northfield Crossing,NSW,Australia,2144,3.0,1841.38
1561,Clemens,Rawll,Male,47,1975-03-14,48.0,Graphic Designer,Manufacturing,Mass Customer,N,61 Donald Crossing,NSW,Australia,2142,8.0,10601.55
1562,Elset,Biasio,Female,29,1984-07-11,38.0,Staff Scientist,n/a,Affluent Customer,N,842 Rutledge Parkway,NSW,Australia,2145,3.0,4066.11
1563,Crosby,Claeskens,Male,39,1992-03-10,31.0,Account Representative IV,Property,Mass Customer,N,8462 Emmet Trail,QLD,Australia,4878,4.0,4845.11
1564,Sascha,Tander,Female,42,1964-02-27,59.0,Geologist III,Retail,Mass Customer,N,6265 Moland Terrace,NSW,Australia,2076,3.0,2983.80
1565,Jay,Janiszewski,Male,71,1953-08-17,69.0,Sales Representative,Retail,High Net Worth,N,4 Rowland Way,NSW,Australia,2126,2.0,2635.82
1566,Stavros,Goodinson,Male,95,1962-01-03,61.0,Executive Secretary,Agriculture,Mass Customer,N,04488 Jenna Alley,NSW,Australia,2289,4.0,3428.40
1567,Florri,Ramsdell,Female,18,1971-12-16,51.0,Teacher,n/a,Mass Customer,N,4 Toban Junction,NSW,Australia,2154,7.0,10643.93
1568,Bellanca,Strutz,Female,78,1980-05-23,43.0,Chemical Engineer,Manufacturing,Mass Customer,N,5 Manley Avenue,NSW,Australia,2122,5.0,6917.70
1569,Dave,Mews,Male,87,1987-06-03,36.0,Structural Analysis Engineer,n/a,Mass Customer,N,9 Eastlawn Court,NSW,Australia,2155,1.0,1945.43
1570,Phil,Dodle,Female,70,1995-11-20,27.0,Staff Accountant III,Entertainment,Mass Customer,N,97910 Leroy Junction,NSW,Australia,2073,9.0,9958.95
1571,Tadeas,McUre,Male,19,1980-09-08,42.0,Clinical Specialist,Health,Mass Customer,N,608 Rutledge Drive,NSW,Australia,2121,4.0,6700.48
1572,Tam,Jahner,Male,51,1957-07-26,65.0,Recruiting Manager,Financial Services,High Net Worth,N,8 Heffernan Crossing,NSW,Australia,2126,6.0,8740.17
1573,Aurea,Reubens,Female,48,1994-07-05,28.0,Web Designer I,Property,Mass Customer,N,9 Northfield Circle,NSW,Australia,2121,4.0,5974.07
1574,Werner,Wall,Male,16,1995-11-15,27.0,Database Administrator I,n/a,Affluent Customer,N,996 Morning Parkway,NSW,Australia,2119,10.0,10204.10
1575,Phaidra,Jindacek,Female,82,1989-03-13,34.0,Design Engineer,Retail,Mass Customer,N,7015 Hintze Parkway,NSW,Australia,2153,4.0,4088.84
1576,Reube,Roscrigg,Male,77,1985-11-10,37.0,VP Marketing,Financial Services,Mass Customer,N,3525 Buena Vista Plaza,NSW,Australia,2120,8.0,8708.10
1577,Diannne,Teager,Female,87,1976-09-08,46.0,Automation Specialist I,Manufacturing,High Net Worth,N,6 Hallows Pass,NSW,Australia,2118,7.0,7290.07
1578,Andreas,Bazely,Male,60,1978-04-14,45.0,NA,Health,High Net Worth,N,7317 Huxley Alley,NSW,Australia,2112,7.0,7399.55
1579,Madelaine,Siegertsz,Female,40,1978-01-27,45.0,Desktop Support Technician,Financial Services,Affluent Customer,N,82 Hanover Avenue,NSW,Australia,2101,10.0,12628.98
1580,Laird,Prover,Male,23,1981-06-21,42.0,Associate Professor,Retail,High Net Worth,N,3384 Nelson Circle,QLD,Australia,4227,8.0,6116.84
1581,Melessa,Delyth,Female,26,1974-04-13,49.0,Recruiter,Agriculture,Mass Customer,N,45314 Pepper Wood Junction,NSW,Australia,2251,8.0,8989.39
1582,Francesco,Wasson,Male,32,1978-01-14,45.0,Office Assistant III,Property,Mass Customer,N,85301 John Wall Road,NSW,Australia,2101,5.0,5909.79
1583,Krysta,Reagan,U,18,,,Geologist IV,IT,Mass Customer,N,277 Lindbergh Alley,NSW,Australia,2100,4.0,4888.05
1584,Susanetta,,Female,93,1992-04-27,31.0,Legal Assistant,Manufacturing,Mass Customer,N,6 Logan Junction,NSW,Australia,2148,2.0,2749.72
1585,Stillman,Sackur,Male,87,1961-04-07,62.0,Pharmacist,Health,Mass Customer,N,70416 Becker Court,NSW,Australia,2099,8.0,8524.70
1586,Madelena,Risson,Female,47,1985-12-27,37.0,Physical Therapy Assistant,Manufacturing,High Net Worth,N,256 Fordem Street,NSW,Australia,2119,6.0,4162.83
1587,Kevan,Laminman,Male,17,1986-08-16,36.0,Software Test Engineer III,Entertainment,Affluent Customer,N,7 Laurel Junction,NSW,Australia,2079,5.0,4992.59
1588,Dukey,McCrie,Male,24,1983-01-28,40.0,Administrative Officer,IT,High Net Worth,N,7032 Hallows Drive,NSW,Australia,2126,7.0,6621.86
1589,Walker,Bartalot,Male,83,1989-07-08,33.0,Human Resources Manager,Health,Mass Customer,N,78000 Arrowood Center,NSW,Australia,2775,6.0,8883.67
1590,Crystie,Fontanet,Female,8,1965-12-09,57.0,Assistant Manager,Retail,Mass Customer,N,5 Elgar Place,QLD,Australia,4132,3.0,5483.84
1591,Fonz,Jankin,Male,4,1976-09-14,46.0,Operator,Manufacturing,Mass Customer,N,54 Veith Drive,NSW,Australia,2073,12.0,14292.06
1592,Thorin,Klagges,Male,21,1986-08-04,36.0,Software Test Engineer III,n/a,Mass Customer,N,0 Michigan Plaza,NSW,Australia,2077,4.0,5703.38
1593,Tommy,Kupisz,Female,69,1979-10-11,43.0,Tax Accountant,IT,Mass Customer,N,2272 Buena Vista Center,NSW,Australia,2065,6.0,8646.02
1594,Rolando,Amyes,Male,62,1981-11-26,41.0,Human Resources Manager,Property,Mass Customer,N,0 Thackeray Avenue,NSW,Australia,2100,6.0,8868.77
1595,Kora,Paoli,Female,15,1976-02-21,47.0,Senior Financial Analyst,Financial Services,High Net Worth,N,8 Warrior Avenue,VIC,Australia,3197,7.0,7678.37
1596,Vinnie,Sails,Male,2,1969-07-01,53.0,Cost Accountant,Financial Services,High Net Worth,N,5447 Weeping Birch Place,NSW,Australia,2086,5.0,4064.20
1597,Jeffry,Slowly,Male,93,1977-02-01,46.0,Nurse Practicioner,Retail,Affluent Customer,N,019 Derek Hill,NSW,Australia,2224,12.0,18531.43
1598,Guendolen,Betterton,Female,87,1973-12-02,49.0,Safety Technician III,n/a,Mass Customer,N,4 Florence Street,NSW,Australia,2032,5.0,7356.10
1599,Ozzy,Silver,Male,65,1999-11-24,23.0,NA,n/a,Affluent Customer,N,2390 Blackbird Point,NSW,Australia,2035,11.0,10141.36
1600,Priscella,Stathers,Female,20,1985-05-21,38.0,Senior Financial Analyst,Financial Services,High Net Worth,N,96 Sundown Point,QLD,Australia,4220,9.0,5070.31
1601,Nita,McCarthy,Female,45,1993-02-11,30.0,Desktop Support Technician,Manufacturing,Affluent Customer,N,5447 Buell Hill,NSW,Australia,2567,4.0,4429.02
1602,Shamus,Dennerly,Male,68,1979-01-09,44.0,Professor,Retail,Mass Customer,N,978 Valley Edge Park,NSW,Australia,2777,5.0,7562.78
1603,Osgood,Emerine,Male,89,1988-11-20,34.0,Quality Engineer,Manufacturing,Affluent Customer,N,46 Dunning Junction,QLD,Australia,4220,4.0,5471.89
1604,Natale,Duinbleton,Male,51,1960-04-11,63.0,NA,Financial Services,High Net Worth,N,848 Dawn Drive,QLD,Australia,4818,3.0,2764.28
1605,Latrena,Ker,Female,72,1988-03-01,35.0,NA,n/a,Affluent Customer,N,2517 Glacier Hill Point,VIC,Australia,3219,3.0,3871.88
1606,Shayne,Ellesworthe,Female,93,1980-11-25,42.0,Environmental Specialist,n/a,Affluent Customer,N,658 Northfield Junction,VIC,Australia,3023,5.0,5934.71
1607,Tiffani,Castele,Female,39,1988-01-22,35.0,Marketing Assistant,Retail,Mass Customer,N,5 Algoma Point,VIC,Australia,3809,5.0,4898.71
1608,Fernande,Petzolt,Female,87,1958-09-21,64.0,Software Engineer III,n/a,Mass Customer,N,1617 Lakewood Gardens Lane,NSW,Australia,2090,3.0,2811.51
1609,Reginald,Hanwright,Male,64,1996-11-26,26.0,Professor,Property,Mass Customer,N,373 Oak Valley Avenue,NSW,Australia,2048,5.0,6259.92
1610,Valaree,Chisolm,Female,75,1955-02-10,68.0,Structural Engineer,n/a,High Net Worth,N,75164 Sherman Crossing,NSW,Australia,2031,5.0,4339.31
1611,Terencio,,Male,93,1971-11-22,51.0,Developer IV,Health,High Net Worth,N,6491 Gerald Court,NSW,Australia,2261,12.0,9919.63
1612,Wendel,Headland,Male,70,1987-04-17,36.0,Community Outreach Specialist,Financial Services,High Net Worth,N,84504 Doe Crossing Road,NSW,Australia,2441,2.0,3454.46
1613,Ernesta,Billany,Female,18,1977-05-25,46.0,NA,Property,Mass Customer,N,55433 Schmedeman Lane,NSW,Australia,2263,8.0,7244.57
1614,Currie,Gimber,Male,2,1984-08-12,38.0,NA,n/a,High Net Worth,N,835 Thackeray Place,NSW,Australia,2261,7.0,5590.61
1615,Evvie,Crack,Female,75,1971-02-04,52.0,NA,Entertainment,Mass Customer,N,24 Fuller Lane,VIC,Australia,3183,6.0,9640.25
1616,Shamus,Attenbrough,Male,75,1955-08-16,67.0,Media Manager II,Retail,High Net Worth,N,5333 Aberg Lane,QLD,Australia,4877,7.0,8956.90
1617,Jannelle,Ort,Female,97,1978-07-06,44.0,Compensation Analyst,Financial Services,Affluent Customer,N,6 Melody Plaza,QLD,Australia,4215,5.0,5926.27
1618,Andee,Scardifeild,Female,90,1966-03-01,57.0,Senior Developer,n/a,Mass Customer,N,50 Dahle Crossing,VIC,Australia,3199,2.0,2033.21
1619,Matteo,Hallum,Male,83,1971-12-22,51.0,Staff Accountant III,n/a,Mass Customer,N,2 Mayfield Alley,NSW,Australia,2089,10.0,11944.86
1620,Jerrold,Bernetti,Male,18,1992-07-27,30.0,Structural Analysis Engineer,n/a,High Net Worth,N,9020 Anhalt Park,NSW,Australia,2528,2.0,1973.06
1621,Sibley,Eliyahu,Female,10,1974-09-09,48.0,Social Worker,Health,Mass Customer,N,48 Melby Trail,NSW,Australia,2131,5.0,2804.08
1622,Pietrek,Crowe,Male,44,1978-05-30,45.0,Senior Quality Engineer,n/a,High Net Worth,N,1 Eliot Road,VIC,Australia,3910,3.0,2112.76
1623,Katy,Taffee,Female,29,1997-12-24,25.0,Software Test Engineer III,Entertainment,High Net Worth,N,94181 South Park,VIC,Australia,3264,6.0,6479.51
1624,Hakim,Burnhard,Male,18,1980-05-04,43.0,Compensation Analyst,Financial Services,Mass Customer,N,718 Colorado Court,NSW,Australia,2220,6.0,5882.44
1625,Caryl,Clara,Male,20,1977-12-09,45.0,Information Systems Manager,Property,Mass Customer,N,2 Southridge Crossing,NSW,Australia,2763,8.0,12809.37
1626,Fanchon,Fist,Female,82,1979-04-19,44.0,VP Accounting,Financial Services,Mass Customer,N,0 Westport Terrace,QLD,Australia,4570,2.0,1789.38
1627,Vladimir,Morphet,Male,44,1961-11-19,61.0,Librarian,Entertainment,Affluent Customer,N,0 Namekagon Circle,VIC,Australia,3150,8.0,10051.58
1628,Hermione,Brereton,U,13,,,Assistant Manager,IT,Mass Customer,N,76 Roxbury Pass,NSW,Australia,2528,2.0,3869.27
1629,Edsel,Lester,Male,46,1974-08-21,48.0,VP Accounting,Financial Services,Mass Customer,N,10 Hazelcrest Street,QLD,Australia,4413,7.0,8226.21
1630,Sonni,Lindstedt,Female,63,1984-09-16,38.0,Professor,Manufacturing,Mass Customer,N,5528 North Hill,NSW,Australia,2681,3.0,3699.78
1631,Towny,Beebee,Male,11,1996-09-03,26.0,Speech Pathologist,Financial Services,Affluent Customer,N,9179 Sunfield Terrace,QLD,Australia,4510,5.0,5666.82
1632,Orbadiah,Kennicott,Male,43,1985-08-12,37.0,Electrical Engineer,Manufacturing,High Net Worth,N,18708 Darwin Park,VIC,Australia,3977,2.0,1599.33
1633,Ashia,Muzzi,Female,16,1964-07-08,58.0,Mechanical Systems Engineer,Property,High Net Worth,N,46310 Raven Trail,QLD,Australia,4220,3.0,3774.02
1634,Jordana,Beach,Female,20,1970-08-31,52.0,Director of Sales,Manufacturing,Affluent Customer,N,49932 Messerschmidt Point,NSW,Australia,2138,4.0,4713.64
1635,Indira,Robotham,Female,36,1971-09-02,51.0,Safety Technician IV,Financial Services,Mass Customer,N,6 Monument Circle,VIC,Australia,3186,4.0,7259.65
1636,Karly,Ackenhead,Female,65,1980-05-12,43.0,Chemical Engineer,Manufacturing,High Net Worth,N,2 Green Ridge Park,NSW,Australia,2478,5.0,4753.17
1637,Timothee,Mervyn,Male,78,1969-02-07,54.0,Statistician II,Manufacturing,High Net Worth,N,60 Briar Crest Circle,NSW,Australia,2170,8.0,7301.28
1638,Zachery,Monkhouse,Male,55,1992-05-12,31.0,Speech Pathologist,Financial Services,Mass Customer,N,313 Schiller Trail,VIC,Australia,3018,4.0,5631.04
1639,Marna,Showers,Female,9,1962-12-17,60.0,NA,Manufacturing,Mass Customer,N,89 Bartillon Plaza,NSW,Australia,2753,6.0,7481.22
1640,Erie,Worswick,Male,37,1995-02-17,28.0,Accountant I,n/a,High Net Worth,N,5 Moland Court,QLD,Australia,4551,7.0,5223.43
1641,Vasily,Sturgeon,Male,29,1972-09-01,50.0,Community Outreach Specialist,Financial Services,Mass Customer,N,20 Mcguire Hill,VIC,Australia,3198,9.0,10515.62
1642,Nollie,Matteoli,Male,97,1982-10-11,40.0,Systems Administrator II,Manufacturing,Affluent Customer,N,2 Ridgeway Circle,NSW,Australia,2090,5.0,5309.08
1643,Manda,Forsey,Female,13,1961-01-07,62.0,NA,Retail,Mass Customer,N,78 Bultman Junction,NSW,Australia,2047,8.0,10991.14
1644,Gaby,Harriot,Male,57,1969-12-01,53.0,Speech Pathologist,Health,Mass Customer,N,4 Mariners Cove Street,NSW,Australia,2043,7.0,9015.37
1645,Dal,Colquhoun,Male,34,1995-06-12,28.0,Research Associate,n/a,Affluent Customer,N,38330 Badeau Place,NSW,Australia,2154,7.0,5311.23
1646,Emmye,Flacke,Female,39,1994-06-20,29.0,Senior Financial Analyst,Financial Services,Mass Customer,N,515 Monterey Terrace,NSW,Australia,2107,7.0,8513.58
1647,Ivory,Roscam,Female,21,1977-09-09,45.0,NA,Financial Services,High Net Worth,N,73363 Butterfield Crossing,QLD,Australia,4567,7.0,5681.78
1648,Prissie,Dyde,Female,22,1981-06-09,42.0,VP Accounting,Financial Services,Mass Customer,N,65387 Thackeray Parkway,VIC,Australia,3197,4.0,5440.22
1649,Brenden,Dinley,Male,6,1962-07-17,60.0,Chief Design Engineer,Property,Mass Customer,N,06 Hudson Parkway,NSW,Australia,2250,3.0,4375.29
1650,Raphaela,Looby,Female,44,1980-05-03,43.0,Tax Accountant,n/a,High Net Worth,N,5274 Lindbergh Alley,QLD,Australia,4217,5.0,3420.90
1651,Idalina,,Female,9,1996-11-25,26.0,Web Designer I,Telecommunications,Mass Customer,N,81942 Scott Street,NSW,Australia,2066,5.0,3133.72
1652,Ulrikaumeko,Heffernon,Female,53,1981-09-24,41.0,Operator,Manufacturing,High Net Worth,N,3 Fordem Park,QLD,Australia,4011,6.0,5845.74
1653,Florry,Folbige,Female,80,1987-04-29,36.0,NA,Agriculture,Mass Customer,N,8012 American Parkway,NSW,Australia,2138,5.0,5084.30
1654,Melli,Sperwell,Female,67,1989-03-05,34.0,Professor,IT,High Net Worth,N,461 Esker Court,VIC,Australia,3630,4.0,2532.89
1655,Prinz,Codman,Male,38,1983-02-15,40.0,Electrical Engineer,Manufacturing,Affluent Customer,N,22 Badeau Avenue,VIC,Australia,3161,3.0,3845.11
1656,Constantin,Rodrigues,Male,59,1977-07-22,45.0,Chief Design Engineer,Financial Services,Mass Customer,N,58 Kipling Avenue,QLD,Australia,4560,7.0,8657.62
1657,Stanwood,Troillet,Male,11,1977-03-08,46.0,Computer Systems Analyst III,Financial Services,Mass Customer,N,4 Jay Court,NSW,Australia,2763,6.0,5897.31
1658,Selina,Clow,Female,17,1993-12-05,29.0,Sales Representative,Retail,Mass Customer,N,17974 Kedzie Circle,NSW,Australia,2795,4.0,4302.92
1659,Olva,Sheehy,Female,75,1989-11-14,33.0,Software Consultant,Property,High Net Worth,N,82598 Arkansas Hill,NSW,Australia,2088,7.0,5663.17
1660,Justinian,Jekyll,Male,85,1980-03-16,43.0,Internal Auditor,Retail,Affluent Customer,N,208 Golden Leaf Pass,VIC,Australia,3195,6.0,5046.13
1661,Meggy,Delgadillo,Female,21,1979-06-02,44.0,Administrative Assistant IV,Health,Affluent Customer,N,4 Pankratz Street,NSW,Australia,2101,6.0,8438.94
1662,Xenia,Willmett,Female,40,1956-04-01,67.0,Electrical Engineer,Manufacturing,High Net Worth,N,83 Graceland Avenue,VIC,Australia,3977,5.0,2981.32
1663,Analiese,Grimsditch,Female,68,1978-01-30,45.0,VP Quality Control,Property,High Net Worth,N,1041 Center Road,NSW,Australia,2155,6.0,5710.94
1664,Karlis,Alner,Male,11,1975-12-30,47.0,Chemical Engineer,Manufacturing,Affluent Customer,N,9161 Macpherson Terrace,QLD,Australia,4680,7.0,9367.40
1665,Witty,Lauthian,Male,48,1977-11-18,45.0,Quality Engineer,Telecommunications,Mass Customer,N,816 Gale Pass,NSW,Australia,2261,8.0,7125.33
1666,Launce,Lording,Male,73,1977-04-02,46.0,Recruiting Manager,n/a,Mass Customer,N,17485 Tennyson Pass,NSW,Australia,2221,4.0,5256.49
1667,Jaime,Simonnin,Male,67,1955-02-18,68.0,Geological Engineer,Manufacturing,High Net Worth,N,9168 Thackeray Place,NSW,Australia,2026,7.0,6260.78
1668,Aurlie,Bolter,Female,75,1965-06-13,58.0,Financial Advisor,Financial Services,Mass Customer,N,4889 Tomscot Park,NSW,Australia,2093,6.0,7231.88
1669,Jabez,Glasspoole,Male,74,1978-03-18,45.0,VP Accounting,Financial Services,High Net Worth,N,709 Schmedeman Street,NSW,Australia,2155,6.0,4930.37
1670,Gisella,Ravens,Female,30,1978-08-12,44.0,Web Designer II,Retail,Mass Customer,N,59 Steensland Alley,NSW,Australia,2018,9.0,9943.20
1671,Nerty,Renak,Female,69,1957-01-23,66.0,Account Executive,Property,Mass Customer,N,59643 Reindahl Plaza,VIC,Australia,3127,4.0,3197.84
1672,Sharla,Creebo,Female,21,1963-04-27,60.0,Design Engineer,IT,Affluent Customer,N,29438 Swallow Crossing,NSW,Australia,2217,13.0,15331.66
1673,Suzie,Dahle,Female,45,1978-11-09,44.0,Professor,Financial Services,Affluent Customer,N,1 Fallview Street,NSW,Australia,2155,3.0,1318.28
1674,Rahal,Woodman,Female,97,1977-10-26,45.0,Civil Engineer,Manufacturing,High Net Worth,N,54 Bowman Park,NSW,Australia,2031,5.0,2720.25
1675,Luke,Wombwell,Male,76,1955-08-14,67.0,Engineer I,Manufacturing,Affluent Customer,N,7 Monterey Street,VIC,Australia,3068,4.0,4572.34
1676,Ozzy,Olerenshaw,Male,63,1975-03-31,48.0,Information Systems Manager,Health,Mass Customer,N,1 Morning Circle,NSW,Australia,2250,5.0,6881.58
1677,Petrina,Pollins,Female,56,1958-05-28,65.0,Editor,Health,Affluent Customer,N,41 Vahlen Park,NSW,Australia,2230,8.0,9084.91
1678,Dale,Hursey,Female,20,1977-10-07,45.0,NA,Financial Services,High Net Worth,N,9175 Ryan Street,NSW,Australia,2088,9.0,8120.21
1679,Arabel,Kayser,Female,92,1975-11-03,47.0,Programmer II,Health,Mass Customer,N,2 Pankratz Place,NSW,Australia,2063,4.0,6138.97
1680,Loise,Austins,Female,5,1998-07-28,24.0,Desktop Support Technician,Property,Mass Customer,N,018 Superior Plaza,NSW,Australia,2068,3.0,5001.21
1681,Rupert,Gilstoun,Male,78,1979-12-07,43.0,NA,Health,High Net Worth,N,9737 Vernon Junction,VIC,Australia,3152,5.0,4162.19
1682,Gerladina,Cuddon,Female,93,1960-04-25,63.0,Structural Engineer,Manufacturing,Affluent Customer,N,290 Havey Crossing,VIC,Australia,3145,6.0,10071.44
1683,Brenn,Bacon,U,72,,,Budget/Accounting Analyst I,IT,Mass Customer,N,4709 Cardinal Hill,NSW,Australia,2028,9.0,12934.59
1684,Janie,Stonehewer,Female,96,1979-07-10,43.0,Environmental Tech,Manufacturing,Mass Customer,N,087 Fallview Plaza,QLD,Australia,4209,6.0,5190.33
1685,Marya,Milington,Female,32,1972-03-16,51.0,Budget/Accounting Analyst III,IT,Mass Customer,N,116 Sullivan Avenue,VIC,Australia,3941,2.0,2346.16
1686,Fremont,Trundle,Male,95,1980-07-06,42.0,Account Representative IV,Agriculture,Mass Customer,N,309 Oneill Way,NSW,Australia,2068,10.0,10661.37
1687,Chance,Maben,Male,16,1991-05-09,32.0,NA,Manufacturing,Affluent Customer,N,86 Morningstar Junction,NSW,Australia,2031,4.0,4594.80
1688,Charmaine,Suller,Female,80,1978-12-05,44.0,Systems Administrator II,n/a,Mass Customer,N,72 Mosinee Court,VIC,Australia,3146,8.0,9836.09
1689,Teodor,Larwell,Male,48,1995-06-18,28.0,Quality Control Specialist,Financial Services,Mass Customer,N,16 Saint Paul Street,QLD,Australia,4670,5.0,8121.04
1690,Torey,Kensall,Male,6,1988-12-19,34.0,Food Chemist,Health,Affluent Customer,N,8 Northridge Drive,NSW,Australia,2072,9.0,9170.25
1691,Tomlin,,Male,50,1979-11-16,43.0,Account Coordinator,n/a,High Net Worth,N,091 Hoard Street,NSW,Australia,2229,8.0,6466.84
1692,Harriette,Matteis,Female,85,1967-04-07,56.0,Senior Quality Engineer,Health,Mass Customer,N,36445 Meadow Valley Road,VIC,Australia,3087,5.0,4265.29
1693,Ring,Birchall,Male,79,1965-11-06,57.0,Accountant I,Health,Affluent Customer,N,419 2nd Center,QLD,Australia,4220,7.0,9759.60
1694,Tonnie,McLinden,Male,11,1959-10-11,63.0,NA,IT,Mass Customer,N,41 Dwight Way,VIC,Australia,3585,7.0,8130.57
1695,Blanch,Leyshon,Female,11,1991-05-18,32.0,Environmental Specialist,n/a,High Net Worth,N,1908 Brickson Park Trail,NSW,Australia,2112,5.0,5495.95
1696,Mose,Middler,Male,48,1991-06-07,32.0,Librarian,Entertainment,High Net Worth,N,367 Algoma Lane,NSW,Australia,2153,9.0,10267.20
1697,Eddi,Mansbridge,Female,44,1969-03-29,54.0,Occupational Therapist,Health,Mass Customer,N,9037 Norway Maple Junction,NSW,Australia,2087,5.0,6885.15
1698,Christabella,Eldredge,Female,58,1971-08-24,51.0,NA,Health,Affluent Customer,N,1301 Northwestern Place,NSW,Australia,2117,8.0,9581.00
1699,Poul,Dumphy,Male,33,1958-05-08,65.0,Nuclear Power Engineer,Manufacturing,Mass Customer,N,3205 Service Park,NSW,Australia,2158,8.0,8813.38
1700,Rana,Streets,Female,28,1969-09-18,53.0,Electrical Engineer,Manufacturing,High Net Worth,N,906 Pawling Place,QLD,Australia,4352,7.0,4939.13
1701,Hazlett,Goane,Male,11,1963-04-24,60.0,NA,Manufacturing,High Net Worth,N,53141 Merrick Street,NSW,Australia,2064,5.0,3966.48
1702,Bryn,Whisby,Male,14,1956-04-03,67.0,Research Nurse,Health,Mass Customer,N,51 Hollow Ridge Terrace,NSW,Australia,2768,7.0,6513.58
1703,Nerita,Keppie,Female,14,1991-04-01,32.0,Product Engineer,Telecommunications,Mass Customer,N,38233 Boyd Alley,VIC,Australia,3976,4.0,2995.37
1704,Tremain,Breadon,Male,96,1962-10-22,60.0,Analyst Programmer,IT,High Net Worth,N,21800 Duke Parkway,VIC,Australia,3219,2.0,2032.39
1705,Nelle,Haworth,Female,1,1979-08-14,43.0,Research Associate,Financial Services,Mass Customer,N,3 Buena Vista Pass,QLD,Australia,4209,4.0,5029.50
1706,Slade,Semark,Male,32,1961-08-19,61.0,NA,Financial Services,High Net Worth,N,11 Victoria Place,NSW,Australia,2036,8.0,6712.71
1707,Alfonso,Readett,Male,18,1994-01-02,29.0,Cost Accountant,Financial Services,High Net Worth,N,78 Colorado Park,QLD,Australia,4105,9.0,5937.38
1708,Wenona,Mahaddie,Female,39,1988-12-30,34.0,Marketing Manager,Property,High Net Worth,N,39846 Springs Crossing,NSW,Australia,2154,4.0,4633.75
1709,Osgood,Seeborne,Male,36,1974-09-30,48.0,Food Chemist,Health,Affluent Customer,N,8 Talisman Avenue,NSW,Australia,2211,5.0,5744.16
1710,Matilde,MacKeeg,Female,49,1954-06-30,68.0,Health Coach IV,Health,High Net Worth,N,147 Waubesa Point,NSW,Australia,2094,4.0,3213.61
1711,Marie-jeanne,Mattson,Female,81,1993-09-26,29.0,NA,Manufacturing,High Net Worth,N,2 Dwight Point,QLD,Australia,4133,7.0,5272.02
1712,Chad,,Female,63,1976-10-12,46.0,Dental Hygienist,Health,High Net Worth,N,62 Mallard Avenue,VIC,Australia,3437,2.0,878.33
1713,Jennica,Jeeks,Female,89,1988-11-08,34.0,Teacher,Retail,High Net Worth,N,9 Onsgard Court,VIC,Australia,3170,7.0,6956.88
1714,Esma,Rycroft,Female,80,1998-06-26,25.0,Senior Sales Associate,Property,High Net Worth,N,20415 Clyde Gallagher Parkway,NSW,Australia,2333,6.0,5195.47
1715,Cobb,Schrinel,Male,41,1988-06-01,35.0,Web Developer III,Entertainment,Mass Customer,N,32 Hagan Junction,NSW,Australia,2570,3.0,3614.36
1716,Lou,Yellep,Female,42,1987-01-30,36.0,Senior Developer,Telecommunications,Affluent Customer,N,5 Spohn Alley,NSW,Australia,2121,2.0,2886.81
1717,Obadias,Gristwood,Male,96,1978-11-14,44.0,Civil Engineer,Manufacturing,Mass Customer,N,8 Scott Street,VIC,Australia,3205,4.0,3914.54
1718,Eada,Coaster,Female,13,1994-04-19,29.0,Professor,Financial Services,High Net Worth,N,02862 Esker Crossing,NSW,Australia,2173,5.0,2277.42
1719,Devy,Hannum,Male,71,1973-07-04,49.0,Media Manager IV,Financial Services,High Net Worth,N,03 Lillian Street,VIC,Australia,3071,5.0,3750.70
1720,Matilda,Milton,Female,96,1986-10-06,36.0,Staff Accountant II,Financial Services,Mass Customer,N,644 Karstens Place,VIC,Australia,3040,5.0,6528.00
1721,Delcine,Hansod,Female,82,1980-10-22,42.0,Senior Quality Engineer,Financial Services,High Net Worth,N,0 Graedel Drive,QLD,Australia,4817,7.0,5823.67
1722,Fritz,Geare,Male,52,1963-07-17,59.0,Cost Accountant,Financial Services,Mass Customer,N,86 Menomonie Plaza,NSW,Australia,2290,9.0,13087.22
1723,Atalanta,Stoeck,Female,90,1986-10-24,36.0,Geologist IV,n/a,Mass Customer,N,7233 Lerdahl Lane,QLD,Australia,4212,5.0,5505.84
1724,Davita,Pristnor,Female,28,1999-01-24,24.0,Assistant Media Planner,Entertainment,High Net Worth,N,5676 Golf View Junction,NSW,Australia,2137,4.0,1838.63
1725,Corena,Postlewhite,Female,80,1979-07-19,43.0,Junior Executive,Manufacturing,High Net Worth,N,2 Mcguire Terrace,NSW,Australia,2323,8.0,7538.11
1726,Mariette,Alexsandrev,Female,41,1973-08-06,49.0,Junior Executive,Financial Services,High Net Worth,N,773 Tomscot Plaza,NSW,Australia,2203,8.0,7416.38
1727,Everard,,Male,43,1978-05-10,45.0,Assistant Media Planner,Entertainment,High Net Worth,N,5 Fisk Way,NSW,Australia,2230,7.0,5512.99
1728,Pryce,Larner,Male,41,1977-05-04,46.0,Paralegal,Financial Services,Affluent Customer,N,0 Pierstorff Place,NSW,Australia,2770,7.0,8877.29
1729,Alla,Kyles,Female,37,1987-11-16,35.0,Mechanical Systems Engineer,Agriculture,High Net Worth,N,25253 Straubel Trail,NSW,Australia,2153,7.0,3348.80
1730,Tildi,Kirkup,Female,29,1985-12-21,37.0,Senior Financial Analyst,Financial Services,Mass Customer,N,752 Nevada Circle,NSW,Australia,2089,3.0,3583.82
1731,Aigneis,MacKall,Female,26,1959-03-11,64.0,Health Coach III,Health,High Net Worth,N,0672 Mitchell Terrace,QLD,Australia,4161,11.0,5962.29
1732,Elihu,Cudworth,Male,95,1978-07-07,44.0,Desktop Support Technician,Agriculture,Mass Customer,N,78 Parkside Trail,VIC,Australia,3046,5.0,4804.96
1733,Gothart,Coomer,Male,10,1986-05-26,37.0,Associate Professor,Financial Services,High Net Worth,N,7962 Dottie Park,NSW,Australia,2284,5.0,4691.93
1734,Adriana,Cullerne,Female,88,1977-10-10,45.0,Community Outreach Specialist,Retail,Mass Customer,N,0 Westport Center,QLD,Australia,4558,2.0,1998.59
1735,Sly,Offord,Male,7,1966-09-07,56.0,Occupational Therapist,Health,Mass Customer,N,63862 Dawn Park,QLD,Australia,4655,5.0,6168.82
1736,Garrek,Rowbotham,Male,83,1998-05-10,25.0,Associate Professor,IT,Affluent Customer,N,2538 Gateway Pass,QLD,Australia,4152,6.0,8725.86
1737,Benny,Jammet,Female,21,1976-09-06,46.0,Senior Developer,Property,Affluent Customer,N,33006 Petterle Trail,QLD,Australia,4121,3.0,4477.58
1738,Frankie,Seydlitz,Male,39,1985-04-24,38.0,Engineer II,Agriculture,High Net Worth,N,0130 Loeprich Lane,VIC,Australia,3808,5.0,3121.24
1739,Burnaby,Stiffkins,Male,20,1954-10-06,68.0,Software Consultant,Entertainment,Mass Customer,N,0 Warner Road,NSW,Australia,2680,4.0,4742.35
1740,Faythe,Janaszewski,U,83,,,Research Associate,IT,Mass Customer,N,7 Ohio Court,VIC,Australia,3796,8.0,9661.48
1741,Karlens,Carneck,Male,18,1994-07-11,28.0,General Manager,Financial Services,High Net Worth,N,27 Evergreen Terrace,NSW,Australia,2261,4.0,3450.37
1742,Quintin,Dublin,Male,48,1958-08-17,64.0,Tax Accountant,n/a,High Net Worth,N,17 Ohio Drive,QLD,Australia,4053,6.0,4962.41
1743,Pall,Creek,Male,80,1981-07-25,41.0,Director of Sales,Manufacturing,Affluent Customer,N,4912 Lukken Way,QLD,Australia,4570,7.0,9189.10
1744,Phoebe,Kahen,Female,41,1972-01-21,51.0,Nurse Practicioner,Financial Services,High Net Worth,N,89 Cherokee Road,QLD,Australia,4211,3.0,1363.71
1745,Leigha,Clawson,Female,37,1955-08-23,67.0,Chief Design Engineer,Financial Services,Mass Customer,N,4216 Annamark Pass,QLD,Australia,4300,12.0,10978.72
1746,Kev,,Male,58,1962-01-05,61.0,Operator,IT,High Net Worth,N,6 Forest Dale Parkway,QLD,Australia,4017,6.0,8102.22
1747,Obadiah,Fairall,Male,46,1987-03-14,36.0,Research Assistant II,Financial Services,Affluent Customer,N,1 Namekagon Parkway,QLD,Australia,4075,4.0,3412.70
1748,Skell,Oxenden,Male,83,1956-06-07,67.0,Recruiter,Manufacturing,Mass Customer,N,09810 Dayton Hill,QLD,Australia,4035,10.0,11402.61
1749,Debbi,Petschelt,Female,66,1980-10-22,42.0,NA,Telecommunications,High Net Worth,N,85 Magdeline Crossing,VIC,Australia,3149,3.0,2939.19
1750,Filbert,Evreux,Male,14,1959-05-13,64.0,Internal Auditor,Entertainment,Mass Customer,N,7 Laurel Avenue,NSW,Australia,2125,6.0,7768.64
1751,Sara-ann,Haddick,Female,49,1969-03-23,54.0,NA,Health,Mass Customer,N,441 Old Shore Circle,NSW,Australia,2131,4.0,4431.75
1752,Diane,Busk,Female,92,1977-01-27,46.0,Systems Administrator II,n/a,Mass Customer,N,5 Huxley Point,NSW,Australia,2154,7.0,5950.16
1753,Kerry,Ford,Female,6,1997-10-12,25.0,VP Product Management,Health,High Net Worth,N,3483 Burrows Hill,NSW,Australia,2137,4.0,2743.61
1754,Zonnya,Tolland,Female,24,1965-11-27,57.0,NA,Retail,Mass Customer,N,84707 Harper Circle,VIC,Australia,3114,5.0,7882.38
1755,Dagmar,Panyer,Female,38,1986-08-23,36.0,Tax Accountant,Property,Mass Customer,N,78 Jackson Point,NSW,Australia,2047,6.0,7119.28
1756,Daron,,Female,92,1976-12-17,46.0,Junior Executive,n/a,High Net Worth,N,8 Armistice Circle,VIC,Australia,3977,3.0,2639.94
1757,Hashim,Hartwell,Male,68,1966-03-03,57.0,NA,IT,High Net Worth,N,73425 Mitchell Court,QLD,Australia,4304,1.0,752.64
1758,Helli,Cooksley,Female,16,1971-10-28,51.0,Administrative Assistant I,Agriculture,Mass Customer,N,4 5th Circle,NSW,Australia,2800,7.0,5941.39
1759,Quillan,Shortland,Male,52,1969-06-02,54.0,Biostatistician IV,Financial Services,High Net Worth,N,096 Anniversary Point,NSW,Australia,2030,6.0,4188.11
1760,Kelsy,Barrowcliff,Female,68,1966-04-27,57.0,Dental Hygienist,Health,High Net Worth,N,7714 Heffernan Circle,VIC,Australia,3130,7.0,5963.26
1761,Kassi,List,Female,96,1974-08-29,48.0,Legal Assistant,Manufacturing,Mass Customer,N,2 Portage Avenue,NSW,Australia,2170,5.0,6205.62
1762,Gaye,Steutly,Female,49,1978-04-30,45.0,Research Assistant II,Health,Mass Customer,N,636 Debs Circle,VIC,Australia,3039,12.0,14448.34
1763,Suzie,Ornillos,Female,96,1994-10-30,28.0,Automation Specialist I,Manufacturing,Affluent Customer,N,08731 Coleman Lane,VIC,Australia,3352,7.0,7841.49
1764,Zaria,Krui,Female,36,1960-06-21,63.0,Desktop Support Technician,n/a,Mass Customer,N,12860 Warner Court,VIC,Australia,3129,4.0,3350.14
1765,Sibella,Mara,Female,48,1967-02-13,56.0,Senior Quality Engineer,n/a,High Net Worth,N,10 Cambridge Street,QLD,Australia,4567,6.0,6293.86
1766,Maye,O'Moylane,Female,53,1985-10-20,37.0,Senior Quality Engineer,n/a,Affluent Customer,N,8943 Knutson Point,QLD,Australia,4154,5.0,3978.64
1767,Cicely,Millier,Female,28,1959-03-10,64.0,Software Engineer IV,Manufacturing,Affluent Customer,N,3 Nevada Road,QLD,Australia,4215,5.0,6500.32
1768,Normand,Ganderton,Male,36,1974-02-09,49.0,Programmer I,Manufacturing,High Net Worth,N,01 Havey Drive,NSW,Australia,2099,2.0,1492.14
1769,Sheridan,Shaves,Male,13,1960-11-26,62.0,NA,n/a,Mass Customer,N,466 Westport Drive,NSW,Australia,2263,6.0,5617.78
1770,Chrysler,Vasile,Female,63,1995-04-10,28.0,Junior Executive,n/a,Mass Customer,N,40985 Cherokee Junction,NSW,Australia,2155,7.0,8228.41
1771,Zarah,Santello,Female,1,1974-11-01,48.0,Geological Engineer,Manufacturing,Mass Customer,N,410 Hoepker Pass,QLD,Australia,4123,6.0,7947.03
1772,Michael,Foulis,Male,98,1984-07-07,38.0,Financial Analyst,Financial Services,High Net Worth,N,6 Reinke Street,NSW,Australia,2768,4.0,3084.46
1773,Nickolas,Guittet,U,82,,,,IT,Mass Customer,N,9097 Superior Drive,NSW,Australia,2114,11.0,13206.72
1774,Vidovik,Astall,Male,48,1978-11-01,44.0,Compensation Analyst,Financial Services,Mass Customer,N,6 Hansons Park,NSW,Australia,2145,4.0,4366.04
1775,Kimberly,Dishmon,Female,73,1995-10-01,27.0,Actuary,Financial Services,Affluent Customer,N,5394 Dryden Terrace,VIC,Australia,3149,6.0,7078.46
1776,Korey,Gate,Male,77,1978-08-26,44.0,Accountant I,Financial Services,Affluent Customer,N,56 Bultman Parkway,QLD,Australia,4721,7.0,8000.61
1777,Lucinda,Jerok,Female,47,1994-05-02,29.0,Sales Representative,Retail,Affluent Customer,N,835 West Hill,NSW,Australia,2118,7.0,7440.13
1778,Emera,Margrem,Female,72,2000-07-30,22.0,Staff Accountant III,n/a,Mass Customer,N,8 Vermont Pass,VIC,Australia,3930,2.0,3040.40
1779,Krishnah,Firmage,Male,55,1996-11-19,26.0,Information Systems Manager,Agriculture,Affluent Customer,N,6238 Hanover Crossing,VIC,Australia,3141,6.0,8886.92
1780,Maude,Tixier,U,52,,,Research Associate,IT,Mass Customer,N,2 Thierer Plaza,VIC,Australia,3976,4.0,5139.16
1781,Sammie,Uglow,Male,63,1965-07-26,57.0,Data Coordiator,n/a,Affluent Customer,N,71776 Express Avenue,NSW,Australia,2749,4.0,3635.63
1782,Ewen,Emes,Male,47,1966-12-22,56.0,Pharmacist,Health,Affluent Customer,N,162 Golf View Hill,NSW,Australia,2011,6.0,8881.19
1783,Brett,McCalister,Male,55,1995-07-30,27.0,NA,Retail,Mass Customer,N,7389 Union Place,NSW,Australia,2745,12.0,11821.88
1784,Louella,Timony,Female,37,1994-10-15,28.0,GIS Technical Architect,Manufacturing,Mass Customer,N,07 Miller Pass,NSW,Australia,2017,4.0,4486.61
1785,Marty,Whatford,Male,23,1960-12-10,62.0,Clinical Specialist,Health,Mass Customer,N,30 Delladonna Plaza,VIC,Australia,3046,6.0,5687.41
1786,Lonee,Gorce,Female,70,1962-03-20,61.0,Administrative Assistant III,Agriculture,High Net Worth,N,7395 Blackbird Lane,NSW,Australia,2134,2.0,1039.77
1787,Tull,Godehard.sf,Male,2,1976-11-21,46.0,Executive Secretary,Retail,High Net Worth,N,79427 Hudson Trail,VIC,Australia,3677,6.0,5328.10
1788,Anna-diana,Kurten,Female,79,1964-08-10,58.0,Account Representative IV,Financial Services,High Net Worth,N,67 Hooker Place,NSW,Australia,2380,9.0,7152.87
1789,Talya,Darycott,Female,44,1986-08-29,36.0,Analog Circuit Design manager,Property,Mass Customer,N,0380 Chinook Avenue,NSW,Australia,2047,3.0,4118.65
1790,Vite,Molyneux,Male,90,1993-09-25,29.0,Budget/Accounting Analyst IV,Health,Affluent Customer,N,4092 Brentwood Trail,NSW,Australia,2147,5.0,5209.40
1791,Ninon,Hoog,Female,20,1974-12-25,48.0,Data Coordiator,IT,Affluent Customer,N,613 Mayfield Trail,QLD,Australia,4012,6.0,7479.16
1792,Dunstan,Kegley,Male,1,1988-04-07,35.0,NA,Financial Services,Mass Customer,N,2 Spohn Court,NSW,Australia,2750,10.0,9786.11
1793,Hewett,Handes,Male,19,1989-06-14,34.0,Actuary,Financial Services,Mass Customer,N,05239 Springs Circle,VIC,Australia,3030,6.0,8565.05
1794,Caro,McKirton,Female,53,1969-03-10,54.0,Administrative Officer,Property,Mass Customer,N,59 Old Gate Drive,QLD,Australia,4878,5.0,4873.92
1795,Wally,Rebbeck,Male,40,1977-09-21,45.0,Internal Auditor,Manufacturing,Affluent Customer,N,31186 Hoard Junction,NSW,Australia,2015,6.0,6133.57
1796,Cayla,Marcus,Female,79,1969-11-28,53.0,Desktop Support Technician,Manufacturing,High Net Worth,N,2 Crest Line Crossing,NSW,Australia,2072,2.0,1088.10
1797,Basile,Floch,Male,49,1974-05-16,49.0,Assistant Professor,n/a,Mass Customer,N,18083 Mallard Drive,VIC,Australia,3075,11.0,11570.78
1798,Eunice,Risom,Female,46,2000-10-11,22.0,Electrical Engineer,Manufacturing,High Net Worth,N,93 Lakeland Court,VIC,Australia,3810,7.0,5752.95
1799,Tito,Brash,Male,81,1977-12-23,45.0,NA,n/a,Affluent Customer,N,023 Thackeray Lane,NSW,Australia,2070,4.0,4762.83
1800,Dianemarie,Hatherall,Female,30,1955-09-23,67.0,Executive Secretary,Agriculture,High Net Worth,N,79737 Hollow Ridge Trail,NSW,Australia,2199,4.0,4671.17
1801,Bendix,Olivella,Male,48,1976-12-23,46.0,Legal Assistant,Manufacturing,Affluent Customer,N,95465 Union Plaza,QLD,Australia,4055,8.0,10077.74
1802,Lizzie,Duke,Female,3,1973-04-11,50.0,Nuclear Power Engineer,Manufacturing,Mass Customer,N,66238 Old Gate Circle,QLD,Australia,4157,8.0,10949.88
1803,Clarinda,Edlyn,Female,75,1988-01-13,35.0,NA,n/a,Mass Customer,N,3 Delladonna Street,QLD,Australia,4799,7.0,7678.92
1804,Matelda,Kordas,Female,91,1963-03-28,60.0,Product Engineer,Property,Affluent Customer,N,3 Mallard Center,NSW,Australia,2251,3.0,4740.04
1805,Venus,Sketch,Female,90,1976-10-15,46.0,Budget/Accounting Analyst II,Financial Services,Mass Customer,N,31 Eastwood Circle,NSW,Australia,2460,4.0,2610.43
1806,Gil,Gregorio,U,95,,,Software Test Engineer IV,IT,Mass Customer,N,507 Onsgard Place,QLD,Australia,4701,8.0,8723.79
1807,Pollyanna,Serjeantson,Female,45,1955-03-15,68.0,Help Desk Operator,n/a,High Net Worth,N,69555 Dakota Alley,QLD,Australia,4211,6.0,5686.63
1808,Charles,Carren,Male,98,1965-12-15,57.0,Information Systems Manager,Retail,High Net Worth,N,21969 Lawn Court,NSW,Australia,2095,7.0,9029.57
1809,Reba,Southon,Female,67,1961-01-26,62.0,Programmer II,Health,Mass Customer,N,7 Erie Court,NSW,Australia,2263,6.0,10150.57
1810,Royall,Terris,Male,98,1959-05-06,64.0,Geological Engineer,Manufacturing,High Net Worth,N,0724 Oxford Crossing,NSW,Australia,2146,2.0,1088.10
1811,Sylvan,Sugge,Male,59,1999-10-13,23.0,NA,Financial Services,Mass Customer,N,1 Monterey Terrace,NSW,Australia,2011,8.0,11506.06
1812,Daffi,Sewley,Female,20,1959-07-11,63.0,Clinical Specialist,Health,Affluent Customer,N,75 Duke Plaza,NSW,Australia,2147,10.0,11770.52
1813,Reeva,Eakeley,Female,45,2001-05-19,22.0,Technical Writer,Manufacturing,Mass Customer,N,156 Lakeland Way,QLD,Australia,4035,6.0,6880.81
1814,Shawn,Platfoot,Female,33,1988-08-18,34.0,Web Designer IV,Retail,Affluent Customer,N,91 Mosinee Point,NSW,Australia,2166,6.0,5963.62
1815,Bab,Bingall,Female,23,1954-03-26,69.0,Software Test Engineer I,Agriculture,Mass Customer,N,1508 Hooker Avenue,NSW,Australia,2000,5.0,4762.76
1816,Lonni,Andrichak,Female,68,1977-02-25,46.0,NA,Agriculture,Mass Customer,N,3202 Ridge Oak Alley,QLD,Australia,4121,5.0,4929.82
1817,Jozef,Frizzell,Male,32,1975-03-13,48.0,Graphic Designer,n/a,High Net Worth,N,5510 Pepper Wood Street,VIC,Australia,3429,11.0,8459.12
1818,Katha,Lockhurst,Female,64,1967-04-01,56.0,Assistant Media Planner,Entertainment,Mass Customer,N,42952 Fairfield Center,VIC,Australia,3012,7.0,9276.88
1819,Deedee,Fransinelli,Female,26,1994-11-23,28.0,Graphic Designer,Entertainment,Mass Customer,N,1 Garrison Street,VIC,Australia,3103,2.0,2884.59
1820,Yard,Teeney,Male,12,1996-04-02,27.0,Software Engineer II,IT,Affluent Customer,N,013 Armistice Street,NSW,Australia,2769,9.0,9344.07
1821,Fields,Bayne,Male,89,1972-03-09,51.0,Web Developer IV,Entertainment,High Net Worth,N,3201 Canary Center,NSW,Australia,2540,12.0,10656.30
1822,Trudie,Capper,Female,67,1962-09-18,60.0,NA,Financial Services,Mass Customer,N,4365 Basil Junction,NSW,Australia,2539,5.0,3531.14
1823,Trude,Rizzardo,Female,29,1974-05-24,49.0,VP Quality Control,n/a,High Net Worth,N,1164 Toban Road,VIC,Australia,3806,6.0,4915.33
1824,Robbie,Yakubovics,Female,12,1959-10-12,63.0,Safety Technician III,Manufacturing,Affluent Customer,N,2364 Dovetail Way,VIC,Australia,3048,7.0,7059.41
1825,Arv,Whitsey,Male,82,1967-02-14,56.0,VP Quality Control,Financial Services,Mass Customer,N,738 Sloan Place,VIC,Australia,3212,6.0,7490.86
1826,Jareb,Langcaster,Male,33,1961-01-10,62.0,Chemical Engineer,Manufacturing,High Net Worth,N,318 Jenifer Alley,NSW,Australia,2119,7.0,5510.76
1827,Stormie,Smyth,Female,92,1978-01-15,45.0,Sales Representative,Retail,Affluent Customer,N,6395 Anthes Hill,QLD,Australia,4504,5.0,6973.94
1828,Leigha,Bacchus,Female,65,1987-12-02,35.0,Junior Executive,Manufacturing,Affluent Customer,N,36516 Forster Lane,QLD,Australia,4034,3.0,2709.47
1829,Darcy,Jaslem,Male,82,1980-10-29,42.0,Editor,n/a,Mass Customer,N,107 Garrison Plaza,NSW,Australia,2200,3.0,3834.88
1830,Nathan,Antognazzi,Male,98,1985-04-30,38.0,Software Consultant,Manufacturing,High Net Worth,N,717 Oakridge Way,NSW,Australia,2117,8.0,6262.59
1831,Lisle,Yokel,Male,58,1977-11-13,45.0,Social Worker,Health,Mass Customer,N,16405 Doe Crossing Parkway,VIC,Australia,3630,8.0,7913.76
1832,Elicia,Normanvill,Female,53,1964-11-05,58.0,Programmer Analyst III,Manufacturing,Mass Customer,N,16 Monument Place,QLD,Australia,4701,8.0,10281.55
1833,Klemens,Eite,Male,67,1967-03-15,56.0,Actuary,Financial Services,High Net Worth,N,99841 Talisman Street,QLD,Australia,4224,5.0,4875.58
1834,Otes,Gottelier,Male,84,1977-06-30,45.0,Director of Sales,Financial Services,High Net Worth,N,21 Duke Hill,QLD,Australia,4344,4.0,5380.73
1835,Rodrigo,Felce,Male,48,1993-06-30,29.0,Financial Advisor,Financial Services,Affluent Customer,N,891 Anderson Parkway,NSW,Australia,2009,6.0,5795.51
1836,Rochella,Harce,Female,54,1955-06-05,68.0,Research Nurse,Health,Mass Customer,N,9446 Holmberg Court,NSW,Australia,2133,2.0,3166.81
1837,Tirrell,Cosgreave,Male,9,1973-12-29,49.0,Account Coordinator,Manufacturing,Mass Customer,N,46512 Cambridge Avenue,NSW,Australia,2759,7.0,10753.12
1838,Jobina,Dudenie,Female,14,1964-11-25,58.0,Business Systems Development Analyst,Financial Services,Affluent Customer,N,54250 Welch Pass,VIC,Australia,3145,5.0,7583.63
1839,Faythe,Rance,Female,60,1987-05-08,36.0,Internal Auditor,Entertainment,High Net Worth,N,734 South Court,QLD,Australia,4152,7.0,5612.54
1840,Sherman,Gullen,Male,22,1977-11-04,45.0,Staff Scientist,Agriculture,High Net Worth,N,769 Banding Avenue,NSW,Australia,2151,7.0,6850.87
1841,Nathanial,D'Ambrogi,Male,63,1995-10-22,27.0,Administrative Assistant III,Agriculture,Affluent Customer,N,2590 Northport Hill,NSW,Australia,2070,4.0,4807.97
1842,Ephrayim,Beville,Male,89,1977-02-27,46.0,Accountant IV,Financial Services,Mass Customer,N,9649 Cascade Way,NSW,Australia,2250,5.0,6542.54
1843,Kennett,Attack,Male,96,1984-09-08,38.0,Recruiting Manager,n/a,Mass Customer,N,69 Valley Edge Lane,VIC,Australia,3144,4.0,5419.09
1844,Amaleta,Slafford,Female,71,1975-10-21,47.0,Product Engineer,n/a,Mass Customer,N,327 Monument Street,VIC,Australia,3201,7.0,9198.96
1845,Pascal,Veronique,Male,34,1978-01-16,45.0,General Manager,Financial Services,Mass Customer,N,4 Sunnyside Crossing,NSW,Australia,2125,7.0,9342.20
1846,Lorette,Daspar,Female,4,1978-12-18,44.0,Senior Editor,Manufacturing,Affluent Customer,N,8 Hoffman Alley,VIC,Australia,3181,1.0,441.49
1847,Bobinette,Stanaway,Female,68,1978-02-04,45.0,Executive Secretary,Manufacturing,Mass Customer,N,894 Duke Crossing,NSW,Australia,2665,3.0,3921.92
1848,Dev,Caghan,Male,22,1976-11-25,46.0,Information Systems Manager,Manufacturing,Mass Customer,N,01714 Claremont Center,NSW,Australia,2474,6.0,8432.48
1849,Jess,Bollans,Male,6,1958-07-01,64.0,NA,Retail,Mass Customer,N,6809 Maple Park,VIC,Australia,3023,6.0,7069.03
1850,Dare,Wasling,Male,4,1978-05-16,45.0,Biostatistician II,Manufacturing,High Net Worth,N,95294 Karstens Park,NSW,Australia,2155,7.0,5768.85
1851,Miles,Fallows,Male,20,1974-03-18,49.0,Account Representative II,n/a,Mass Customer,N,8872 Bunker Hill Crossing,NSW,Australia,2196,2.0,2498.86
1852,Darby,Shailer,Female,22,1978-01-21,45.0,Research Associate,Manufacturing,Affluent Customer,N,14 Westport Pass,VIC,Australia,3029,5.0,7030.61
1853,Agathe,Dimmick,Female,67,1987-06-20,36.0,Recruiter,n/a,Mass Customer,N,867 Grim Terrace,VIC,Australia,3754,9.0,9924.57
1854,Mandie,Jeger,Female,11,1978-09-12,44.0,Community Outreach Specialist,n/a,High Net Worth,N,48023 International Way,VIC,Australia,3630,3.0,1789.96
1855,Foss,Yanele,Male,2,1971-07-08,51.0,Librarian,Entertainment,Mass Customer,N,0 Prairie Rose Place,VIC,Australia,3802,4.0,4528.73
1856,Toni,Harbidge,Female,57,1969-07-20,53.0,Associate Professor,Retail,Mass Customer,N,56145 Porter Lane,NSW,Australia,2010,2.0,1468.73
1857,Purcell,Chinnery,Male,57,1968-09-20,54.0,Marketing Manager,Manufacturing,Affluent Customer,N,509 Ridgeway Junction,VIC,Australia,3166,5.0,8354.40
1858,Gabriella,,Female,30,1957-04-26,66.0,Senior Sales Associate,Manufacturing,High Net Worth,N,41 Eagan Junction,NSW,Australia,2570,8.0,9178.21
1859,Melamie,Hardman,Female,81,1990-04-08,33.0,Accountant IV,IT,High Net Worth,N,5290 Lunder Park,NSW,Australia,2287,5.0,5758.66
1860,Holly-anne,Hamman,Female,4,1976-12-28,46.0,Nuclear Power Engineer,Manufacturing,Mass Customer,N,52425 Prairie Rose Road,QLD,Australia,4500,6.0,8332.25
1861,Charlena,Muzzi,Female,26,1967-07-18,55.0,Geological Engineer,Manufacturing,Mass Customer,N,7939 Toban Crossing,NSW,Australia,2770,6.0,7073.07
1862,Daron,Umpleby,Female,24,1980-06-29,42.0,NA,Health,High Net Worth,N,0672 Lyons Pass,NSW,Australia,2153,7.0,5266.45
1863,Adelbert,Doelle,Male,10,1978-05-11,45.0,VP Product Management,Telecommunications,High Net Worth,N,904 Mandrake Parkway,NSW,Australia,2820,6.0,6574.44
1864,Anet,Pellitt,Female,45,1960-07-03,62.0,Senior Quality Engineer,Retail,Mass Customer,N,3007 Summer Ridge Street,QLD,Australia,4511,11.0,9912.31
1865,Isabelita,Kitchener,Female,35,1997-12-24,25.0,Office Assistant III,n/a,Mass Customer,N,47 Veith Junction,VIC,Australia,3196,1.0,1071.23
1866,Huberto,Bazylets,Male,27,1992-10-07,30.0,Marketing Manager,Manufacturing,Mass Customer,N,007 Canary Circle,NSW,Australia,2047,9.0,12450.76
1867,Tonya,Ritmeier,Female,96,1986-04-16,37.0,Senior Developer,n/a,Affluent Customer,N,1 Saint Paul Terrace,NSW,Australia,2161,8.0,11883.32
1868,Aloisia,Ivel,Female,11,1988-06-22,35.0,Assistant Manager,Retail,Mass Customer,N,87705 Hovde Center,QLD,Australia,4870,6.0,10105.23
1869,Neda,Longfellow,Female,73,1977-10-19,45.0,Geologist IV,Financial Services,High Net Worth,N,765 6th Plaza,QLD,Australia,4226,4.0,2995.14
1870,Alikee,Sjollema,Female,24,1973-01-16,50.0,Graphic Designer,n/a,Affluent Customer,N,248 Bartillon Plaza,QLD,Australia,4059,7.0,8321.27
1871,Shayna,McQuin,Female,52,1994-01-23,29.0,Senior Cost Accountant,Financial Services,High Net Worth,N,66811 Lerdahl Way,QLD,Australia,4160,4.0,3258.75
1872,Leif,Feeney,Male,75,1973-05-28,50.0,Help Desk Technician,Manufacturing,Mass Customer,N,5809 Coolidge Avenue,NSW,Australia,2747,6.0,6599.03
1873,Raul,Cabrer,Male,49,1992-07-09,30.0,General Manager,Manufacturing,Affluent Customer,N,2769 Banding Avenue,VIC,Australia,3189,4.0,5930.68
1874,Nickolai,McChesney,Male,17,1957-09-29,65.0,NA,Agriculture,High Net Worth,N,3 Monterey Trail,NSW,Australia,2582,5.0,3480.41
1875,Amory,Bohler,Male,4,1959-01-11,64.0,Staff Scientist,Retail,High Net Worth,N,85549 Sheridan Parkway,QLD,Australia,4170,6.0,6300.05
1876,Borden,Wooles,Male,16,1977-05-28,46.0,Recruiting Manager,Financial Services,Affluent Customer,N,4498 Donald Crossing,NSW,Australia,2525,5.0,10115.02
1877,Radcliffe,Bartolomeoni,Male,13,1966-09-09,56.0,Associate Professor,Financial Services,High Net Worth,N,4 Ridgeway Court,QLD,Australia,4030,6.0,2843.74
1878,Pen,Hedgecock,Male,6,1954-11-06,68.0,Account Coordinator,Health,Affluent Customer,N,4 Bartelt Hill,QLD,Australia,4510,6.0,6919.14
1879,Kermy,Heningam,Male,4,1967-04-25,56.0,Account Representative I,Manufacturing,High Net Worth,N,91116 Riverside Plaza,NSW,Australia,2114,7.0,4145.38
1880,Garrett,Dommett,Male,50,1972-08-11,50.0,NA,n/a,High Net Worth,N,60911 Almo Point,NSW,Australia,2066,5.0,5878.31
1881,Gherardo,Lahy,Male,61,1957-12-10,65.0,Quality Control Specialist,n/a,Affluent Customer,N,0 Superior Pass,NSW,Australia,2050,7.0,9303.13
1882,Justin,Ragless,Male,86,1964-05-05,59.0,Account Executive,Manufacturing,Affluent Customer,N,9 Superior Terrace,NSW,Australia,2199,6.0,6383.75
1883,Jinny,Cawood,Female,6,1991-08-13,31.0,NA,Health,Mass Customer,N,57 Marquette Hill,QLD,Australia,4120,3.0,4596.28
1884,Aurore,Buckmaster,Female,19,1969-11-25,53.0,NA,Manufacturing,Mass Customer,N,36 Sommers Place,NSW,Australia,2096,7.0,7199.18
1885,Jerome,Sheavills,Male,18,1982-10-27,40.0,Software Consultant,Health,High Net Worth,N,83148 Rowland Alley,NSW,Australia,2530,9.0,8392.94
1886,Eugenie,Belcham,Female,35,1978-09-22,44.0,Nurse,IT,Affluent Customer,N,34 Arrowood Pass,NSW,Australia,2567,4.0,4591.32
1887,Kynthia,Purcer,Female,22,1965-06-22,58.0,Director of Sales,IT,Affluent Customer,N,72 Mandrake Court,VIC,Australia,3183,11.0,17527.07
1888,Sibyl,Scholtz,Female,67,2002-01-26,21.0,Food Chemist,Health,Mass Customer,N,9 Emmet Hill,NSW,Australia,2042,4.0,6109.42
1889,Dare,,Male,98,1973-07-07,49.0,Quality Control Specialist,Retail,Affluent Customer,N,16984 Pankratz Park,NSW,Australia,2324,5.0,6210.69
1890,Carce,Gunthorp,Male,89,1972-10-08,50.0,Analyst Programmer,Financial Services,Mass Customer,N,9460 Laurel Crossing,QLD,Australia,4032,9.0,11783.23
1891,Neville,Bloyes,Male,6,1990-03-02,33.0,Marketing Manager,Retail,Mass Customer,N,5786 Kinsman Point,NSW,Australia,2127,7.0,9768.91
1892,Allyson,Pinsent,Female,48,1995-09-07,27.0,NA,Retail,High Net Worth,N,4 Fairfield Way,NSW,Australia,2487,6.0,2688.01
1893,Gunar,Sleit,Male,25,1968-04-22,55.0,Administrative Officer,n/a,Mass Customer,N,319 Michigan Way,QLD,Australia,4350,7.0,7903.94
1894,Patten,Laytham,Male,86,1976-04-01,47.0,Automation Specialist III,Manufacturing,High Net Worth,N,49 Fulton Park,VIC,Australia,3156,4.0,4086.39
1895,Leese,Lohan,Female,53,1975-09-02,47.0,Technical Writer,Manufacturing,Mass Customer,N,0 Corben Court,VIC,Australia,3121,6.0,3181.49
1896,Garald,Brasner,Male,13,1995-04-30,28.0,Project Manager,n/a,High Net Worth,N,8 Drewry Street,QLD,Australia,4655,3.0,2293.34
1897,Cosette,Callar,Female,58,1997-08-20,25.0,Product Engineer,n/a,Mass Customer,N,48 Dawn Center,QLD,Australia,4132,7.0,6213.44
1898,Katalin,Mantz,Female,67,1979-11-24,43.0,Developer III,Manufacturing,Affluent Customer,N,6244 Forest Point,QLD,Australia,4103,7.0,8891.68
1899,Lambert,Vardey,Male,29,1997-09-02,25.0,NA,Retail,Affluent Customer,N,0306 Donald Court,VIC,Australia,3844,5.0,4200.48
1900,Noland,Larder,Male,67,1980-08-15,42.0,Safety Technician II,Financial Services,Affluent Customer,N,3762 Victoria Alley,QLD,Australia,4078,4.0,3901.31
1901,Vail,Southernwood,Male,40,1977-08-22,45.0,Budget/Accounting Analyst I,Agriculture,Affluent Customer,N,3 Manley Crossing,QLD,Australia,4074,7.0,10098.55
1902,Camille,Vallintine,Female,48,1964-12-01,58.0,Environmental Tech,Financial Services,Mass Customer,N,36866 Summit Point,VIC,Australia,3750,6.0,5770.51
1903,Tucky,Pizzie,Male,8,1973-11-20,49.0,Project Manager,n/a,High Net Worth,N,9 Pearson Plaza,VIC,Australia,3177,4.0,5184.16
1904,Nert,Muglestone,Female,60,1978-01-25,45.0,Technical Writer,IT,High Net Worth,N,7450 Prairie Rose Drive,NSW,Australia,2868,3.0,2217.23
1905,Corabelle,,Female,21,1953-09-17,69.0,Help Desk Technician,Manufacturing,Affluent Customer,N,83975 Rowland Place,NSW,Australia,2166,9.0,9595.46
1906,Waylan,Katte,Male,69,1988-04-24,35.0,Product Engineer,Retail,Mass Customer,N,01 Weeping Birch Plaza,NSW,Australia,2640,6.0,7309.70
1907,Lind,Dredge,Male,69,1974-11-04,48.0,VP Sales,Health,High Net Worth,N,738 Dixon Drive,NSW,Australia,2575,4.0,3551.50
1908,Jaquelyn,Workman,Female,2,1963-12-10,59.0,Help Desk Technician,Financial Services,High Net Worth,N,5766 Pearson Court,NSW,Australia,2227,6.0,6099.74
1909,Drucill,Laurand,Female,32,1984-12-11,38.0,Research Assistant II,Agriculture,Affluent Customer,N,9 Shelley Center,NSW,Australia,2170,6.0,5543.20
1910,Yovonnda,Warrior,Female,20,1959-07-13,63.0,Systems Administrator I,Property,High Net Worth,N,07273 Sundown Trail,NSW,Australia,2358,3.0,3111.02
1911,Hallsy,Leek,Male,22,1980-06-08,43.0,Director of Sales,Manufacturing,Mass Customer,N,2 Maryland Drive,QLD,Australia,4227,2.0,3156.36
1912,Hall,Grouer,Male,36,1992-11-04,30.0,Account Coordinator,Manufacturing,High Net Worth,N,3 Roth Place,NSW,Australia,2449,9.0,6417.69
1913,Tamiko,Fergie,Female,36,1973-11-02,49.0,Dental Hygienist,Health,Mass Customer,N,81856 Express Lane,NSW,Australia,2299,13.0,10955.20
1914,Clyve,Sandwick,Male,72,1968-06-21,55.0,VP Product Management,Financial Services,Mass Customer,N,5 Porter Road,QLD,Australia,4014,8.0,7833.69
1915,Dusty,Tesimon,Female,40,1953-10-12,69.0,Social Worker,Health,Mass Customer,N,59 Waywood Road,VIC,Australia,3163,5.0,5844.68
1916,Redd,O'Crowley,Male,71,1995-03-05,28.0,Computer Systems Analyst II,Retail,High Net Worth,N,6838 Anniversary Junction,NSW,Australia,2484,7.0,5532.18
1917,Raquela,Schimpke,Female,7,1973-07-28,49.0,Senior Sales Associate,Agriculture,Affluent Customer,N,90128 Caliangt Place,NSW,Australia,2484,7.0,10174.01
1918,Devin,Sandeson,U,83,,,Staff Accountant II,IT,Affluent Customer,N,504 Mesta Lane,NSW,Australia,2261,5.0,7262.92
1919,Bartie,Hartburn,Male,40,1960-12-23,62.0,VP Product Management,Agriculture,Mass Customer,N,9 Utah Road,QLD,Australia,4179,4.0,4428.59
1920,Rutter,Marlen,Male,29,1988-01-06,35.0,Sales Associate,Financial Services,Mass Customer,N,00213 Atwood Pass,NSW,Australia,2340,2.0,904.45
1921,Cybill,Wakes,Female,70,1982-12-03,40.0,Accountant III,n/a,Mass Customer,N,7230 Montana Place,NSW,Australia,2777,1.0,1151.96
1922,Ailene,Tomkies,Female,7,1969-11-11,53.0,Speech Pathologist,n/a,High Net Worth,N,51763 Carey Place,VIC,Australia,3056,3.0,2310.56
1923,Immanuel,Farlamb,Male,52,1970-08-23,52.0,Health Coach IV,Health,Mass Customer,N,4 Susan Center,VIC,Australia,3170,4.0,3704.94
1924,Eolande,Kauscher,Female,94,1965-12-01,57.0,VP Product Management,n/a,Mass Customer,N,745 Troy Avenue,NSW,Australia,2769,3.0,4647.33
1925,Amaleta,Dickens,Female,34,1982-01-28,41.0,NA,n/a,Mass Customer,N,6 Upham Place,QLD,Australia,4556,7.0,7884.15
1926,Stefano,Menhenitt,Male,72,1957-11-15,65.0,Senior Cost Accountant,Financial Services,High Net Worth,N,34694 Sugar Place,QLD,Australia,4740,5.0,7057.34
1927,Masha,Bibbie,Female,11,1975-07-15,47.0,Software Test Engineer I,Manufacturing,Affluent Customer,N,26876 Lyons Court,VIC,Australia,3166,5.0,6439.16
1928,Sully,Dorling,Male,2,1977-09-24,45.0,Chemical Engineer,Manufacturing,High Net Worth,N,8308 Linden Place,NSW,Australia,2570,2.0,1806.20
1929,Elka,Crossgrove,Female,79,1986-10-12,36.0,Food Chemist,Health,Affluent Customer,N,32708 Bluestem Alley,VIC,Australia,3976,6.0,3984.16
1930,Ambrose,Bleasby,Male,27,1996-06-14,27.0,Speech Pathologist,Manufacturing,High Net Worth,N,3542 Arkansas Place,VIC,Australia,3380,5.0,4986.76
1931,Boris,Syres,Male,85,1973-11-06,49.0,Senior Developer,Health,Affluent Customer,N,642 Anderson Circle,QLD,Australia,4132,3.0,2745.68
1932,Sybila,Enefer,Female,98,1977-01-03,46.0,Librarian,Entertainment,Affluent Customer,N,8318 Continental Alley,VIC,Australia,3175,8.0,12380.89
1933,Ephraim,Fulep,Male,72,1980-09-10,42.0,Automation Specialist I,Manufacturing,Affluent Customer,N,7202 Prairieview Court,NSW,Australia,2221,9.0,11694.98
1934,Bryant,Tordiffe,Male,70,1963-01-17,60.0,Budget/Accounting Analyst IV,n/a,Affluent Customer,N,64610 Sachtjen Center,NSW,Australia,2575,6.0,6887.17
1935,Galvan,,Male,72,1974-11-13,48.0,Senior Sales Associate,n/a,Mass Customer,N,53 Muir Terrace,NSW,Australia,2170,6.0,6514.44
1936,Gisella,Scad,Female,36,1964-07-08,58.0,Junior Executive,Manufacturing,Mass Customer,N,710 Schiller Plaza,VIC,Australia,3338,8.0,10542.30
1937,Renaud,Gahagan,Male,69,1974-01-08,49.0,Quality Engineer,Health,Mass Customer,N,698 Old Gate Lane,NSW,Australia,2619,7.0,9832.26
1938,Austin,Toopin,U,47,,,Automation Specialist IV,IT,Mass Customer,N,4 Golden Leaf Road,QLD,Australia,4670,4.0,5966.86
1939,Pierce,Cheke,Male,81,1992-05-03,31.0,Safety Technician I,n/a,Mass Customer,N,1979 Arapahoe Trail,QLD,Australia,4701,2.0,1901.28
1940,Gabriellia,Coulter,Female,52,1977-03-02,46.0,Teacher,Manufacturing,High Net Worth,N,1 Vernon Terrace,QLD,Australia,4226,4.0,5044.11
1941,Dmitri,Eleshenar,Male,83,1992-05-23,31.0,Librarian,Entertainment,Mass Customer,N,79862 Darwin Crossing,QLD,Australia,4215,4.0,5124.44
1942,Abe,Townby,Male,0,1987-01-08,36.0,Programmer Analyst II,Financial Services,High Net Worth,N,184 Hoepker Way,NSW,Australia,2197,8.0,4760.82
1943,Armstrong,Style,Male,35,1985-10-03,37.0,Senior Cost Accountant,Financial Services,Affluent Customer,N,40 New Castle Avenue,NSW,Australia,2043,3.0,2075.78
1944,Gregory,Balchin,Male,73,1980-07-30,42.0,Programmer III,Agriculture,High Net Worth,N,9525 Johnson Place,VIC,Australia,3190,6.0,5210.64
1945,Griffin,Gisbourn,Male,88,1978-07-10,44.0,Software Test Engineer II,n/a,High Net Worth,N,8 Pearson Trail,NSW,Australia,2166,3.0,1476.62
1946,Brannon,Gladman,Male,37,1959-01-04,64.0,Systems Administrator III,n/a,Mass Customer,N,53 Dakota Court,NSW,Australia,2027,13.0,12302.29
1947,Gretta,Patrone,Female,66,1963-12-11,59.0,Geologist II,Telecommunications,Affluent Customer,N,4262 Melvin Avenue,NSW,Australia,2759,9.0,9551.08
1948,Elizabeth,Applewhaite,Female,30,1964-06-08,59.0,NA,Entertainment,Mass Customer,N,4415 Dwight Center,NSW,Australia,2528,5.0,6339.37
1949,Onida,Cockshot,Female,9,1954-05-10,69.0,Legal Assistant,Manufacturing,Mass Customer,N,1197 Carey Junction,NSW,Australia,2280,7.0,9786.00
1950,Berne,Fulkes,Male,27,1963-10-07,59.0,Web Developer II,Manufacturing,Affluent Customer,N,227 Havey Trail,NSW,Australia,2795,9.0,12108.45
1951,Rockie,MacCosty,Male,93,2000-06-07,23.0,Health Coach II,Manufacturing,Mass Customer,N,2 Manufacturers Parkway,VIC,Australia,3199,8.0,7540.60
1952,Patrica,Donativo,Female,35,1974-01-29,49.0,Payment Adjustment Coordinator,Health,Mass Customer,N,9175 Stephen Drive,QLD,Australia,4035,10.0,9168.08
1953,Luisa,McGlue,Female,23,1978-06-05,45.0,Paralegal,Financial Services,High Net Worth,N,299 Pine View Parkway,VIC,Australia,3121,7.0,4294.96
1954,Greg,Iacovo,Male,88,1967-11-29,55.0,VP Sales,Manufacturing,Affluent Customer,N,71 Orin Crossing,NSW,Australia,2155,9.0,10555.27
1955,Thornton,Vereker,Male,18,1980-11-22,42.0,Environmental Specialist,n/a,Mass Customer,N,134 Knutson Street,NSW,Australia,2281,3.0,3235.83
1956,Omero,Murra,Male,36,1994-07-08,28.0,Human Resources Assistant I,Health,Affluent Customer,N,37 Mockingbird Street,QLD,Australia,4017,4.0,3039.79
1957,Gary,Eager,Male,1,1977-09-19,45.0,Accountant IV,Property,Affluent Customer,N,00969 Gale Way,VIC,Australia,3108,11.0,13398.97
1958,Janina,Keme,Female,62,1985-09-01,37.0,Professor,n/a,Mass Customer,N,05665 Dottie Circle,NSW,Australia,2085,4.0,3525.99
1959,Arlen,Klossek,Male,3,1978-09-18,44.0,Director of Sales,Health,Mass Customer,N,83 Wayridge Circle,QLD,Australia,4152,8.0,7593.28
1960,Falkner,Jochens,Male,86,1978-07-03,44.0,Software Engineer II,n/a,Mass Customer,N,8 Carioca Terrace,QLD,Australia,4007,4.0,6377.50
1961,Licha,Lyes,Female,10,1960-11-22,62.0,Physical Therapy Assistant,n/a,Mass Customer,N,5 Kenwood Road,NSW,Australia,2075,3.0,4600.36
1962,Paddie,Grunder,Male,13,1977-11-01,45.0,Sales Representative,Retail,Mass Customer,N,29 Hansons Crossing,NSW,Australia,2318,2.0,1959.23
1963,Syman,Trimnell,Male,81,1998-03-18,25.0,Biostatistician I,Agriculture,Mass Customer,N,493 Buell Point,QLD,Australia,4500,2.0,2683.29
1964,Cara,Campbell-Dunlop,Female,60,1964-06-19,59.0,Mechanical Systems Engineer,Financial Services,Affluent Customer,N,7 Del Mar Crossing,QLD,Australia,4680,6.0,8392.64
1965,Bendicty,Powrie,Male,81,1973-12-14,49.0,Web Designer III,Retail,Mass Customer,N,7 Elgar Plaza,NSW,Australia,2250,5.0,4680.32
1966,Moshe,Nicholl,Male,75,1993-10-31,29.0,NA,Financial Services,High Net Worth,N,425 Marquette Way,NSW,Australia,2116,6.0,3730.89
1967,Nomi,,Female,88,1985-11-19,37.0,Chemical Engineer,Manufacturing,Affluent Customer,N,67104 Bunting Crossing,NSW,Australia,2043,6.0,8270.56
1968,Frederica,Hughman,Female,31,1994-06-12,29.0,Librarian,Entertainment,Mass Customer,N,243 Raven Drive,QLD,Australia,4815,5.0,5238.29
1969,Dimitry,Kunkler,Male,54,1961-07-06,61.0,Teacher,IT,Mass Customer,N,248 School Park,VIC,Australia,3156,6.0,6716.04
1970,Carl,Eyre,Male,51,1982-08-23,40.0,Desktop Support Technician,Manufacturing,Mass Customer,N,5 Onsgard Plaza,VIC,Australia,3134,8.0,9155.74
1971,Mariel,Dyke,Female,49,1998-02-10,25.0,NA,Manufacturing,Mass Customer,N,38 Havey Place,VIC,Australia,3049,7.0,9866.27
1972,Obed,Pauler,Male,12,1989-07-14,33.0,NA,IT,Mass Customer,N,38 Armistice Alley,NSW,Australia,2018,5.0,5339.19
1973,Fanni,Liffe,Female,52,1980-01-11,43.0,Media Manager IV,Financial Services,High Net Worth,N,34953 Oak Circle,NSW,Australia,2153,4.0,3537.11
1974,Aharon,Moller,Male,67,1958-06-15,65.0,Administrative Officer,n/a,Mass Customer,N,18 Express Street,NSW,Australia,2165,5.0,4170.80
1975,Tommie,Midden,Female,39,1965-10-19,57.0,Product Engineer,Health,Affluent Customer,N,04046 Summit Avenue,QLD,Australia,4217,2.0,1235.05
1976,Letitia,Coan,Female,84,1975-08-16,47.0,Product Engineer,Manufacturing,Mass Customer,N,986 Hollow Ridge Crossing,VIC,Australia,3821,6.0,6246.07
1977,Myrtia,Paschke,Female,28,1977-10-04,45.0,NA,Manufacturing,Mass Customer,N,4622 Dixon Junction,NSW,Australia,2048,4.0,4577.39
1978,Marge,Skerm,Female,53,1955-01-06,68.0,Dental Hygienist,Health,Mass Customer,N,3563 Darwin Avenue,VIC,Australia,3095,3.0,3077.97
1979,Ephrem,Cariss,Male,98,1960-05-15,63.0,Statistician III,Manufacturing,Mass Customer,N,38759 Butterfield Avenue,QLD,Australia,4305,5.0,8062.73
1980,Kenneth,Viall,Male,97,1992-06-20,31.0,Food Chemist,Health,High Net Worth,N,67125 Melody Place,NSW,Australia,2747,8.0,6779.36
1981,Calv,Zelland,Male,62,1986-01-30,37.0,Sales Associate,n/a,Affluent Customer,N,31 Northwestern Court,NSW,Australia,2206,3.0,4850.69
1982,Julee,Hallewell,Female,80,1968-03-30,55.0,Senior Cost Accountant,Financial Services,High Net Worth,N,8 Farwell Parkway,NSW,Australia,2428,8.0,8142.25
1983,Kimberlee,Soonhouse,Female,6,1963-03-10,60.0,Assistant Media Planner,Entertainment,Affluent Customer,N,19 Barby Parkway,QLD,Australia,4127,4.0,5795.41
1984,Hewett,Alessandretti,Male,70,1999-06-01,24.0,Information Systems Manager,Health,Mass Customer,N,681 School Avenue,NSW,Australia,2077,7.0,10526.43
1985,Chrysler,Longstaffe,Female,1,1978-12-02,44.0,Computer Systems Analyst I,n/a,Mass Customer,N,27 Dawn Lane,NSW,Australia,2233,7.0,7022.76
1986,Melania,Ruske,Female,53,1981-12-30,41.0,NA,Retail,Mass Customer,N,366 International Way,NSW,Australia,2170,6.0,5045.62
1987,Jacobo,Rosenblum,Male,56,1956-06-08,67.0,Research Associate,Health,Affluent Customer,N,427 Rockefeller Drive,NSW,Australia,2093,4.0,4620.99
1988,Kelwin,Goldsmith,Male,27,1957-04-15,66.0,Recruiting Manager,Property,Mass Customer,N,5176 Division Hill,VIC,Australia,3216,8.0,10687.63
1989,Emalee,Guitel,Female,46,1973-07-21,49.0,Graphic Designer,Property,High Net Worth,N,1 Raven Place,NSW,Australia,2160,4.0,5052.01
1990,Mira,Askham,U,9,,,Senior Financial Analyst,Financial Services,High Net Worth,N,29 Delaware Pass,NSW,Australia,2567,9.0,7218.33
1991,Tobe,Godrich,Male,35,1993-09-27,29.0,Research Nurse,Health,Mass Customer,N,42554 Burrows Court,NSW,Australia,2117,10.0,13596.76
1992,Shanta,Attrill,Female,28,1995-10-21,27.0,Web Developer I,Manufacturing,Mass Customer,N,726 Warrior Center,NSW,Australia,2077,10.0,14165.05
1993,Agustin,Isworth,Male,82,1980-07-27,42.0,Accounting Assistant II,n/a,High Net Worth,N,500 Victoria Plaza,NSW,Australia,2147,9.0,7486.73
1994,Gray,McLorinan,Female,71,1986-04-25,37.0,NA,Manufacturing,High Net Worth,N,35 Debra Way,VIC,Australia,3201,6.0,5066.01
1995,Mabel,Sallter,Female,6,1969-03-26,54.0,Automation Specialist II,n/a,Mass Customer,N,62965 Morningstar Junction,QLD,Australia,4109,6.0,5819.03
1996,Filmer,Furby,Male,4,1985-12-29,37.0,Structural Engineer,Manufacturing,Mass Customer,N,6698 Melody Crossing,QLD,Australia,4556,7.0,7296.09
1997,Tedmund,Simonsson,Male,57,1996-09-27,26.0,Structural Engineer,n/a,Mass Customer,N,05919 Morning Parkway,NSW,Australia,2034,5.0,5255.68
1998,Hamil,Britch,Male,13,1975-03-26,48.0,Media Manager IV,Manufacturing,High Net Worth,N,6 Rockefeller Pass,VIC,Australia,3075,4.0,3913.68
1999,Raquel,Bamlett,Female,6,1962-08-16,60.0,Nuclear Power Engineer,Manufacturing,Mass Customer,N,7875 Fieldstone Pass,QLD,Australia,4216,7.0,9772.77
2000,Kain,Rene,U,68,,,Assistant Professor,IT,High Net Worth,N,59170 Westridge Junction,NSW,Australia,2147,3.0,1955.98
2001,Mada,Martinho,Female,21,1977-10-06,45.0,Analog Circuit Design manager,Manufacturing,Mass Customer,N,3 Bonner Point,NSW,Australia,2800,8.0,10016.79
2002,Matilde,Hamsher,Female,55,1971-06-20,52.0,Mechanical Systems Engineer,Financial Services,Mass Customer,N,113 Lien Place,NSW,Australia,2560,3.0,2637.04
2003,Lilli,Hargey,Female,80,1962-06-21,61.0,Statistician III,Manufacturing,High Net Worth,N,064 Fallview Terrace,QLD,Australia,4500,2.0,2264.75
2004,Brandy,Showering,Male,16,1963-06-12,60.0,Nuclear Power Engineer,Manufacturing,Affluent Customer,N,32 Sutteridge Trail,NSW,Australia,2470,5.0,6432.86
2005,Marina,McElwee,Female,41,1978-08-20,44.0,Accountant I,Manufacturing,High Net Worth,N,3984 Clove Street,VIC,Australia,3192,6.0,5486.60
2006,Hyacinthia,Tuley,Female,33,1999-10-04,23.0,Senior Developer,Property,High Net Worth,N,4 Rowland Plaza,NSW,Australia,2324,5.0,5042.50
2007,Gail,Scarrisbrick,Male,8,1970-04-13,53.0,Programmer I,Manufacturing,Mass Customer,N,5157 Maple Wood Circle,NSW,Australia,2537,4.0,6309.45
2008,Jamill,Cudd,Male,77,1993-07-27,29.0,Analyst Programmer,Financial Services,Mass Customer,N,559 Blackbird Street,QLD,Australia,4580,7.0,8503.91
2009,Neilla,Castrillo,Female,19,1960-03-16,63.0,Staff Accountant IV,Health,Affluent Customer,N,6466 Troy Street,NSW,Australia,2763,7.0,7575.46
2010,Duff,Guyer,Male,88,1974-01-31,49.0,Data Coordiator,Manufacturing,High Net Worth,N,7135 Ruskin Avenue,NSW,Australia,2563,5.0,4641.57
2011,Guthrie,MacAne,Male,68,1978-01-22,45.0,VP Sales,Manufacturing,High Net Worth,N,5 Loftsgordon Avenue,NSW,Australia,2068,3.0,1224.83
2012,Maisey,Lavell,Female,55,1972-09-07,50.0,Health Coach I,Health,High Net Worth,N,33 Del Mar Junction,NSW,Australia,2264,5.0,5129.30
2013,Marge,Girault,Female,99,1995-08-10,27.0,Registered Nurse,Health,Affluent Customer,N,06069 Hayes Road,NSW,Australia,2099,10.0,10458.70
2014,Sandye,Avraam,Female,49,1990-05-25,33.0,Associate Professor,Manufacturing,Mass Customer,N,828 Waubesa Pass,NSW,Australia,2234,7.0,8592.79
2015,Charyl,Sibson,Female,6,1974-02-19,49.0,Health Coach IV,Health,Affluent Customer,N,1 Bobwhite Circle,NSW,Australia,2230,7.0,7797.32
2016,Laraine,Merioth,Female,89,1998-11-19,24.0,Executive Secretary,Retail,Affluent Customer,N,3 Memorial Junction,NSW,Australia,2126,6.0,6360.08
2017,Ezri,Sadry,Male,67,1995-02-11,28.0,Programmer II,Financial Services,Affluent Customer,N,644 Mcbride Street,NSW,Australia,2086,6.0,7420.31
2018,Richie,Matts,Male,80,1963-01-30,60.0,Senior Developer,Financial Services,Affluent Customer,N,23700 Dennis Way,NSW,Australia,2075,7.0,8452.85
2019,Neda,Perkis,Female,48,1953-09-13,69.0,VP Marketing,Entertainment,High Net Worth,N,5795 Comanche Circle,QLD,Australia,4825,9.0,8630.60
2020,Portia,Proudlock,Female,50,1971-05-06,52.0,Biostatistician IV,Property,Affluent Customer,N,31 Scofield Trail,VIC,Australia,3020,7.0,8810.74
2021,Ulrica,Abelwhite,U,31,,,Software Test Engineer I,IT,High Net Worth,N,218 Elka Point,NSW,Australia,2176,2.0,746.67
2022,Mortimer,Iremonger,Male,79,1982-07-03,40.0,NA,IT,Affluent Customer,N,5468 Moose Lane,NSW,Australia,2445,5.0,5843.24
2023,Marco,Denziloe,Male,15,1971-01-11,52.0,Associate Professor,n/a,High Net Worth,N,174 Calypso Crossing,NSW,Australia,2770,10.0,8546.61
2024,Elinor,Biggerstaff,Female,69,2000-07-14,22.0,VP Sales,IT,Mass Customer,N,53358 David Circle,QLD,Australia,4306,6.0,6477.52
2025,Agosto,Thon,Male,59,1982-04-15,41.0,VP Quality Control,n/a,Mass Customer,N,0 3rd Road,QLD,Australia,4060,4.0,4120.88
2026,Anabelle,Rogerson,Female,62,1987-09-18,35.0,Structural Engineer,Property,Mass Customer,N,9 Melvin Drive,NSW,Australia,2144,4.0,6109.30
2027,Whitney,Dahle,Male,89,1964-09-02,58.0,VP Product Management,n/a,High Net Worth,N,9670 4th Point,NSW,Australia,2065,7.0,4613.08
2028,Cathy,Parmley,Female,25,1976-12-10,46.0,Director of Sales,Retail,Affluent Customer,N,2228 Steensland Terrace,NSW,Australia,2148,7.0,8361.99
2029,Charlie,Hastilow,Male,10,1992-03-10,31.0,Nurse,Manufacturing,Mass Customer,N,2 Thierer Place,QLD,Australia,4053,9.0,7681.17
2030,Xymenes,Sprull,Male,3,1961-01-09,62.0,Administrative Officer,Property,High Net Worth,N,23 Huxley Road,VIC,Australia,3064,4.0,4195.23
2031,Philbert,Albone,Male,99,1987-01-21,36.0,Geologist III,n/a,Mass Customer,N,34 3rd Place,VIC,Australia,3030,4.0,4867.54
2032,Theodore,Chicchelli,Male,98,1983-09-09,39.0,Quality Control Specialist,Property,Mass Customer,N,63 Golf Crossing,NSW,Australia,2217,2.0,2606.81
2033,Mar,Philippon,Male,36,1971-08-31,51.0,Dental Hygienist,Health,High Net Worth,N,1 Sloan Avenue,NSW,Australia,2176,7.0,7396.77
2034,June,Haslam,Female,87,1974-01-10,49.0,Speech Pathologist,Manufacturing,Mass Customer,N,056 Pierstorff Alley,NSW,Australia,2040,8.0,8042.47
2035,Kylie,Terese,Male,40,1979-06-01,44.0,Senior Developer,Health,Mass Customer,N,177 Anniversary Parkway,NSW,Australia,2428,4.0,3371.80
2036,Alix,Gilliland,Female,11,1977-04-29,46.0,NA,n/a,Mass Customer,N,18 Karstens Drive,NSW,Australia,2233,12.0,12856.95
2037,Irwin,Ryall,Male,19,1989-01-04,34.0,VP Marketing,IT,Mass Customer,N,6950 Morrow Street,NSW,Australia,2326,4.0,4966.41
2038,Fae,Done,Female,9,1959-11-26,63.0,Structural Engineer,Financial Services,Mass Customer,N,8492 Autumn Leaf Center,VIC,Australia,3214,4.0,4772.23
2039,Laureen,Blower,Female,38,1978-03-26,45.0,Senior Developer,IT,High Net Worth,N,91749 Portage Park,NSW,Australia,2528,5.0,4372.03
2040,Gal,Scardafield,Male,25,1969-09-05,53.0,VP Sales,Retail,Affluent Customer,N,45 Waubesa Lane,QLD,Australia,4213,2.0,3028.89
2041,Mort,Heath,Male,52,1957-10-27,65.0,VP Accounting,Financial Services,Mass Customer,N,51739 Sundown Hill,NSW,Australia,2009,6.0,8256.82
2042,Bendix,Cooke,Male,65,1968-08-14,54.0,Registered Nurse,Health,Mass Customer,N,95 Butterfield Circle,VIC,Australia,3352,3.0,4170.51
2043,Veronike,Clampett,Female,67,1977-09-05,45.0,Software Consultant,n/a,Mass Customer,N,9 Porter Pass,QLD,Australia,4077,5.0,7197.77
2044,Leyla,Eddington,Female,84,1998-08-02,24.0,Quality Engineer,Health,Mass Customer,N,236 Fremont Alley,NSW,Australia,2156,5.0,7468.57
2045,Hermina,Franzel,Female,15,1984-07-03,38.0,VP Sales,Financial Services,High Net Worth,N,46031 Hudson Place,NSW,Australia,2075,9.0,7181.53
2046,Charis,Maas,Female,3,1959-07-27,63.0,Marketing Manager,n/a,Mass Customer,N,8 Crowley Terrace,NSW,Australia,2760,9.0,13347.53
2047,Kirsten,Slegg,Female,45,1975-04-13,48.0,Paralegal,Financial Services,Affluent Customer,N,50532 Hoard Center,QLD,Australia,4209,2.0,3132.77
2048,Sorcha,Genthner,Female,22,1960-04-13,63.0,Financial Advisor,Financial Services,High Net Worth,N,56 Sommers Point,NSW,Australia,2204,7.0,7097.01
2049,Jud,Purchon,Male,21,1962-02-12,61.0,Assistant Professor,Manufacturing,High Net Worth,N,0 Red Cloud Place,NSW,Australia,2217,6.0,4898.92
2050,Opal,Costa,Female,22,1954-06-26,69.0,Business Systems Development Analyst,n/a,Mass Customer,N,24951 Michigan Pass,NSW,Australia,2176,4.0,5010.68
2051,Teresita,Drinnan,Female,8,1959-06-15,64.0,Geological Engineer,Manufacturing,Affluent Customer,N,51960 Gulseth Point,NSW,Australia,2009,6.0,8291.80
2052,Ganny,Sealeaf,Male,5,1955-11-30,67.0,NA,Retail,Mass Customer,N,144 Parkside Parkway,QLD,Australia,4655,9.0,7978.90
2053,Horatius,Dufton,Male,7,1978-05-28,45.0,NA,Financial Services,Affluent Customer,N,896 Helena Parkway,QLD,Australia,4551,6.0,7727.00
2054,Horace,Gilpillan,Male,12,1995-08-21,27.0,NA,Manufacturing,Mass Customer,N,89 Anhalt Park,NSW,Australia,2106,4.0,5248.59
2055,Harmon,Bakster,Male,46,1980-09-14,42.0,Administrative Assistant III,Retail,High Net Worth,N,1786 Orin Street,NSW,Australia,2327,9.0,9210.70
2056,Cristin,Smoughton,Female,65,1986-03-04,37.0,Biostatistician IV,Property,High Net Worth,N,7 Green Ridge Way,NSW,Australia,2763,2.0,1288.62
2057,Elianora,Sally,Female,99,1959-10-04,63.0,Accounting Assistant IV,Manufacturing,Affluent Customer,N,2807 Northwestern Pass,VIC,Australia,3182,6.0,6889.26
2058,Ronna,Wickersham,Female,99,1978-02-04,45.0,Database Administrator I,Agriculture,High Net Worth,N,9362 Grim Plaza,QLD,Australia,4702,7.0,7580.11
2059,Kylen,Gimson,Female,21,1977-02-15,46.0,Graphic Designer,n/a,High Net Worth,N,2 Sommers Drive,VIC,Australia,3181,4.0,3090.32
2060,Constancia,Akram,Female,17,1959-01-23,64.0,Statistician II,Financial Services,Mass Customer,N,74164 Village Green Parkway,VIC,Australia,3037,11.0,11569.57
2061,Loralyn,,Female,71,1983-01-24,40.0,Technical Writer,Manufacturing,High Net Worth,N,623 Melody Avenue,QLD,Australia,4500,6.0,5838.77
2062,Guillermo,Kolakovic,Male,67,1976-08-19,46.0,Junior Executive,Retail,Mass Customer,N,9 Roth Park,QLD,Australia,4104,5.0,7518.80
2063,Benny,Crudge,Male,55,1963-06-17,60.0,Clinical Specialist,Health,Affluent Customer,N,18 Buhler Court,VIC,Australia,3186,5.0,4125.82
2064,Reynard,Jaffrey,Male,99,1969-05-19,54.0,VP Marketing,Health,Mass Customer,N,4 Sachtjen Drive,QLD,Australia,4701,5.0,5871.14
2065,Silvio,Henrichs,Male,66,1978-03-13,45.0,Technical Writer,Retail,Mass Customer,N,130 Hayes Crossing,NSW,Australia,2170,4.0,4870.06
2066,Skipp,McLarens,Male,91,1969-12-21,53.0,Food Chemist,Health,High Net Worth,N,9 Logan Court,NSW,Australia,2570,5.0,4433.11
2067,Slade,Mulvin,Male,81,1979-05-05,44.0,Registered Nurse,Health,Mass Customer,N,8 Superior Hill,NSW,Australia,2153,8.0,11015.02
2068,Wandie,Nare,Female,23,1956-08-08,66.0,Account Representative I,n/a,High Net Worth,N,575 Katie Terrace,NSW,Australia,2835,5.0,3990.75
2069,Sol,Holdron,U,32,,,Software Test Engineer IV,IT,Mass Customer,N,9 Old Shore Street,QLD,Australia,4509,6.0,10361.07
2070,Tiphany,Leppington,Female,0,1981-12-05,41.0,Recruiting Manager,n/a,Mass Customer,N,7949 Waywood Way,NSW,Australia,2318,9.0,13340.08
2071,Ardis,Ramelet,Female,69,1978-02-07,45.0,NA,n/a,Mass Customer,N,2982 Monterey Way,VIC,Australia,3182,7.0,5340.02
2072,Margie,Tillyer,Female,30,1960-04-20,63.0,Environmental Specialist,Financial Services,Mass Customer,N,692 Leroy Parkway,VIC,Australia,3043,13.0,12881.59
2073,Linea,,Female,87,1974-01-30,49.0,NA,Manufacturing,High Net Worth,N,9499 Alpine Drive,VIC,Australia,3175,8.0,6831.24
2074,Roslyn,Rawdall,Female,90,1997-06-11,26.0,NA,Financial Services,Mass Customer,N,0442 Debra Point,NSW,Australia,2281,,
2075,Devondra,Jovis,Female,95,1973-04-23,50.0,Environmental Tech,Manufacturing,Mass Customer,N,61 Upham Parkway,QLD,Australia,4558,4.0,6031.49
2076,Beatriz,Tweddle,Female,73,1969-06-03,54.0,Assistant Manager,Manufacturing,Mass Customer,N,63832 Maple Wood Court,VIC,Australia,3172,8.0,12082.72
2077,Tobe,Lindroos,Female,67,1992-02-26,31.0,Cost Accountant,Financial Services,Mass Customer,N,27 Rockefeller Plaza,QLD,Australia,4556,3.0,5098.28
2078,Joice,Govett,Female,15,1989-08-30,33.0,Computer Systems Analyst III,Manufacturing,Mass Customer,N,95483 Washington Junction,NSW,Australia,2505,6.0,8309.56
2079,Eda,,Female,49,1956-07-29,66.0,Account Executive,n/a,High Net Worth,N,1396 Sugar Terrace,NSW,Australia,2145,3.0,3755.99
2080,Rosamond,Sainer,Female,15,1959-08-07,63.0,Human Resources Assistant IV,n/a,High Net Worth,N,8454 Pierstorff Way,NSW,Australia,2115,6.0,5537.96
2081,Gelya,Coaker,Female,69,1972-06-21,51.0,Senior Editor,Financial Services,Mass Customer,N,2444 Aberg Hill,NSW,Australia,2067,5.0,6332.78
2082,Sybyl,Beekman,Female,38,1979-12-07,43.0,Legal Assistant,Health,Affluent Customer,N,73637 Nancy Street,NSW,Australia,2469,7.0,7320.80
2083,Karee,Ortler,Female,5,1980-07-18,42.0,NA,n/a,Mass Customer,N,9 Beilfuss Crossing,NSW,Australia,2705,9.0,11893.17
2084,Britni,Menguy,Female,6,1986-10-03,36.0,NA,IT,Mass Customer,N,891 Mendota Junction,QLD,Australia,4127,3.0,2547.70
2085,Carolynn,Samsin,Female,83,1956-05-03,67.0,Pharmacist,Health,Mass Customer,N,73 Muir Trail,VIC,Australia,3196,3.0,5037.94
2086,Gayle,Cockerell,Male,68,1997-01-03,26.0,Senior Cost Accountant,Financial Services,High Net Worth,N,1 Raven Circle,NSW,Australia,2450,3.0,3313.66
2087,Yehudi,Sandon,Male,76,1969-06-08,54.0,Administrative Officer,IT,Mass Customer,N,6563 Susan Pass,VIC,Australia,3024,5.0,7033.71
2088,Ernie,Wankel,Male,2,1969-10-09,53.0,Senior Financial Analyst,Financial Services,Mass Customer,N,59 Prentice Lane,QLD,Australia,4551,7.0,9175.75
2089,Erie,Ballston,Male,93,1958-01-07,65.0,Safety Technician I,Financial Services,High Net Worth,N,65880 Cascade Drive,NSW,Australia,2164,2.0,1088.10
2090,Stanton,Schimoni,Male,63,1964-12-05,58.0,Help Desk Technician,Financial Services,Mass Customer,N,6632 Truax Hill,NSW,Australia,2230,2.0,1020.78
2091,Dominga,Crosfield,Female,27,1980-06-22,43.0,Office Assistant II,Agriculture,Mass Customer,N,68882 Commercial Crossing,NSW,Australia,2320,3.0,5499.04
2092,Stavros,Hazelby,Male,14,1977-12-22,45.0,Safety Technician IV,Manufacturing,High Net Worth,N,949 Marquette Avenue,VIC,Australia,3028,5.0,4412.91
2093,Salem,Doiley,Male,94,1999-09-10,23.0,Programmer II,Financial Services,High Net Worth,N,9953 Kim Lane,NSW,Australia,2330,6.0,5240.77
2094,Merle,Pesticcio,Male,15,1984-01-27,39.0,Biostatistician IV,n/a,Mass Customer,N,09 Pierstorff Point,QLD,Australia,4514,5.0,5212.57
2095,Anette,Guerreiro,Female,69,1989-11-13,33.0,Account Executive,Manufacturing,Affluent Customer,N,158 Lindbergh Crossing,VIC,Australia,3136,10.0,12630.97
2096,Torrie,Smartman,Female,74,1969-05-21,54.0,Programmer III,Telecommunications,High Net Worth,N,72 Ilene Point,NSW,Australia,2575,5.0,7715.23
2097,Web,Decaze,Male,38,1988-04-08,35.0,Recruiter,Telecommunications,Mass Customer,N,4081 Lighthouse Bay Alley,QLD,Australia,4053,6.0,8538.94
2098,Ame,Tossell,Female,82,1969-12-13,53.0,Dental Hygienist,Health,High Net Worth,N,794 Kennedy Court,QLD,Australia,4740,6.0,4965.42
2099,Mikel,McKechnie,Male,40,1959-10-03,63.0,Senior Cost Accountant,Financial Services,High Net Worth,N,3981 Karstens Place,NSW,Australia,2570,7.0,7707.32
2100,Der,Blatcher,Male,34,1978-05-30,45.0,Marketing Assistant,IT,Mass Customer,N,88039 Melody Lane,VIC,Australia,3088,5.0,5375.42
2101,Maryann,,Female,71,1998-03-08,25.0,General Manager,n/a,Mass Customer,N,344 Rockefeller Way,VIC,Australia,3966,10.0,14813.68
2102,Carl,Penquet,Male,80,1976-01-08,47.0,Senior Editor,n/a,Affluent Customer,N,434 Eggendart Circle,NSW,Australia,2260,7.0,8332.46
2103,Jayme,Hendin,Male,94,1975-09-22,47.0,Business Systems Development Analyst,Financial Services,Affluent Customer,N,0 Waubesa Alley,NSW,Australia,2265,10.0,12632.34
2104,Livy,Roote,Female,31,1979-01-29,44.0,Structural Analysis Engineer,Financial Services,Mass Customer,N,831 Prairieview Trail,QLD,Australia,4405,8.0,8291.90
2105,Terrance,Goligher,Male,29,1971-11-11,51.0,Food Chemist,Health,High Net Worth,N,884 Surrey Pass,VIC,Australia,3912,5.0,5976.64
2106,Antons,Ley,Male,91,1970-03-19,53.0,Project Manager,Financial Services,High Net Worth,N,60424 Bultman Terrace,NSW,Australia,2120,4.0,5395.46
2107,Dre,Ferrillo,Female,2,1992-07-10,30.0,Biostatistician IV,IT,Affluent Customer,N,882 Merry Trail,QLD,Australia,4701,2.0,1941.00
2108,Michel,O'Halligan,Female,41,1985-11-24,37.0,Software Test Engineer IV,Property,Mass Customer,N,47878 Pond Park,QLD,Australia,4133,3.0,3632.54
2109,Grazia,Vinson,Female,14,1965-04-13,58.0,Account Representative II,Health,High Net Worth,N,7 Porter Parkway,NSW,Australia,2261,8.0,6531.64
2110,Gard,Marris,Male,29,1973-07-31,49.0,Human Resources Assistant III,Manufacturing,High Net Worth,N,984 Waubesa Pass,QLD,Australia,4034,7.0,5397.96
2111,Ellis,Vokes,Male,98,1973-12-28,49.0,Speech Pathologist,Property,Affluent Customer,N,91933 Artisan Avenue,NSW,Australia,2753,9.0,11464.75
2112,Aubrie,Glaum,Female,64,1993-05-17,30.0,Accounting Assistant I,Financial Services,Mass Customer,N,624 Atwood Circle,NSW,Australia,2164,4.0,6472.05
2113,Nita,Bushell,Female,91,1972-01-06,51.0,Internal Auditor,Manufacturing,Affluent Customer,N,15 Mcguire Junction,QLD,Australia,4128,4.0,4987.47
2114,Erick,Caveill,Male,78,1954-11-29,68.0,Safety Technician III,Agriculture,High Net Worth,N,21 South Avenue,NSW,Australia,2076,6.0,4567.02
2115,Shannon,Pflieger,Male,17,1975-08-31,47.0,Food Chemist,Health,Mass Customer,N,4 Macpherson Street,VIC,Australia,3143,2.0,2204.45
2116,Wyndham,Ecob,Male,81,1979-01-20,44.0,Research Associate,Financial Services,Affluent Customer,N,5965 Glacier Hill Terrace,VIC,Australia,3025,4.0,5827.96
2117,Llywellyn,Christall,Male,76,1995-06-14,28.0,Computer Systems Analyst I,Health,Affluent Customer,N,556 Esch Street,NSW,Australia,2090,5.0,3925.17
2118,Ulrick,Calyton,Male,29,1978-07-22,44.0,Developer III,n/a,High Net Worth,N,25943 Montana Street,NSW,Australia,2747,6.0,4952.79
2119,Dorise,Bellon,Female,51,1985-03-01,38.0,Senior Cost Accountant,Financial Services,Mass Customer,N,2 Dawn Avenue,QLD,Australia,4118,4.0,5831.05
2120,Clare,Attoe,Male,80,1997-01-03,26.0,Web Designer III,Manufacturing,Mass Customer,N,35 Harbort Way,NSW,Australia,2446,8.0,11601.70
2121,Clarita,Jaqueminet,Female,35,1989-02-15,34.0,Nurse,Financial Services,Mass Customer,N,464 Bonner Place,VIC,Australia,3012,10.0,11252.08
2122,Osborne,Nawton,Male,85,1973-01-27,50.0,Registered Nurse,Health,High Net Worth,N,0899 Judy Pass,VIC,Australia,3072,4.0,2597.14
2123,Shirley,Negal,Female,36,1993-03-19,30.0,Software Engineer II,Manufacturing,Affluent Customer,N,43 Sunbrook Terrace,QLD,Australia,4160,6.0,6196.02
2124,Damien,Bartczak,Male,17,1978-01-30,45.0,NA,Retail,High Net Worth,N,34 Vidon Way,VIC,Australia,3037,6.0,6305.32
2125,Laurene,Linstead,Female,9,1975-01-27,48.0,VP Quality Control,Financial Services,High Net Worth,N,85 Cody Hill,NSW,Australia,2770,6.0,3720.94
2126,Hugibert,Getcliff,Male,65,1958-03-29,65.0,Product Engineer,Health,Mass Customer,N,8209 Tony Plaza,NSW,Australia,2810,4.0,4030.83
2127,Wanids,Baudet,Female,66,1974-02-15,49.0,Web Designer I,Manufacturing,Mass Customer,N,65675 Spenser Way,VIC,Australia,3207,5.0,6010.68
2128,Gregorius,Cockram,Male,31,1976-09-25,46.0,Data Coordiator,Property,Affluent Customer,N,042 Saint Paul Parkway,NSW,Australia,2769,2.0,3787.46
2129,Barron,Waszkiewicz,Male,26,1980-10-07,42.0,Electrical Engineer,Manufacturing,High Net Worth,N,3516 Kensington Lane,NSW,Australia,2164,2.0,1296.69
2130,Evangelina,Coxhell,Female,95,1990-01-01,33.0,Structural Engineer,Property,High Net Worth,N,26064 Morningstar Junction,NSW,Australia,2480,8.0,6746.41
2131,Nettle,Painter,Female,12,1971-03-21,52.0,Payment Adjustment Coordinator,n/a,Mass Customer,N,686 Rusk Parkway,NSW,Australia,2566,6.0,7772.67
2132,Davina,Dougary,Female,16,1985-02-02,38.0,Human Resources Manager,Financial Services,High Net Worth,N,7518 Canary Parkway,NSW,Australia,2145,8.0,10198.20
2133,Clarissa,Blaisdale,Female,44,1998-01-20,25.0,General Manager,Financial Services,High Net Worth,N,32 Spenser Crossing,NSW,Australia,2880,5.0,5664.29
2134,Crosby,Ruoff,Male,16,2000-02-21,23.0,Nurse,Manufacturing,Affluent Customer,N,654 Kim Parkway,VIC,Australia,3175,5.0,7058.96
2135,Teador,Laurant,Male,97,1980-09-18,42.0,Structural Engineer,n/a,Mass Customer,N,0 Moose Court,NSW,Australia,2063,2.0,2521.41
2136,Heather,Golsworthy,Female,21,1965-07-12,57.0,Office Assistant I,Health,High Net Worth,N,99000 Petterle Drive,NSW,Australia,2062,4.0,5093.07
2137,Renie,,Female,46,1971-06-22,52.0,Chemical Engineer,Manufacturing,Affluent Customer,N,549 Longview Terrace,QLD,Australia,4030,4.0,5246.04
2138,Jonell,Gon,Female,23,1978-11-28,44.0,Graphic Designer,Manufacturing,High Net Worth,N,1861 Golf Course Circle,NSW,Australia,2216,8.0,8637.01
2139,Carolina,Brands,Female,87,1982-02-06,41.0,Accountant II,IT,Affluent Customer,N,27 Mayer Lane,VIC,Australia,3756,5.0,7480.94
2140,Hilario,Ramsdell,Male,59,1976-09-30,46.0,Help Desk Operator,Telecommunications,High Net Worth,N,47336 Garrison Court,QLD,Australia,4670,8.0,6128.62
2141,Georgie,Bruggen,Female,50,1964-08-21,58.0,Programmer I,Financial Services,High Net Worth,N,27 Drewry Road,NSW,Australia,2102,4.0,3650.35
2142,Marti,McComish,Female,61,1979-07-02,43.0,Biostatistician IV,n/a,Affluent Customer,N,75581 Express Center,QLD,Australia,4503,7.0,10678.77
2143,Napoleon,Terron,Male,53,1963-12-23,59.0,Business Systems Development Analyst,n/a,High Net Worth,N,5 Fairfield Parkway,NSW,Australia,2557,5.0,5010.85
2144,Maureene,Kingstne,Female,12,1978-04-11,45.0,Office Assistant IV,Property,Mass Customer,N,47 Kensington Avenue,NSW,Australia,2650,8.0,10979.42
2145,Adrea,Quittonden,Female,44,1959-11-11,63.0,Librarian,Entertainment,Affluent Customer,N,9870 Brickson Park Trail,NSW,Australia,2216,1.0,748.17
2146,Timmie,Lenden,Male,75,1967-01-25,56.0,NA,n/a,Mass Customer,N,3 Memorial Terrace,NSW,Australia,2234,2.0,2173.11
2147,Franzen,Kielty,Male,42,1998-11-04,24.0,Engineer IV,n/a,High Net Worth,N,4559 Sundown Trail,NSW,Australia,2148,3.0,1586.09
2148,Annis,Freeth,Female,78,1989-03-20,34.0,Engineer I,Manufacturing,Mass Customer,N,45613 Meadow Valley Center,VIC,Australia,3976,4.0,5449.00
2149,Lana,Druce,Female,26,1978-05-19,45.0,Professor,n/a,High Net Worth,N,2 Spaight Road,NSW,Australia,2210,9.0,6659.26
2150,Huntlee,Pashba,Male,75,1959-09-05,63.0,NA,Retail,Affluent Customer,N,59694 1st Crossing,QLD,Australia,4503,6.0,6849.15
2151,Herrick,Gammett,Male,9,1986-10-23,36.0,NA,Entertainment,Affluent Customer,N,124 Fulton Crossing,QLD,Australia,4680,7.0,9891.46
2152,Junina,Labone,Female,40,1968-11-05,54.0,Database Administrator III,Manufacturing,Mass Customer,N,2800 Dottie Trail,VIC,Australia,3071,9.0,9894.84
2153,Jimmy,,Male,22,1986-10-13,36.0,Financial Analyst,Financial Services,Mass Customer,N,4 Mosinee Lane,QLD,Australia,4165,8.0,8336.52
2154,Bird,Bolf,Female,86,1980-01-08,43.0,Chemical Engineer,Manufacturing,High Net Worth,N,0799 Florence Street,NSW,Australia,2089,6.0,5956.34
2155,Fayth,Millions,Female,24,1964-01-09,59.0,Data Coordiator,n/a,Mass Customer,N,5882 American Ash Point,VIC,Australia,3214,12.0,10677.09
2156,Darill,Mowday,Male,96,1977-04-08,46.0,Desktop Support Technician,Retail,Mass Customer,N,13852 Burning Wood Terrace,NSW,Australia,2199,6.0,7490.99
2157,Alidia,Petyankin,Female,52,1978-01-30,45.0,Community Outreach Specialist,Property,Mass Customer,N,735 Eastlawn Place,QLD,Australia,4160,2.0,2928.14
2158,Caesar,Begbie,Male,11,1960-12-18,62.0,Physical Therapy Assistant,Entertainment,Mass Customer,N,6 Sauthoff Court,NSW,Australia,2144,5.0,6931.74
2159,Godfrey,Bottini,Male,19,1963-10-05,59.0,NA,n/a,High Net Worth,N,1788 Columbus Trail,QLD,Australia,4510,5.0,4413.35
2160,Kettie,Cantopher,Female,64,1971-06-26,52.0,Recruiter,Health,Mass Customer,N,32705 Shelley Junction,VIC,Australia,3172,6.0,7346.24
2161,Tommie,Mardle,Male,35,1998-01-14,25.0,NA,Financial Services,Mass Customer,N,0 Delladonna Parkway,VIC,Australia,3189,5.0,5998.47
2162,Andrew,Blunt,Male,49,1974-05-09,49.0,Paralegal,Financial Services,High Net Worth,N,79291 3rd Circle,NSW,Australia,2760,4.0,3985.38
2163,Tim,Guilliatt,Male,41,1996-12-25,26.0,VP Product Management,n/a,Mass Customer,N,8 Bunting Hill,NSW,Australia,2155,5.0,3780.75
2164,Toinette,Clementson,Female,12,1973-08-16,49.0,Financial Analyst,Financial Services,Mass Customer,N,63 School Plaza,NSW,Australia,2145,7.0,8585.81
2165,Marlie,Teesdale,U,16,,,Civil Engineer,Manufacturing,Affluent Customer,N,0134 Swallow Pass,VIC,Australia,3030,10.0,9965.57
2166,Mareah,Woodnutt,Female,78,1984-11-09,38.0,Nurse,Property,Mass Customer,N,47204 Rigney Street,NSW,Australia,2770,6.0,6584.46
2167,Laina,Semorad,Female,31,1997-07-11,25.0,Librarian,Entertainment,Mass Customer,N,9732 Swallow Way,NSW,Australia,2750,6.0,5253.65
2168,Levon,Woollard,Male,83,1974-11-16,48.0,VP Accounting,Financial Services,Mass Customer,N,80 Cordelia Street,QLD,Australia,4061,3.0,3828.10
2169,Jarrad,Atwell,Male,80,1979-02-28,44.0,Senior Financial Analyst,Financial Services,Mass Customer,N,88175 Center Road,NSW,Australia,2283,6.0,10330.95
2170,Dewitt,Laight,Male,27,1963-04-27,60.0,Geological Engineer,Manufacturing,Affluent Customer,N,5 Muir Circle,NSW,Australia,2030,6.0,7695.75
2171,Laryssa,Maes,Female,21,1970-02-10,53.0,Pharmacist,Health,High Net Worth,N,6 Tennyson Place,NSW,Australia,2138,6.0,4244.49
2172,Emmery,Angrock,Male,6,1979-01-05,44.0,Information Systems Manager,Health,Affluent Customer,N,698 Lunder Point,NSW,Australia,2016,4.0,6844.50
2173,Gracia,McAteer,Female,27,1976-09-21,46.0,Help Desk Technician,IT,Mass Customer,N,5 Dixon Junction,NSW,Australia,2340,4.0,5465.60
2174,Rock,Vickerstaff,Male,32,1962-09-21,60.0,Account Executive,Agriculture,High Net Worth,N,5890 Comanche Trail,VIC,Australia,3429,6.0,5491.73
2175,Elvyn,Bullas,Male,23,1985-11-01,37.0,Web Developer III,Health,Mass Customer,N,6621 Carberry Crossing,VIC,Australia,3083,4.0,4158.65
2176,Josie,Gallemore,Female,79,1962-11-09,60.0,Accountant II,Property,High Net Worth,N,322 Scott Plaza,NSW,Australia,2170,3.0,2225.87
2177,Waverly,Creebo,Male,35,1977-10-08,45.0,Social Worker,Health,Mass Customer,N,15811 La Follette Park,NSW,Australia,2770,5.0,6510.35
2178,Veriee,Colthard,Female,20,1954-03-18,69.0,Mechanical Systems Engineer,Retail,Mass Customer,N,67143 Bluejay Court,QLD,Australia,4214,4.0,3531.64
2179,Benson,cornhill,Male,15,1960-08-20,62.0,Desktop Support Technician,Manufacturing,Mass Customer,N,966 Emmet Trail,VIC,Australia,3015,7.0,6889.21
2180,Urbanus,Trevaskus,Male,98,1960-01-11,63.0,Chief Design Engineer,n/a,High Net Worth,N,49530 Evergreen Lane,VIC,Australia,3163,5.0,4580.60
2181,Tobe,Roxby,Male,99,1974-07-17,48.0,Account Executive,IT,Mass Customer,N,9582 Fremont Center,NSW,Australia,2032,8.0,7366.81
2182,Symon,Minchin,Male,47,1967-04-23,56.0,Assistant Media Planner,Entertainment,High Net Worth,N,3 Declaration Circle,QLD,Australia,4350,8.0,8427.63
2183,Jillie,Fyndon,Female,61,1972-02-07,51.0,Programmer Analyst IV,Manufacturing,Mass Customer,N,8142 Tomscot Drive,QLD,Australia,4132,14.0,19593.05
2184,Lamar,Gladman,Male,49,1971-12-05,51.0,Statistician III,Health,Mass Customer,N,396 Sachs Road,NSW,Australia,2147,11.0,13821.71
2185,Gayle,Gridley,Female,40,1963-10-15,59.0,Human Resources Assistant II,Property,Mass Customer,N,1 Melby Way,NSW,Australia,2527,7.0,9578.97
2186,Carolina,Sexty,Female,61,1963-03-18,60.0,Clinical Specialist,Health,High Net Worth,N,53221 Namekagon Parkway,NSW,Australia,2557,3.0,2734.44
2187,Brunhilde,Kendall,Female,52,1997-12-27,25.0,Budget/Accounting Analyst I,Health,Mass Customer,N,6 Dovetail Circle,NSW,Australia,2200,7.0,8763.12
2188,Zonnya,Fayter,Female,85,1972-04-03,51.0,Nurse Practicioner,n/a,Mass Customer,N,67 Carioca Road,QLD,Australia,4211,6.0,7173.82
2189,Thedric,,Male,43,1998-02-25,25.0,Safety Technician II,Financial Services,High Net Worth,N,63123 Merry Alley,QLD,Australia,4500,10.0,7457.59
2190,Maressa,Kondrachenko,Female,77,1979-04-17,44.0,NA,IT,Affluent Customer,N,4478 Banding Way,NSW,Australia,2830,8.0,12371.07
2191,Alley,Fitchell,Male,2,1976-05-11,47.0,Payment Adjustment Coordinator,n/a,Mass Customer,N,28928 Mariners Cove Pass,VIC,Australia,3040,5.0,8113.83
2192,Hubie,Leipold,Male,93,1966-08-27,56.0,Staff Accountant II,n/a,Mass Customer,N,3 Thierer Plaza,QLD,Australia,4815,6.0,3437.58
2193,Roldan,Carrington,Male,66,1955-12-16,67.0,Developer III,n/a,Mass Customer,N,9 Hauk Alley,VIC,Australia,3915,4.0,6086.66
2194,Johnette,O'Fergus,Female,79,1958-09-10,64.0,Electrical Engineer,Manufacturing,Affluent Customer,N,9045 Kings Avenue,QLD,Australia,4153,8.0,8464.84
2195,Nevsa,Taill,Female,94,1987-05-02,36.0,GIS Technical Architect,Financial Services,Affluent Customer,N,9 Barnett Street,QLD,Australia,4179,6.0,8798.75
2196,Skylar,Brise,Male,66,1976-06-08,47.0,Media Manager I,Retail,High Net Worth,N,6779 Melrose Way,NSW,Australia,2450,5.0,2951.11
2197,Filip,Willows,Male,32,1993-09-16,29.0,Programmer Analyst I,Financial Services,Mass Customer,N,42473 Sycamore Pass,VIC,Australia,3355,3.0,2858.19
2198,Marijn,Arnoll,Male,1,1998-01-10,25.0,Editor,Property,Affluent Customer,N,6631 Farragut Terrace,NSW,Australia,2148,4.0,4003.11
2199,Leigha,Ranger,Female,89,1983-02-09,40.0,Account Coordinator,Property,High Net Worth,N,886 Rusk Pass,NSW,Australia,2321,4.0,3439.47
2200,Teodoor,Lovelace,Male,23,1986-07-13,36.0,Community Outreach Specialist,n/a,Affluent Customer,N,3 Bashford Plaza,NSW,Australia,2267,3.0,2268.78
2201,Trisha,Basset,Female,56,1998-12-12,24.0,Design Engineer,Financial Services,Affluent Customer,N,11 Sage Place,QLD,Australia,4055,8.0,11512.79
2202,Diannne,Neissen,Female,46,1977-08-19,45.0,Physical Therapy Assistant,Financial Services,Affluent Customer,N,26049 Straubel Point,NSW,Australia,2099,10.0,8507.06
2203,Ganny,Alessandrelli,Male,13,1998-12-23,24.0,Sales Associate,Health,High Net Worth,N,59929 West Alley,NSW,Australia,2026,5.0,4984.45
2204,Kacie,Barthram,Female,16,1967-09-07,55.0,Librarian,Entertainment,High Net Worth,N,94 Vernon Parkway,NSW,Australia,2762,8.0,7109.88
2205,Birk,Elphey,U,76,,,Accounting Assistant III,IT,Mass Customer,N,8312 Dunning Crossing,VIC,Australia,3101,4.0,4416.67
2206,Osmond,McCamish,Male,60,1957-05-25,66.0,Structural Engineer,Financial Services,Affluent Customer,N,7 Novick Parkway,NSW,Australia,2160,4.0,5563.13
2207,Junia,Gall,Female,93,1979-01-26,44.0,Web Designer IV,Manufacturing,Mass Customer,N,02 Del Mar Center,QLD,Australia,4121,6.0,6656.96
2208,Lavena,Embling,Female,59,1954-05-07,69.0,NA,n/a,Mass Customer,N,0 Shasta Terrace,NSW,Australia,2289,6.0,5801.82
2209,Rriocard,Gavan,Male,4,1993-08-04,29.0,Registered Nurse,Health,Affluent Customer,N,90 East Way,NSW,Australia,2145,1.0,1240.31
2210,Kirby,Cameron,Male,16,1985-11-24,37.0,Registered Nurse,Health,High Net Worth,N,2 Goodland Lane,VIC,Australia,3977,9.0,7170.45
2211,Carmelita,Matuskiewicz,Female,3,1975-08-27,47.0,NA,Manufacturing,Mass Customer,N,7 Vernon Lane,NSW,Australia,2232,3.0,1649.16
2212,Adrianne,Raoux,Female,22,1974-05-13,49.0,Technical Writer,Manufacturing,Affluent Customer,N,9 Killdeer Avenue,QLD,Australia,4227,6.0,5999.99
2213,Jesse,Leyshon,Female,70,1996-05-07,27.0,Legal Assistant,n/a,Affluent Customer,N,152 Larry Alley,NSW,Australia,2756,5.0,7754.44
2214,Farlay,Plevey,Male,52,1957-03-26,66.0,NA,Manufacturing,High Net Worth,N,85 Hudson Street,NSW,Australia,2505,5.0,3447.45
2215,Viola,Wadhams,Female,50,1971-02-20,52.0,Structural Engineer,Financial Services,Mass Customer,N,6672 Butternut Avenue,VIC,Australia,3458,2.0,2428.20
2216,Clarinda,Woffinden,Female,29,1962-01-02,61.0,Systems Administrator II,Property,High Net Worth,N,43491 Jenifer Street,NSW,Australia,2750,3.0,2797.83
2217,Kristofor,Juris,Male,98,1981-10-17,41.0,Paralegal,Financial Services,Mass Customer,N,47 Chinook Road,QLD,Australia,4421,8.0,7435.33
2218,Madelena,Blincoe,Female,94,1992-05-27,31.0,Senior Sales Associate,Health,Affluent Customer,N,3468 Rigney Place,VIC,Australia,3505,3.0,4782.84
2219,Ansel,Napier,Male,73,1982-03-01,41.0,Senior Quality Engineer,n/a,High Net Worth,N,079 Katie Alley,VIC,Australia,3216,5.0,5761.16
2220,Curr,Jancey,Male,35,1959-05-13,64.0,Legal Assistant,Financial Services,Mass Customer,N,681 Butterfield Lane,NSW,Australia,2233,4.0,4529.90
2221,Tye,Scottini,Male,80,1995-11-07,27.0,General Manager,Agriculture,Affluent Customer,N,48 Laurel Parkway,QLD,Australia,4017,8.0,9100.52
2222,Caroline,Grabban,Female,20,1974-08-26,48.0,Professor,Financial Services,Mass Customer,N,9115 Mockingbird Crossing,NSW,Australia,2145,6.0,7385.77
2223,Sarita,Georgiev,Female,38,1981-01-29,42.0,Professor,Health,Mass Customer,N,2 Michigan Parkway,VIC,Australia,3006,7.0,6410.93
2224,Sydel,Seccombe,Female,3,1998-08-18,24.0,Budget/Accounting Analyst III,Retail,High Net Worth,N,24 Hermina Alley,NSW,Australia,2262,3.0,2627.09
2225,Christina,Easum,Female,45,1988-04-02,35.0,Occupational Therapist,Health,Affluent Customer,N,82237 Dapin Court,QLD,Australia,4570,3.0,5546.31
2226,Hedvig,Flatt,Female,10,1955-07-22,67.0,Biostatistician II,Entertainment,Mass Customer,N,1 Basil Street,QLD,Australia,4037,8.0,8751.63
2227,Duff,Kemble,Male,45,1976-07-16,46.0,Systems Administrator I,Property,Affluent Customer,N,60650 Mcbride Point,VIC,Australia,3918,5.0,5068.82
2228,Rosita,Soppeth,Female,12,1956-03-09,67.0,Geological Engineer,Manufacturing,High Net Worth,N,81 Lien Drive,VIC,Australia,3216,4.0,3986.31
2229,Linette,Gotmann,Female,76,1959-04-10,64.0,Cost Accountant,Financial Services,Affluent Customer,N,37353 Alpine Circle,NSW,Australia,2214,4.0,4503.43
2230,Gertruda,Shrimpling,Female,53,1977-12-22,45.0,NA,n/a,Mass Customer,N,581 Granby Parkway,VIC,Australia,3025,8.0,10919.73
2231,Rasla,Landreth,Female,68,1959-09-25,63.0,Accounting Assistant II,n/a,Mass Customer,N,3073 Golf View Terrace,QLD,Australia,4165,3.0,4948.51
2232,Nev,Malone,Male,69,1990-05-07,33.0,Help Desk Technician,n/a,Mass Customer,N,95 Riverside Way,NSW,Australia,2640,6.0,5666.03
2233,Cassi,Killingworth,Female,49,1973-09-04,49.0,Sales Associate,n/a,Mass Customer,N,390 Meadow Vale Circle,NSW,Australia,2560,7.0,7299.90
2234,Dylan,Hanvey,Male,48,1986-09-09,36.0,Electrical Engineer,Manufacturing,Mass Customer,N,501 Reindahl Alley,NSW,Australia,2069,7.0,4908.54
2235,Maxine,Cauldwell,Female,75,1979-10-02,43.0,Social Worker,Health,Affluent Customer,N,0 Mifflin Alley,QLD,Australia,4818,6.0,7834.27
2236,Arin,Crickmoor,Male,0,1968-04-16,55.0,Data Coordiator,Manufacturing,Affluent Customer,N,261 Mosinee Avenue,NSW,Australia,2335,3.0,4226.47
2237,Julia,Walden,Female,83,1969-06-26,54.0,NA,n/a,Mass Customer,N,57 Boyd Avenue,NSW,Australia,2287,7.0,7412.94
2238,Nata,Plinck,Female,96,1978-09-14,44.0,Director of Sales,Retail,Mass Customer,N,9 Washington Drive,VIC,Australia,3079,3.0,4539.44
2239,Jocelyne,Pasquale,Female,0,1960-01-11,63.0,Associate Professor,Property,High Net Worth,N,48 Straubel Court,NSW,Australia,2400,2.0,590.89
2240,Niall,Hallifax,Male,4,1969-07-25,53.0,Automation Specialist III,Manufacturing,High Net Worth,N,70 Old Gate Avenue,VIC,Australia,3043,12.0,11614.59
2241,Augy,Jerrems,Male,45,1975-02-23,48.0,Paralegal,Financial Services,High Net Worth,N,40062 Steensland Center,VIC,Australia,3977,4.0,3288.47
2242,Elsy,Springell,Female,25,1977-09-24,45.0,VP Sales,n/a,Mass Customer,N,39179 Bayside Terrace,VIC,Australia,3148,3.0,2893.56
2243,Lena,Cronshaw,Female,76,1976-08-28,46.0,Business Systems Development Analyst,n/a,Affluent Customer,N,04488 Amoth Parkway,NSW,Australia,2036,3.0,2141.05
2244,Sidney,Cargon,Male,97,1972-05-10,51.0,Software Test Engineer III,Manufacturing,Mass Customer,N,259 Homewood Pass,NSW,Australia,2092,5.0,5963.92
2245,Elsinore,Banbrook,Female,11,1980-04-21,43.0,Marketing Manager,Agriculture,Mass Customer,N,863 Crescent Oaks Hill,QLD,Australia,4215,7.0,7779.90
2246,Giraldo,Lacer,Male,16,1979-01-24,44.0,Database Administrator III,n/a,Mass Customer,N,353 Scott Road,NSW,Australia,2770,4.0,4593.50
2247,Gweneth,Wilkins,Female,17,1995-01-20,28.0,Teacher,Retail,High Net Worth,N,97 Randy Junction,NSW,Australia,2040,7.0,6489.81
2248,Helsa,Grandisson,Female,33,1996-05-23,27.0,Software Engineer I,Manufacturing,Mass Customer,N,047 Northfield Trail,VIC,Australia,3127,8.0,9998.93
2249,Kiele,Caghan,Female,7,1996-11-11,26.0,NA,Financial Services,Mass Customer,N,0132 Merrick Way,NSW,Australia,2770,5.0,5990.81
2250,De,Gleave,Male,72,1992-06-26,31.0,NA,Telecommunications,High Net Worth,N,9248 Ludington Circle,NSW,Australia,2714,3.0,2597.49
2251,Leslie,Shotboult,Male,68,1959-08-19,63.0,NA,Property,High Net Worth,N,81 Forest Dale Center,VIC,Australia,3555,7.0,3406.45
2252,Darcey,Annis,U,31,,,Teacher,IT,High Net Worth,N,0 Blaine Point,VIC,Australia,3183,5.0,3136.96
2253,Gracie,Kubacki,Female,28,1959-02-08,64.0,Office Assistant I,Manufacturing,Affluent Customer,N,90 2nd Lane,NSW,Australia,2768,6.0,8326.41
2254,Ann,Beek,Female,36,1955-10-21,67.0,Programmer Analyst II,Health,Affluent Customer,N,8718 Warner Avenue,NSW,Australia,2148,6.0,6942.90
2255,Iorgo,Krol,Male,92,1992-07-11,30.0,Dental Hygienist,Health,Affluent Customer,N,4 Mallory Hill,NSW,Australia,2880,3.0,3821.52
2256,Mara,Rosterne,Female,28,1978-02-26,45.0,Marketing Manager,Retail,Mass Customer,N,29180 American Ash Circle,NSW,Australia,2560,3.0,4833.95
2257,Siward,Corradino,Male,27,1977-10-13,45.0,Librarian,Entertainment,Mass Customer,N,6471 Meadow Valley Court,NSW,Australia,2097,5.0,6919.56
2258,Cathy,Powter,Female,63,1974-03-21,49.0,Account Executive,Retail,High Net Worth,N,9 Waxwing Pass,NSW,Australia,2008,7.0,6139.00
2259,Leanora,Calbert,Female,83,1999-07-02,23.0,Environmental Specialist,n/a,Affluent Customer,N,8 Buell Crossing,NSW,Australia,2320,4.0,4205.21
2260,Jarad,Barthropp,Male,38,1967-02-09,56.0,Administrative Assistant IV,Agriculture,High Net Worth,N,40 Rigney Street,NSW,Australia,2200,6.0,5951.83
2261,Gerome,Monshall,Male,81,1980-09-21,42.0,Account Representative II,Health,Mass Customer,N,7035 Crest Line Place,VIC,Australia,3101,4.0,3875.61
2262,Nyssa,Banister,Female,90,1984-04-21,39.0,Pharmacist,Health,Mass Customer,N,9129 Gale Court,QLD,Australia,4226,4.0,3451.69
2263,Lois,Sorel,Female,79,1987-02-06,36.0,Professor,Agriculture,Mass Customer,N,71109 Vernon Way,VIC,Australia,3350,5.0,6359.93
2264,Tony,Shirley,Female,18,1972-07-17,50.0,Occupational Therapist,Health,Affluent Customer,N,883 Almo Terrace,VIC,Australia,3977,6.0,5198.18
2265,Brendan,Vicent,Male,55,1980-07-29,42.0,NA,Property,Mass Customer,N,987 Victoria Trail,QLD,Australia,4006,3.0,3990.78
2266,Jeth,Tomes,Male,74,1998-10-11,24.0,NA,Retail,High Net Worth,N,7037 North Park,NSW,Australia,2484,10.0,6507.93
2267,Andrei,Mulchrone,Female,78,1964-04-28,59.0,Business Systems Development Analyst,n/a,Affluent Customer,N,93 Shasta Avenue,QLD,Australia,4171,5.0,6393.72
2268,Wilhelmina,Gothup,Female,66,1965-10-07,57.0,Pharmacist,Health,Mass Customer,N,9574 David Lane,VIC,Australia,3218,8.0,10067.96
2269,Beitris,Lamy,Female,33,1989-11-11,33.0,Product Engineer,n/a,Mass Customer,N,1 Del Sol Center,NSW,Australia,2323,7.0,9695.85
2270,Augustus,Edleston,Male,50,1966-09-28,56.0,Information Systems Manager,Retail,Affluent Customer,N,38 Valley Edge Plaza,VIC,Australia,3095,5.0,7588.29
2271,King,Hoston,Male,96,1974-03-26,49.0,NA,Telecommunications,Mass Customer,N,004 Gulseth Junction,NSW,Australia,2619,1.0,1362.99
2272,Grete,Hindenburg,Female,82,1994-12-21,28.0,Internal Auditor,Manufacturing,Mass Customer,N,503 Clove Crossing,QLD,Australia,4306,6.0,8116.80
2273,Rhetta,Lambrook,Female,71,1964-08-04,58.0,Assistant Professor,n/a,Mass Customer,N,0346 Dayton Hill,NSW,Australia,2092,10.0,10388.99
2274,Nada,Reinert,Female,15,1979-11-26,43.0,Budget/Accounting Analyst IV,Manufacturing,Mass Customer,N,5 Derek Pass,NSW,Australia,2090,2.0,142.98
2275,Ursulina,Carter,Female,77,1992-07-19,30.0,Human Resources Assistant II,Financial Services,High Net Worth,N,3417 Huxley Pass,VIC,Australia,3355,6.0,7036.67
2276,Stormy,Caveney,Female,90,1985-10-06,37.0,Desktop Support Technician,n/a,Mass Customer,N,163 Gale Center,NSW,Australia,2077,4.0,4714.45
2277,Gillie,Ruben,Female,44,1963-08-22,59.0,Cost Accountant,Financial Services,High Net Worth,N,09 Grim Lane,VIC,Australia,3752,4.0,4210.84
2278,Gerri,Heliet,Male,11,1977-09-25,45.0,Product Engineer,Health,Affluent Customer,N,31953 Dixon Way,NSW,Australia,2580,5.0,3764.71
2279,Garrett,Szymon,Male,42,1979-03-19,44.0,Human Resources Assistant II,Health,Mass Customer,N,463 Rowland Drive,NSW,Australia,2066,8.0,8641.35
2280,Wrennie,Alexandersson,Female,93,1960-11-18,62.0,Budget/Accounting Analyst I,n/a,Mass Customer,N,054 Mesta Drive,VIC,Australia,3620,5.0,7393.86
2281,Valaria,Abrehart,Female,56,1989-05-10,34.0,NA,n/a,High Net Worth,N,33550 Spohn Terrace,VIC,Australia,3630,7.0,6186.37
2282,Dominic,Gregoletti,Male,81,1957-02-25,66.0,Senior Financial Analyst,Financial Services,Affluent Customer,N,953 Del Sol Point,VIC,Australia,3630,6.0,7782.59
2283,Gaspar,Janaway,Male,44,1954-02-08,69.0,Software Consultant,n/a,High Net Worth,N,369 Milwaukee Court,VIC,Australia,3630,7.0,6183.56
2284,Ola,Lenoir,Female,83,1974-02-16,49.0,Staff Accountant IV,Telecommunications,High Net Worth,N,10055 Old Shore Lane,VIC,Australia,3630,7.0,6667.64
2285,Maritsa,Bellison,Female,71,1973-10-27,49.0,Quality Control Specialist,Health,High Net Worth,N,018 Porter Court,VIC,Australia,3631,7.0,3853.90
2286,Katuscha,Sapsed,Female,20,1995-06-02,28.0,Staff Scientist,Manufacturing,High Net Worth,N,67 Elka Court,VIC,Australia,3630,5.0,3914.75
2287,Gisela,Partener,Female,53,1974-04-22,49.0,Human Resources Assistant I,Telecommunications,High Net Worth,N,5086 Meadow Ridge Circle,VIC,Australia,3350,2.0,1336.95
2288,Cirillo,Hook,Male,63,1964-05-04,59.0,Staff Scientist,Manufacturing,High Net Worth,N,66 Talmadge Terrace,VIC,Australia,3630,6.0,5720.73
2289,Kissie,Steanson,Female,97,1980-09-25,42.0,Research Nurse,Health,Affluent Customer,N,09356 Badeau Drive,VIC,Australia,3630,5.0,6977.69
2290,Myca,Standley,Male,18,1981-03-10,42.0,Account Executive,Manufacturing,Mass Customer,N,1032 Killdeer Place,VIC,Australia,3631,6.0,8520.84
2291,Guido,Meynell,Male,67,1971-04-13,52.0,Accountant IV,Manufacturing,Affluent Customer,N,91 Ilene Parkway,VIC,Australia,3630,1.0,792.90
2292,Christie,MacClure,Female,17,1998-06-02,25.0,Research Nurse,Health,Mass Customer,N,5015 Pawling Park,NSW,Australia,2525,7.0,9640.09
2293,Engracia,Newcom,Female,70,1958-03-07,65.0,Financial Advisor,Financial Services,Affluent Customer,N,5701 Sugar Court,NSW,Australia,2880,5.0,5408.87
2294,Skipton,Cordie,Male,25,1987-06-16,36.0,Associate Professor,Manufacturing,Mass Customer,N,7 Melrose Circle,QLD,Australia,4017,7.0,10207.40
2295,Farris,Hazelby,U,35,,,Internal Auditor,IT,Mass Customer,N,33 Novick Parkway,NSW,Australia,2156,4.0,5830.14
2296,Nathalia,Sanger,Female,16,2002-01-01,21.0,Geologist IV,Retail,Affluent Customer,N,23 Village Way,QLD,Australia,4215,4.0,5259.05
2297,Pauletta,Taffee,Female,16,1971-11-27,51.0,Geological Engineer,Manufacturing,Affluent Customer,N,834 Pierstorff Lane,QLD,Australia,4228,5.0,6806.06
2298,Brigham,Vyse,Male,64,1997-10-28,25.0,Environmental Tech,Property,Mass Customer,N,974 Fisk Alley,VIC,Australia,3977,6.0,6997.85
2299,Mahmoud,Dagworthy,Male,11,1986-10-21,36.0,Computer Systems Analyst I,Property,High Net Worth,N,531 Springview Lane,VIC,Australia,3101,6.0,4715.29
2300,Cary,Cockerham,Male,20,1998-09-26,24.0,NA,Financial Services,Mass Customer,N,2 Nova Street,QLD,Australia,4228,4.0,7346.11
2301,Ken,Vashchenko,Male,66,1966-10-30,56.0,Senior Cost Accountant,Financial Services,Mass Customer,N,3242 Arizona Junction,QLD,Australia,4101,7.0,11202.57
2302,Loraine,Beamish,Female,43,1999-01-09,24.0,Mechanical Systems Engineer,Retail,Mass Customer,N,4 Delaware Terrace,VIC,Australia,3804,3.0,4926.78
2303,Alair,Combe,Male,22,1993-04-13,30.0,Database Administrator IV,Retail,Mass Customer,N,1913 Magdeline Point,NSW,Australia,2022,2.0,3050.31
2304,Shelia,Bellew,Female,65,1957-06-01,66.0,NA,n/a,Mass Customer,N,54 Annamark Place,NSW,Australia,2565,7.0,9747.90
2305,Aeriell,Greeding,Female,91,1984-07-09,38.0,Chief Design Engineer,Financial Services,Affluent Customer,N,84 Main Lane,VIC,Australia,3149,5.0,6011.69
2306,Hilary,Tregunna,Female,98,1960-04-19,63.0,Paralegal,Financial Services,High Net Worth,N,9 Lake View Avenue,VIC,Australia,3178,4.0,4913.13
2307,Corina,Shadwick,Female,57,1978-06-28,45.0,Desktop Support Technician,Retail,High Net Worth,N,015 Fulton Pass,QLD,Australia,4568,11.0,8427.49
2308,Nancey,Hastie,Female,52,1963-03-19,60.0,Paralegal,Financial Services,Mass Customer,N,00 Marcy Crossing,VIC,Australia,3115,9.0,12228.55
2309,Herc,McIlhone,Male,40,1985-01-13,38.0,Accounting Assistant I,Manufacturing,Affluent Customer,N,0991 Commercial Road,QLD,Australia,4300,12.0,16624.62
2310,Jed,Humpherston,Male,12,1970-02-10,53.0,Executive Secretary,n/a,High Net Worth,N,24198 Almo Crossing,NSW,Australia,2021,7.0,6300.86
2311,Addi,,Female,49,1989-02-15,34.0,Design Engineer,Health,Mass Customer,N,01268 Stuart Hill,NSW,Australia,2145,5.0,6375.87
2312,Ronnica,Grebner,Female,72,1979-08-10,43.0,Assistant Manager,Manufacturing,Mass Customer,N,25139 Rockefeller Center,QLD,Australia,4350,5.0,7640.86
2313,Christa,Pauley,Female,54,1966-07-10,56.0,Chemical Engineer,Manufacturing,Mass Customer,N,159 Graceland Terrace,QLD,Australia,4343,6.0,5231.17
2314,Ravid,Lapenna,Male,59,1993-12-22,29.0,Registered Nurse,Health,High Net Worth,N,0522 Nelson Crossing,QLD,Australia,4304,3.0,2706.62
2315,Pernell,MacCheyne,Male,25,1994-03-01,29.0,Community Outreach Specialist,Financial Services,Affluent Customer,N,90609 Charing Cross Lane,NSW,Australia,2250,5.0,3091.25
2316,Vernen,Bourgaize,Male,79,1978-03-21,45.0,Computer Systems Analyst IV,Financial Services,Affluent Customer,N,360 Troy Parkway,VIC,Australia,3223,4.0,4531.30
2317,Alwin,Cuberley,Male,97,1976-12-07,46.0,Tax Accountant,Health,Mass Customer,N,08475 Shoshone Park,VIC,Australia,3116,5.0,7249.89
2318,Willa,Malyan,Female,30,1988-03-01,35.0,Automation Specialist I,Manufacturing,Mass Customer,N,44778 Bellgrove Crossing,VIC,Australia,3205,7.0,8129.61
2319,David,Darrigrand,Male,63,1985-05-03,38.0,Librarian,Entertainment,High Net Worth,N,69444 Mccormick Junction,NSW,Australia,2539,4.0,5143.97
2320,Kaylyn,Throssell,Female,14,1965-12-21,57.0,Senior Developer,Manufacturing,Affluent Customer,N,64 Macpherson Junction,NSW,Australia,2208,3.0,3530.64
2321,Libbi,Freeberne,Female,27,1980-03-25,43.0,Nuclear Power Engineer,Manufacturing,Mass Customer,N,386 Jay Junction,QLD,Australia,4218,3.0,5987.52
2322,Hazlett,Rosenschein,Male,72,1992-05-24,31.0,Biostatistician III,Health,Mass Customer,N,496 Summit Road,NSW,Australia,2120,4.0,4035.51
2323,Adair,Piser,Male,2,1988-04-30,35.0,Desktop Support Technician,Property,High Net Worth,N,54970 Veith Hill,QLD,Australia,4125,3.0,3649.51
2324,Jerrold,Robben,Male,44,1966-08-05,56.0,Sales Associate,Manufacturing,Mass Customer,N,33477 Trailsway Park,QLD,Australia,4818,5.0,5411.63
2325,Emmett,Whatsize,Male,50,1964-01-06,59.0,Database Administrator IV,Retail,High Net Worth,N,92 Schlimgen Hill,VIC,Australia,3023,6.0,6168.00
2326,Trev,Boothebie,Male,64,1966-06-22,57.0,Programmer Analyst I,Retail,High Net Worth,N,3 Talisman Court,VIC,Australia,3204,1.0,235.63
2327,Alie,Sowle,Female,19,1963-04-05,60.0,Budget/Accounting Analyst II,n/a,Affluent Customer,N,69893 Loomis Junction,NSW,Australia,2229,3.0,4153.11
2328,Gayler,Shackle,Male,63,1986-06-03,37.0,Dental Hygienist,Health,Mass Customer,N,6505 Fieldstone Alley,QLD,Australia,4037,1.0,441.49
2329,Donny,Stiven,Female,7,1957-12-19,65.0,Computer Systems Analyst II,IT,Affluent Customer,N,5 1st Park,NSW,Australia,2285,5.0,4252.36
2330,Claresta,Bonnor,Female,5,1990-01-17,33.0,Account Coordinator,Property,Mass Customer,N,83 American Ash Drive,NSW,Australia,2261,3.0,2744.51
2331,Marybelle,Antal,Female,48,1963-04-11,60.0,Database Administrator III,Financial Services,Mass Customer,N,94 Twin Pines Trail,NSW,Australia,2567,7.0,5914.67
2332,Jeff,Goodere,Male,99,1977-04-20,46.0,Developer III,Property,High Net Worth,N,034 Eagan Avenue,NSW,Australia,2560,4.0,1966.04
2333,Ives,Adolfson,Male,82,1966-04-19,57.0,Structural Analysis Engineer,Financial Services,Mass Customer,N,3 Mariners Cove Terrace,VIC,Australia,3108,4.0,5216.82
2334,Zebulen,Hefford,Male,30,1996-03-16,27.0,Food Chemist,Health,Affluent Customer,N,2 Raven Way,VIC,Australia,3106,3.0,3616.74
2335,Payton,Sheach,U,42,,,Account Executive,IT,Mass Customer,N,4527 Butterfield Circle,NSW,Australia,2076,7.0,8245.87
2336,Karney,Labrone,Male,59,1978-01-19,45.0,Dental Hygienist,Health,Affluent Customer,N,366 Hovde Park,NSW,Australia,2566,9.0,11972.26
2337,Odilia,Bick,Female,47,2000-01-11,23.0,Programmer Analyst II,Health,Mass Customer,N,2 Straubel Lane,NSW,Australia,2477,3.0,2169.36
2338,Clarie,Hackworth,Female,13,1986-11-28,36.0,Programmer Analyst IV,Manufacturing,Mass Customer,N,0 Butterfield Junction,NSW,Australia,2340,7.0,8008.70
2339,Damien,Haddeston,Male,3,1958-12-28,64.0,Web Designer II,Property,Affluent Customer,N,7174 Thackeray Point,NSW,Australia,2153,9.0,11019.03
2340,Joachim,Amer,Male,33,1978-03-29,45.0,Research Assistant IV,Health,Mass Customer,N,29 Portage Street,QLD,Australia,4070,9.0,10485.51
2341,Caterina,Scedall,U,41,,,Web Designer II,IT,Mass Customer,N,35 Lakewood Gardens Junction,VIC,Australia,3806,8.0,10875.63
2342,Clara,Jakel,Female,87,1999-09-17,23.0,NA,n/a,Mass Customer,N,5 Stoughton Parkway,NSW,Australia,2099,4.0,4633.39
2343,Wilhelm,Corteis,Male,6,1959-03-24,64.0,Nurse Practicioner,Agriculture,High Net Worth,N,533 Ramsey Center,QLD,Australia,4507,3.0,3157.33
2344,Wat,Robelin,Male,93,1993-03-04,30.0,Nurse,Financial Services,Mass Customer,N,694 Northwestern Court,NSW,Australia,2155,6.0,6947.30
2345,Arden,Godard,Female,50,1986-07-15,36.0,Systems Administrator I,Retail,Affluent Customer,N,4 Huxley Alley,QLD,Australia,4070,5.0,7439.41
2346,Joey,Scheffler,Male,89,1979-09-16,43.0,Information Systems Manager,n/a,Mass Customer,N,03961 Sullivan Park,NSW,Australia,2114,5.0,7002.70
2347,L;urette,Annott,Female,79,1957-03-04,66.0,Programmer Analyst I,n/a,High Net Worth,N,1081 Laurel Park,NSW,Australia,2049,9.0,9228.41
2348,Keeley,Winslet,Female,2,1957-11-07,65.0,Web Designer IV,Manufacturing,Mass Customer,N,24 Corben Terrace,NSW,Australia,2164,4.0,3535.69
2349,Julee,Garwell,Female,23,1979-03-05,44.0,Executive Secretary,Telecommunications,High Net Worth,N,99 Eastlawn Way,NSW,Australia,2360,5.0,3995.07
2350,Lorinda,Malpass,Female,32,1959-03-17,64.0,Nurse Practicioner,n/a,Mass Customer,N,6 Anniversary Place,NSW,Australia,2213,6.0,6335.83
2351,Felicity,Beirne,Female,35,1992-03-15,31.0,Assistant Professor,Retail,Affluent Customer,N,0866 Pennsylvania Junction,VIC,Australia,3181,8.0,8325.25
2352,Cilka,Dabbes,Female,76,1971-10-22,51.0,Statistician II,n/a,Mass Customer,N,2 Continental Park,VIC,Australia,3194,1.0,1292.84
2353,Lyn,Luquet,Male,93,1978-12-27,44.0,Health Coach IV,Health,Affluent Customer,N,22774 Pennsylvania Hill,NSW,Australia,2262,10.0,11347.84
2354,Tammie,Fisbey,Female,99,1958-12-19,64.0,Product Engineer,Retail,Mass Customer,N,9 Merrick Plaza,VIC,Australia,3138,5.0,5380.18
2355,Shaughn,,Male,87,1993-12-19,29.0,Operator,Manufacturing,Mass Customer,N,52593 Iowa Place,NSW,Australia,2529,5.0,5619.56
2356,Arluene,Manchester,Female,58,1994-12-17,28.0,Geological Engineer,Manufacturing,Affluent Customer,N,3 School Drive,QLD,Australia,4173,4.0,5020.27
2357,Lisette,Mingardi,Female,39,1962-10-15,60.0,Civil Engineer,Manufacturing,Mass Customer,N,9292 Mcguire Plaza,NSW,Australia,2073,4.0,6325.06
2358,Ave,Peatt,Male,26,1959-05-01,64.0,Senior Sales Associate,Retail,High Net Worth,N,6 Graceland Court,QLD,Australia,4301,11.0,8581.43
2359,Merlina,Bream,Female,80,1986-03-25,37.0,Mechanical Systems Engineer,Property,High Net Worth,N,24 Lerdahl Street,QLD,Australia,4825,8.0,6598.33
2360,Karleen,McGenn,Female,0,1974-11-03,48.0,VP Accounting,Financial Services,High Net Worth,N,801 Kings Parkway,NSW,Australia,2227,6.0,6295.83
2361,Jeannette,Cerman,Female,55,1954-11-28,68.0,Help Desk Operator,n/a,High Net Worth,N,89 Pawling Court,QLD,Australia,4020,7.0,4706.39
2362,Herbie,Machans,Male,49,1972-06-05,51.0,Developer II,Financial Services,Affluent Customer,N,89972 Graedel Point,NSW,Australia,2176,3.0,3469.75
2363,Bobby,Farmiloe,Male,92,1983-12-30,39.0,Nurse,Entertainment,Mass Customer,N,17123 Northport Circle,QLD,Australia,4223,6.0,5473.37
2364,Fielding,Linklater,Male,19,1995-09-22,27.0,Speech Pathologist,n/a,Mass Customer,N,20 Bluestem Way,QLD,Australia,4152,5.0,8404.81
2365,Lauretta,Furmonger,Female,2,1998-10-18,24.0,Structural Analysis Engineer,Agriculture,Mass Customer,N,743 Stone Corner Parkway,QLD,Australia,4127,5.0,6484.16
2366,Idette,Mapam,Female,51,1975-06-15,48.0,Web Designer I,Health,Mass Customer,N,33 Prentice Street,NSW,Australia,2300,5.0,6587.23
2367,Lorne,Sabin,Male,40,1957-05-22,66.0,Electrical Engineer,Manufacturing,Mass Customer,N,5 Columbus Crossing,VIC,Australia,3040,7.0,10215.48
2368,Rowe,Losbie,Female,98,1993-01-22,30.0,Chemical Engineer,Manufacturing,Mass Customer,N,29 Basil Point,NSW,Australia,2284,6.0,8144.28
2369,Averyl,Gosz,Female,80,1996-10-28,26.0,Financial Analyst,Financial Services,Mass Customer,N,1 Bay Pass,VIC,Australia,3219,8.0,11680.02
2370,Juliane,Calltone,Female,35,1996-03-19,27.0,Analyst Programmer,Property,High Net Worth,N,89 Oak Hill,NSW,Australia,2508,3.0,2117.66
2371,Rory,Lokier,Female,22,1966-11-18,56.0,Staff Scientist,Manufacturing,High Net Worth,N,03 Clarendon Way,NSW,Australia,2099,5.0,5191.49
2372,Jim,Shoppee,Male,14,1977-09-10,45.0,Clinical Specialist,Health,Affluent Customer,N,0 Gateway Road,VIC,Australia,3149,9.0,8868.63
2373,Cordy,Readshall,Female,51,1982-05-22,41.0,Structural Engineer,Manufacturing,High Net Worth,N,631 Fuller Parkway,VIC,Australia,3023,4.0,3084.68
2374,Dolf,Baudichon,Male,6,1993-06-15,30.0,Design Engineer,Financial Services,Mass Customer,N,43898 Prentice Court,VIC,Australia,3025,7.0,8058.31
2375,Alika,Milbourne,Female,21,1987-03-17,36.0,Sales Representative,Retail,Affluent Customer,N,2 Melody Alley,VIC,Australia,3172,7.0,11262.82
2376,Eada,Narbett,Female,84,1958-10-23,64.0,Community Outreach Specialist,n/a,High Net Worth,N,01 Dunning Drive,NSW,Australia,2064,4.0,3586.08
2377,Kristien,Dunne,Female,29,1998-10-02,24.0,Analog Circuit Design manager,IT,High Net Worth,N,86686 Novick Center,VIC,Australia,3147,5.0,7499.95
2378,Aggi,Farncombe,Female,41,1994-04-25,29.0,Research Assistant II,Manufacturing,Affluent Customer,N,51 Leroy Place,NSW,Australia,2065,5.0,5534.00
2379,Trixie,Piscopiello,Female,85,1981-05-05,42.0,Occupational Therapist,Health,Affluent Customer,N,5390 Park Meadow Park,NSW,Australia,2222,11.0,13508.82
2380,Merissa,Milella,Female,44,1956-04-09,67.0,Technical Writer,Retail,Mass Customer,N,4 Judy Park,NSW,Australia,2016,7.0,7948.44
2381,Dulsea,Pladen,Female,91,1973-02-12,50.0,Programmer I,Agriculture,Affluent Customer,N,9 American Ash Plaza,NSW,Australia,2015,7.0,8340.45
2382,Turner,Huggens,Male,79,1971-07-05,51.0,Accounting Assistant III,Retail,Mass Customer,N,3 Riverside Drive,QLD,Australia,4034,7.0,4414.01
2383,Zaria,Eberz,Female,34,1978-09-15,44.0,Compensation Analyst,Financial Services,Mass Customer,N,25925 Service Crossing,NSW,Australia,2147,9.0,14057.06
2384,Garey,Letrange,Male,96,1961-07-16,61.0,Operator,Health,High Net Worth,N,080 Pond Alley,NSW,Australia,2065,6.0,5380.91
2385,Gaultiero,Lissenden,Male,70,1958-12-17,64.0,Dental Hygienist,Health,Mass Customer,N,1816 Monument Park,VIC,Australia,3074,8.0,8415.88
2386,Adrianne,Lowerson,Female,93,1997-07-06,25.0,Compensation Analyst,Financial Services,Mass Customer,N,1 Nova Avenue,NSW,Australia,2200,7.0,8645.22
2387,Roy,Jone,Male,33,1977-08-30,45.0,Nurse,n/a,High Net Worth,N,98 Mesta Street,NSW,Australia,2038,2.0,1088.10
2388,Quincy,Weben,Male,84,1997-05-28,26.0,Cost Accountant,Financial Services,Mass Customer,N,7256 Forster Crossing,NSW,Australia,2533,7.0,10366.71
2389,Sibyl,Gudge,Male,18,1973-12-28,49.0,Desktop Support Technician,Retail,High Net Worth,N,249 Burning Wood Point,NSW,Australia,2758,3.0,2620.46
2390,Tonya,Nealand,Female,48,1964-05-06,59.0,Legal Assistant,Property,Mass Customer,N,12651 Lake View Point,QLD,Australia,4209,7.0,10509.61
2391,Corny,Millott,Female,72,1961-04-22,62.0,Nurse Practicioner,Health,Mass Customer,N,9501 Melby Avenue,QLD,Australia,4178,10.0,11208.75
2392,Isadora,Gronaller,Female,48,2001-01-11,22.0,Marketing Assistant,Manufacturing,Affluent Customer,N,69810 Westridge Avenue,NSW,Australia,2573,5.0,5215.18
2393,Dorian,Colledge,Female,68,1981-06-21,42.0,Registered Nurse,Health,High Net Worth,N,422 Crownhardt Court,QLD,Australia,4179,2.0,713.47
2394,Ferne,Reese,Female,31,1995-11-12,27.0,GIS Technical Architect,n/a,Mass Customer,N,4 Londonderry Junction,QLD,Australia,4159,1.0,980.37
2395,Ashlin,Kesby,Male,23,1966-02-26,57.0,Executive Secretary,n/a,High Net Worth,N,7346 Luster Circle,QLD,Australia,4131,1.0,544.05
2396,Elmira,Wildblood,Female,40,1973-08-02,49.0,Recruiter,Retail,Affluent Customer,N,43 Commercial Road,QLD,Australia,4128,5.0,5478.09
2397,Cassius,Birchenough,Male,33,1985-06-10,38.0,Analyst Programmer,Retail,Affluent Customer,N,44083 Village Court,NSW,Australia,2142,9.0,10991.19
2398,Mirelle,,Female,6,2000-10-11,22.0,Administrative Assistant IV,Financial Services,High Net Worth,N,57 Tennessee Alley,QLD,Australia,4034,3.0,1753.93
2399,Devonne,McPolin,Female,20,1980-06-11,43.0,Software Consultant,Manufacturing,High Net Worth,N,57 Debra Terrace,NSW,Australia,2259,6.0,4546.87
2400,Lindsay,Stollsteiner,Male,73,1978-02-28,45.0,Office Assistant III,Property,Mass Customer,N,846 Carberry Street,QLD,Australia,4218,8.0,10945.64
2401,Drake,Riguard,Male,7,1977-07-31,45.0,Staff Scientist,n/a,Mass Customer,N,4 Center Park,VIC,Australia,3807,8.0,11414.68
2402,Merrielle,Strafen,Female,99,1957-06-07,66.0,Cost Accountant,Financial Services,Mass Customer,N,1 Coolidge Plaza,NSW,Australia,2150,3.0,4490.75
2403,Karalee,Tremlett,Female,41,1977-10-25,45.0,Technical Writer,Financial Services,Affluent Customer,N,544 Northland Place,NSW,Australia,2190,5.0,4187.09
2404,Conney,Grouse,Male,13,1960-03-14,63.0,Graphic Designer,Retail,Mass Customer,N,91 Norway Maple Hill,NSW,Australia,2065,6.0,8151.25
2405,Quintana,Merricks,Female,16,1957-07-28,65.0,Structural Analysis Engineer,n/a,Mass Customer,N,5 Myrtle Trail,NSW,Australia,2285,6.0,3864.14
2406,Randal,Messager,Male,34,1973-06-11,50.0,Executive Secretary,n/a,Affluent Customer,N,645 Thackeray Street,QLD,Australia,4879,4.0,4579.89
2407,Merrily,,Female,24,1959-03-30,64.0,NA,Financial Services,High Net Worth,N,1439 Utah Court,NSW,Australia,2176,6.0,3126.42
2408,Celestia,,Female,38,1955-10-10,67.0,VP Marketing,Health,Mass Customer,N,9 Hollow Ridge Circle,NSW,Australia,2500,3.0,4441.81
2409,Carolan,Ortler,Female,23,1989-07-13,33.0,NA,Health,Mass Customer,N,4177 Bluejay Street,NSW,Australia,2560,7.0,7682.86
2410,Eugenia,Verey,Female,75,1974-08-24,48.0,Geological Engineer,Manufacturing,Mass Customer,N,75351 Ridgeview Lane,VIC,Australia,3181,7.0,7316.07
2411,Casey,McDade,Male,0,1964-05-27,59.0,Technical Writer,Financial Services,High Net Worth,N,4006 Algoma Crossing,NSW,Australia,2041,4.0,4543.43
2412,Tiffi,Havercroft,Female,77,1981-05-26,42.0,Chemical Engineer,Manufacturing,Affluent Customer,N,881 Debs Center,QLD,Australia,4051,6.0,7619.37
2413,Abbey,Murrow,Male,27,1943-08-11,79.0,Environmental Specialist,Manufacturing,High Net Worth,N,423 Debra Terrace,VIC,Australia,3082,7.0,6454.62
2414,Basile,Bowlas,U,18,,,Registered Nurse,Health,Mass Customer,N,1369 Wayridge Terrace,VIC,Australia,3802,4.0,5682.46
2415,Tanner,Harp,Male,56,1978-11-05,44.0,Web Designer II,Manufacturing,Mass Customer,N,6142 Grayhawk Lane,NSW,Australia,2298,5.0,4765.54
2416,Eberhard,Shalcras,Male,19,1959-12-29,63.0,Office Assistant I,Health,Affluent Customer,N,5 Steensland Hill,NSW,Australia,2768,2.0,2220.23
2417,Cacilia,Swetland,Female,27,1974-06-24,49.0,Nurse,n/a,Affluent Customer,N,37983 Logan Street,NSW,Australia,2154,1.0,1129.13
2418,Elspeth,Brazil,Female,82,1970-04-05,53.0,Software Engineer III,Property,Mass Customer,N,31168 Messerschmidt Street,VIC,Australia,3024,7.0,9524.36
2419,Aron,Karlsen,Male,96,1978-07-04,44.0,Physical Therapy Assistant,Property,High Net Worth,N,240 Lake View Road,QLD,Australia,4118,8.0,7615.92
2420,Celie,Guyers,Female,10,1976-08-26,46.0,Staff Scientist,Financial Services,High Net Worth,N,290 Jay Drive,QLD,Australia,4210,3.0,2503.11
2421,Marilee,Garbott,Female,54,1954-08-16,68.0,Research Nurse,Health,Affluent Customer,N,1369 Morrow Plaza,VIC,Australia,3046,6.0,3378.34
2422,Crysta,Woliter,Female,96,1978-11-30,44.0,Librarian,Entertainment,High Net Worth,N,61976 Emmet Junction,NSW,Australia,2178,5.0,3254.60
2423,Lenci,Symcox,Male,49,1981-02-20,42.0,Professor,IT,Mass Customer,N,7585 Rutledge Trail,VIC,Australia,3161,1.0,202.62
2424,Loren,Batkin,Male,17,1982-01-06,41.0,NA,n/a,Affluent Customer,N,9 Northwestern Pass,QLD,Australia,4879,7.0,7703.30
2425,Barn,Sainsberry,Male,32,1976-03-19,47.0,Help Desk Technician,n/a,Mass Customer,N,16 Dwight Court,NSW,Australia,2154,9.0,9269.15
2426,Yancy,Ovett,U,64,,,,IT,Affluent Customer,N,4 Becker Center,NSW,Australia,2145,5.0,8399.89
2427,Myrta,Whibley,Female,20,1998-10-15,24.0,Senior Developer,n/a,High Net Worth,N,96 Hintze Point,NSW,Australia,2147,6.0,5564.83
2428,Pauly,Keightley,Male,74,1968-07-26,54.0,Help Desk Operator,n/a,Mass Customer,N,34222 Vera Circle,VIC,Australia,3240,9.0,10689.22
2429,Emeline,Baldi,Female,54,1980-11-11,42.0,Assistant Professor,Manufacturing,Mass Customer,N,338 Little Fleur Avenue,NSW,Australia,2170,3.0,3811.29
2430,Humbert,Dikles,Male,38,1968-09-06,54.0,Quality Engineer,n/a,Mass Customer,N,57769 Gulseth Lane,NSW,Australia,2040,4.0,3385.21
2431,Alvy,Tyndall,Male,15,1999-12-24,23.0,Senior Cost Accountant,Financial Services,Mass Customer,N,309 Shopko Center,QLD,Australia,4211,2.0,1903.26
2432,Ebba,Melhuish,Female,67,1981-02-21,42.0,Nuclear Power Engineer,Manufacturing,Affluent Customer,N,37 Roth Place,NSW,Australia,2144,7.0,4952.52
2433,Burty,Strutz,Male,38,1976-07-19,46.0,Nurse Practicioner,n/a,High Net Worth,N,618 Kropf Drive,NSW,Australia,2261,10.0,7865.35
2434,Lenci,Soars,Male,40,1956-11-17,66.0,Environmental Specialist,n/a,Affluent Customer,N,1966 Glendale Avenue,QLD,Australia,4207,9.0,11089.32
2435,Orly,Ceney,Female,69,1961-08-12,61.0,Account Coordinator,Manufacturing,Mass Customer,N,401 Pond Circle,QLD,Australia,4019,5.0,7303.94
2436,Jaymie,Wellesley,Male,37,1986-03-21,37.0,Help Desk Technician,IT,Mass Customer,N,582 Kropf Avenue,NSW,Australia,2032,4.0,3919.84
2437,Simonette,Cressingham,Female,90,1977-05-01,46.0,Marketing Manager,Financial Services,Mass Customer,N,2 Columbus Park,VIC,Australia,3075,2.0,1436.80
2438,Lorianne,Ethersey,Female,76,1983-01-29,40.0,Speech Pathologist,Manufacturing,Mass Customer,N,99739 Coolidge Crossing,NSW,Australia,2760,7.0,7072.40
2439,Shelly,Yakebovitch,Female,44,1967-10-02,55.0,NA,Manufacturing,Affluent Customer,N,75 Westerfield Park,QLD,Australia,4570,6.0,6355.74
2440,Lethia,Juanes,Female,17,1959-09-21,63.0,Engineer II,Manufacturing,Affluent Customer,N,62842 Pearson Point,NSW,Australia,2508,4.0,5566.95
2441,Loutitia,Pinkie,Female,52,1959-03-29,64.0,NA,Property,High Net Worth,N,78426 Fulton Plaza,QLD,Australia,4223,2.0,1208.25
2442,Odie,Enrrico,Male,8,1957-10-13,65.0,Social Worker,Health,Affluent Customer,N,336 Service Pass,NSW,Australia,2073,6.0,6161.40
2443,Towny,Python,Male,30,1990-02-13,33.0,Computer Systems Analyst I,Property,High Net Worth,N,4 Northridge Center,NSW,Australia,2076,6.0,5132.54
2444,Emmet,Cristoforo,Male,22,1977-05-13,46.0,Associate Professor,Manufacturing,High Net Worth,N,8 Superior Court,VIC,Australia,3174,4.0,3887.20
2445,Johnnie,Prujean,Male,46,1976-03-11,47.0,Quality Control Specialist,Retail,Affluent Customer,N,8147 Dapin Hill,NSW,Australia,2280,5.0,5635.56
2446,Lovell,Kiss,Male,33,1956-09-07,66.0,NA,Retail,Affluent Customer,N,047 Kedzie Park,NSW,Australia,2206,7.0,9602.64
2447,Richard,Poor,Male,55,1997-01-06,26.0,Tax Accountant,n/a,Affluent Customer,N,9346 Sunfield Plaza,NSW,Australia,2671,7.0,8063.74
2448,Lorri,Iston,Female,5,1992-12-18,30.0,Structural Analysis Engineer,Property,High Net Worth,N,11 Dunning Pass,NSW,Australia,2219,6.0,3316.94
2449,Oates,Broadberrie,Male,54,1982-06-01,41.0,Tax Accountant,n/a,Affluent Customer,N,67 Crowley Drive,VIC,Australia,3216,6.0,8662.47
2450,Jayson,Breheny,Male,64,1974-06-21,49.0,Structural Engineer,Retail,Affluent Customer,N,76 Schiller Pass,QLD,Australia,4455,2.0,3861.74
2451,Upton,Orford,Male,33,1973-03-09,50.0,Editor,Agriculture,Affluent Customer,N,71761 Almo Street,QLD,Australia,4178,3.0,3247.85
2452,Sophronia,Yerrill,Female,93,1975-07-24,47.0,Chemical Engineer,Manufacturing,Mass Customer,N,4898 Buell Terrace,VIC,Australia,3043,4.0,5207.75
2453,Ruthe,Campe,Female,22,1992-08-05,30.0,Safety Technician II,Telecommunications,High Net Worth,N,6 Morningstar Way,NSW,Australia,2165,6.0,4364.15
2454,Gene,Brome,Female,81,1960-02-13,63.0,Senior Sales Associate,Property,Mass Customer,N,15 Shelley Hill,NSW,Australia,2164,11.0,12021.27
2455,Kathe,Heatlie,Female,64,1977-10-09,45.0,NA,Manufacturing,Mass Customer,N,1556 Sheridan Hill,QLD,Australia,4165,8.0,9329.73
2456,Reidar,Pullin,Male,9,1991-05-29,32.0,Sales Associate,n/a,Mass Customer,N,6568 Northridge Pass,VIC,Australia,3029,6.0,6204.53
2457,Benito,Vearnals,Male,70,1975-04-12,48.0,Developer IV,IT,High Net Worth,N,4694 Carioca Court,QLD,Australia,4060,6.0,6770.19
2458,Leilah,Liddel,Female,73,1964-04-20,59.0,Media Manager II,Manufacturing,High Net Worth,N,6 Ryan Drive,NSW,Australia,2165,7.0,10312.56
2459,Jeanna,Naulls,Female,67,1986-01-10,37.0,Quality Engineer,Manufacturing,High Net Worth,N,975 Annamark Hill,QLD,Australia,4034,11.0,10192.17
2460,Mick,Boutellier,Male,88,1976-05-17,47.0,Nurse Practicioner,Manufacturing,High Net Worth,N,40 Ilene Drive,VIC,Australia,3690,4.0,3451.02
2461,Tully,,Male,89,1976-06-12,47.0,Speech Pathologist,n/a,Affluent Customer,N,60 Sycamore Lane,NSW,Australia,2148,6.0,5177.50
2462,Fletcher,Hutchens,Male,17,1980-07-05,42.0,Assistant Media Planner,Entertainment,Affluent Customer,N,8439 Katie Crossing,VIC,Australia,3028,6.0,6321.94
2463,Krystle,Jovicevic,Female,54,1978-01-30,45.0,Pharmacist,Health,Mass Customer,N,22 Hayes Center,VIC,Australia,3156,8.0,10942.47
2464,Cleve,Jindrak,Male,78,1983-04-06,40.0,Speech Pathologist,Retail,Mass Customer,N,3126 Butterfield Pass,NSW,Australia,2573,13.0,15429.89
2465,Paloma,Nilles,Female,31,1984-06-12,39.0,Senior Editor,n/a,Mass Customer,N,0 Moulton Plaza,NSW,Australia,2761,10.0,10673.51
2466,Araldo,Klamp,Male,62,1980-10-04,42.0,Software Test Engineer IV,Entertainment,High Net Worth,N,188 Carberry Point,QLD,Australia,4650,5.0,3842.33
2467,Ynez,Fawloe,Female,71,1975-07-15,47.0,Engineer III,Manufacturing,Affluent Customer,N,083 Farragut Avenue,NSW,Australia,2540,5.0,2590.13
2468,Parker,Barenskie,Male,51,1995-12-12,27.0,Marketing Assistant,Retail,High Net Worth,N,62052 Loomis Avenue,QLD,Australia,4014,10.0,8966.14
2469,Kermie,Hedger,U,18,,,Accounting Assistant II,IT,Mass Customer,N,49 Talmadge Trail,NSW,Australia,2036,7.0,10397.56
2470,Roy,Dunaway,Male,70,1957-07-04,65.0,NA,Agriculture,Mass Customer,N,6247 Crest Line Terrace,NSW,Australia,2250,4.0,3356.10
2471,Noland,Bresland,Male,55,1978-12-20,44.0,Geological Engineer,Manufacturing,Mass Customer,N,77 Armistice Alley,NSW,Australia,2208,5.0,5699.45
2472,Mathias,Element,Male,99,1989-06-02,34.0,Product Engineer,Health,High Net Worth,N,572 Meadow Ridge Drive,VIC,Australia,3160,6.0,5610.84
2473,Davon,,Male,50,1970-05-10,53.0,Administrative Assistant I,Entertainment,Mass Customer,N,7 Mcguire Terrace,VIC,Australia,3754,5.0,4256.68
2474,Chrysa,Burrett,Female,59,1980-06-08,43.0,Executive Secretary,Agriculture,High Net Worth,N,70 Erie Street,QLD,Australia,4814,8.0,6456.83
2475,Cammi,Ambrogioni,Female,68,1977-05-02,46.0,Quality Control Specialist,n/a,Mass Customer,N,3 Talisman Place,QLD,Australia,4017,7.0,10009.91
2476,Hal,Braddon,Male,13,1956-09-25,66.0,Administrative Officer,Property,High Net Worth,N,567 Scott Park,QLD,Australia,4118,14.0,11905.97
2477,Barney,Tilling,Male,25,1977-03-23,46.0,Electrical Engineer,Manufacturing,Affluent Customer,N,9248 Sugar Terrace,NSW,Australia,2530,1.0,2005.66
2478,Andreas,Lamke,Male,85,1966-07-07,56.0,Senior Cost Accountant,Financial Services,Affluent Customer,N,13 Tennyson Point,QLD,Australia,4370,7.0,6690.27
2479,Helge,Voller,Female,81,1996-11-06,26.0,Community Outreach Specialist,Retail,Mass Customer,N,88540 Scoville Plaza,VIC,Australia,3195,7.0,5116.42
2480,Adey,Shevlin,Female,3,1971-12-26,51.0,Nuclear Power Engineer,Manufacturing,High Net Worth,N,22779 Graedel Road,QLD,Australia,4655,5.0,4880.13
2481,Amber,Ruslin,Female,71,1979-01-20,44.0,Chief Design Engineer,Manufacturing,Mass Customer,N,51800 Meadow Vale Point,VIC,Australia,3023,7.0,5825.40
2482,Regan,Siemens,Male,95,1953-12-10,69.0,Pharmacist,Health,Mass Customer,N,1 Trailsway Lane,NSW,Australia,2145,3.0,3110.69
2483,Greta,Cotterrill,Female,54,1987-06-06,36.0,NA,Manufacturing,Mass Customer,N,65662 Haas Trail,NSW,Australia,2560,5.0,3026.94
2484,Elise,Slimm,Female,77,1979-10-03,43.0,Senior Quality Engineer,Property,Mass Customer,N,0 Union Plaza,NSW,Australia,2444,6.0,6391.38
2485,Ringo,Parkyn,Male,93,1955-07-27,67.0,Help Desk Technician,n/a,Mass Customer,N,1 Forster Junction,NSW,Australia,2880,6.0,5955.21
2486,Alaine,Halbord,Female,77,1954-03-09,69.0,Structural Engineer,Manufacturing,Mass Customer,N,24877 3rd Circle,NSW,Australia,2063,2.0,3246.42
2487,Elton,Piggford,Male,92,1978-01-13,45.0,Operator,IT,Affluent Customer,N,34797 Londonderry Trail,VIC,Australia,3806,4.0,3371.78
2488,Idalia,Braunton,Female,32,1988-11-17,34.0,Senior Financial Analyst,Financial Services,Mass Customer,N,24649 Kennedy Street,NSW,Australia,2114,6.0,6900.39
2489,Emma,Mates,Female,42,1976-06-12,47.0,Speech Pathologist,Retail,Mass Customer,N,9 Spaight Place,NSW,Australia,2102,8.0,11411.16
2490,Clint,Krause,Male,28,1987-10-01,35.0,NA,Health,Mass Customer,N,711 Hayes Court,NSW,Australia,2120,5.0,8734.81
2491,Tabbie,Turone,Male,74,1977-05-08,46.0,Clinical Specialist,Health,Mass Customer,N,30624 John Wall Point,VIC,Australia,3101,6.0,4188.55
2492,Gayelord,Lipman,Male,35,1974-02-01,49.0,Design Engineer,Manufacturing,High Net Worth,N,46 Victoria Center,NSW,Australia,2770,10.0,9560.95
2493,Rey,Collum,Male,56,1981-08-19,41.0,Assistant Media Planner,Entertainment,Mass Customer,N,99 Blackbird Court,NSW,Australia,2203,3.0,3796.09
2494,Donella,Emm,Female,98,1974-08-08,48.0,Senior Sales Associate,Manufacturing,High Net Worth,N,00 Rutledge Alley,NSW,Australia,2166,7.0,4285.35
2495,Gwenore,Suero,Female,89,1953-11-12,69.0,Assistant Professor,IT,Affluent Customer,N,719 Vahlen Way,NSW,Australia,2560,8.0,6070.48
2496,Lew,Wittleton,Male,29,1980-08-26,42.0,Web Developer II,Manufacturing,Mass Customer,N,02 Declaration Lane,QLD,Australia,4551,5.0,2637.48
2497,Gustav,Aaronsohn,Male,33,1969-04-05,54.0,Administrative Assistant IV,Property,Affluent Customer,N,9366 Judy Alley,QLD,Australia,4171,4.0,4838.81
2498,Rosana,Emmatt,Female,70,1978-02-02,45.0,Software Test Engineer III,Retail,High Net Worth,N,07623 Mandrake Trail,NSW,Australia,2093,8.0,7833.86
2499,Doll,Tschirschky,Female,77,1973-08-30,49.0,Account Representative I,Retail,Mass Customer,N,050 Buell Lane,QLD,Australia,4055,3.0,3848.07
2500,Micky,Livings,Female,35,1957-12-18,65.0,Senior Developer,Property,High Net Worth,N,556 Gale Road,QLD,Australia,4165,3.0,2134.95
2501,Ora,Meaddowcroft,Female,80,1971-07-12,51.0,Actuary,Financial Services,Mass Customer,N,24 Helena Alley,NSW,Australia,2566,7.0,9255.05
2502,Concordia,Mussington,Female,6,1964-08-23,58.0,Structural Engineer,Manufacturing,Mass Customer,N,77410 Bluejay Street,VIC,Australia,3046,5.0,4196.26
2503,Devlin,Laneham,Male,80,1967-07-16,55.0,Budget/Accounting Analyst I,Health,Affluent Customer,N,62 Doe Crossing Junction,NSW,Australia,2760,4.0,5787.38
2504,Aloysius,Huffer,Male,52,2000-04-29,23.0,NA,Property,Mass Customer,N,7 Lake View Street,QLD,Australia,4060,5.0,5458.18
2505,Myrah,McCarry,Female,45,1980-08-25,42.0,VP Marketing,Financial Services,High Net Worth,N,30 Redwing Pass,NSW,Australia,2112,9.0,8933.15
2506,Arlana,Ferrick,Female,97,1955-01-20,68.0,NA,Health,Affluent Customer,N,99488 Mccormick Terrace,NSW,Australia,2207,4.0,6108.35
2507,Alysa,Galilee,Female,77,1986-06-25,37.0,Biostatistician III,Health,Affluent Customer,N,60 Banding Terrace,NSW,Australia,2880,4.0,5918.94
2508,Virgil,Borkett,Male,98,1996-11-04,26.0,Information Systems Manager,n/a,Mass Customer,N,6220 Sugar Court,NSW,Australia,2300,10.0,13692.77
2509,Danya,Beadles,Male,99,1971-07-07,51.0,Help Desk Technician,Financial Services,Mass Customer,N,53 Anthes Point,QLD,Australia,4341,8.0,8704.25
2510,Nealson,Lowdham,Male,43,1973-04-10,50.0,Human Resources Manager,Manufacturing,Mass Customer,N,0 Mosinee Lane,VIC,Australia,3250,6.0,8828.98
2511,Jedidiah,Daulby,Male,20,1991-07-12,31.0,Technical Writer,Financial Services,Mass Customer,N,9 Caliangt Park,NSW,Australia,2087,4.0,5837.27
2512,Franzen,Halliday,Male,3,1968-05-22,55.0,Web Developer I,n/a,High Net Worth,N,0192 Ridgeview Terrace,QLD,Australia,4655,6.0,5463.88
2513,Rustie,Ligoe,Male,55,1978-07-31,44.0,Structural Analysis Engineer,Property,Mass Customer,N,6534 New Castle Plaza,NSW,Australia,2033,7.0,8776.66
2514,Vincenty,Sayer,Male,25,1975-08-11,47.0,Senior Financial Analyst,Financial Services,High Net Worth,N,6 Hoard Plaza,VIC,Australia,3111,3.0,3723.25
2515,Manya,,Female,24,1995-03-07,28.0,NA,Retail,Affluent Customer,N,440 Shasta Crossing,NSW,Australia,2118,3.0,4764.52
2516,Zoe,Kiddye,Female,42,1967-05-27,56.0,Registered Nurse,Health,Mass Customer,N,1127 Artisan Parkway,QLD,Australia,4070,3.0,1978.93
2517,Rozanna,Kegan,Female,1,1978-10-19,44.0,Research Nurse,Health,Mass Customer,N,23478 Ramsey Pass,NSW,Australia,2760,4.0,5606.30
2518,Krystalle,Ives,Female,53,1954-08-22,68.0,Recruiting Manager,n/a,Mass Customer,N,5 Warbler Avenue,VIC,Australia,3071,5.0,7538.47
2519,Ryon,Dalliston,Male,76,1979-10-17,43.0,Senior Developer,Manufacturing,Mass Customer,N,685 International Lane,QLD,Australia,4825,4.0,2487.22
2520,Gabie,Skett,Male,71,1974-05-27,49.0,Accountant III,Retail,Affluent Customer,N,6188 Anniversary Circle,QLD,Australia,4551,5.0,4952.37
2521,Kellia,Martugin,Female,35,1999-08-29,23.0,Chemical Engineer,Manufacturing,High Net Worth,N,3 American Ash Parkway,VIC,Australia,3342,3.0,2715.88
2522,Benton,MacGragh,Male,42,1977-02-03,46.0,NA,n/a,High Net Worth,N,9 Trailsway Court,NSW,Australia,2262,8.0,7544.94
2523,Lauree,Shewery,Female,28,1961-10-29,61.0,VP Marketing,Financial Services,Mass Customer,N,9 Oak Park,QLD,Australia,4205,10.0,10334.52
2524,Rustie,Kingsland,Male,84,1969-05-29,54.0,Help Desk Technician,Retail,Mass Customer,N,82 Lukken Lane,NSW,Australia,2190,6.0,4384.97
2525,Hans,Ison,Male,25,1992-10-03,30.0,Cost Accountant,Financial Services,Mass Customer,N,88551 Hollow Ridge Pass,VIC,Australia,3500,1.0,1977.36
2526,Izaak,Dopson,Male,89,1969-02-01,54.0,Software Test Engineer II,Manufacturing,Mass Customer,N,283 Claremont Hill,NSW,Australia,2138,6.0,6373.21
2527,Arly,Petersen,Female,60,1980-07-19,42.0,Technical Writer,n/a,Affluent Customer,N,633 Menomonie Junction,VIC,Australia,3523,7.0,8751.73
2528,Cassie,Toffaloni,Male,81,1978-09-23,44.0,Senior Editor,Financial Services,Affluent Customer,N,3 Myrtle Terrace,QLD,Australia,4161,7.0,10825.94
2529,Ben,Laidler,Male,81,1954-05-11,69.0,Quality Engineer,Manufacturing,High Net Worth,N,3 Park Meadow Drive,VIC,Australia,3023,7.0,6690.16
2530,Engracia,Foulcher,Female,63,1960-08-03,62.0,Business Systems Development Analyst,Property,Mass Customer,N,2757 Green Ridge Circle,NSW,Australia,2567,7.0,6133.91
2531,Brendan,Verbeke,Male,48,1981-08-20,41.0,Teacher,Property,High Net Worth,N,46 Dawn Way,NSW,Australia,2340,7.0,6685.60
2532,Milli,Hubbert,Female,27,1969-05-01,54.0,NA,Manufacturing,Mass Customer,N,53723 Dunning Street,NSW,Australia,2153,1.0,71.49
2533,Harper,Ioannidis,Male,11,1993-07-26,29.0,Speech Pathologist,Health,Affluent Customer,N,671 Mallory Pass,NSW,Australia,2177,3.0,5080.10
2534,Estelle,Lithgow,Female,70,1965-06-21,58.0,Research Associate,Manufacturing,Affluent Customer,N,025 Knutson Terrace,NSW,Australia,2350,7.0,8525.70
2535,Butch,Broadnicke,Male,53,1981-08-20,41.0,Accountant III,Financial Services,Affluent Customer,N,778 Cambridge Street,QLD,Australia,4209,6.0,6392.67
2536,Aigneis,Brignall,Female,71,1964-06-10,59.0,Associate Professor,Health,Mass Customer,N,601 Dryden Way,NSW,Australia,2264,6.0,9145.10
2537,Peggi,Tolan,Female,8,1989-09-06,33.0,Senior Quality Engineer,n/a,Affluent Customer,N,3144 Ruskin Trail,NSW,Australia,2046,11.0,12786.50
2538,Jacinta,Petrillo,Female,13,1959-01-22,64.0,NA,n/a,High Net Worth,N,94554 Derek Trail,NSW,Australia,2009,9.0,8532.33
2539,Tracie,Ashdown,Male,68,1967-04-22,56.0,Nuclear Power Engineer,Manufacturing,Affluent Customer,N,0166 Stephen Drive,NSW,Australia,2785,5.0,6015.19
2540,Donavon,,U,14,,,Executive Secretary,IT,Mass Customer,N,49 Sheridan Circle,NSW,Australia,2560,7.0,8868.64
2541,Cleveland,Islep,Male,17,2000-03-14,23.0,Software Engineer II,Financial Services,High Net Worth,N,6865 Duke Trail,NSW,Australia,2234,2.0,2350.92
2542,Amanda,Leverington,Female,43,1966-03-11,57.0,Accounting Assistant I,Property,Affluent Customer,N,2 Larry Trail,NSW,Australia,2207,7.0,10741.16
2543,Horacio,Kitchin,Male,41,1999-06-03,24.0,Web Developer III,n/a,Affluent Customer,N,1 Straubel Alley,NSW,Australia,2117,4.0,5543.46
2544,Ellery,Bowra,Male,73,1988-01-31,35.0,VP Marketing,Manufacturing,Mass Customer,N,440 Ronald Regan Pass,NSW,Australia,2261,6.0,7728.94
2545,Grayce,Aumerle,Female,33,1978-04-11,45.0,Tax Accountant,Manufacturing,Mass Customer,N,709 Rieder Terrace,VIC,Australia,3995,3.0,2916.92
2546,Marinna,Hancke,Female,45,1980-04-10,43.0,Assistant Professor,Manufacturing,High Net Worth,N,688 Kropf Circle,VIC,Australia,3351,4.0,1660.94
2547,Aili,Scruby,Female,91,1985-07-08,37.0,Social Worker,Health,Mass Customer,N,5463 Arapahoe Point,QLD,Australia,4503,3.0,3181.04
2548,Kristien,Robberts,Female,11,1971-07-30,51.0,Chief Design Engineer,n/a,Mass Customer,N,12 Fairfield Parkway,VIC,Australia,3029,13.0,15860.98
2549,Mike,Geggus,Male,12,1998-08-07,24.0,Pharmacist,Health,Mass Customer,N,01 Burning Wood Terrace,NSW,Australia,2323,4.0,6211.00
2550,Dionysus,Elmhurst,Male,34,1997-08-12,25.0,Pharmacist,Health,Mass Customer,N,92427 Norway Maple Street,VIC,Australia,3000,5.0,6139.76
2551,Gabrila,Gobbett,Female,0,1987-10-10,35.0,VP Quality Control,n/a,Mass Customer,N,35 Shelley Court,VIC,Australia,3156,4.0,5388.34
2552,Allard,Skipton,Male,1,1973-11-02,49.0,NA,Manufacturing,Affluent Customer,N,25 Coleman Circle,NSW,Australia,2214,6.0,9065.54
2553,Buddy,Morfell,Male,42,1981-10-09,41.0,NA,n/a,High Net Worth,N,463 Atwood Court,QLD,Australia,4160,7.0,4960.03
2554,Fan,Gaythwaite,Female,76,1982-08-21,40.0,Software Engineer III,n/a,High Net Worth,N,8561 Alpine Center,NSW,Australia,2380,5.0,4091.57
2555,Brad,Tenman,Male,43,1976-09-19,46.0,Health Coach IV,Health,Affluent Customer,N,48 Lighthouse Bay Point,NSW,Australia,2430,6.0,8805.13
2556,Chucho,Francey,Male,39,1988-08-11,34.0,NA,Health,Mass Customer,N,0 Dunning Plaza,NSW,Australia,2462,2.0,2585.68
2557,Lian,Zarfai,Female,37,1978-08-19,44.0,NA,n/a,Mass Customer,N,255 Bonner Lane,VIC,Australia,3076,3.0,5222.06
2558,Imojean,Bosquet,Female,84,1974-10-19,48.0,NA,Health,High Net Worth,N,02485 Bellgrove Road,VIC,Australia,3015,4.0,4366.62
2559,Fulvia,Bernini,Female,7,1969-06-21,54.0,Assistant Media Planner,Entertainment,High Net Worth,N,3934 Karstens Circle,NSW,Australia,2650,8.0,5461.67
2560,Sherm,Tythe,Male,7,1980-10-01,42.0,Developer IV,n/a,Mass Customer,N,583 Eagle Crest Road,NSW,Australia,2000,11.0,12240.67
2561,Elga,McWard,Female,44,1963-09-06,59.0,NA,Manufacturing,High Net Worth,N,67 Lerdahl Parkway,QLD,Australia,4670,4.0,5116.82
2562,Boonie,Withams,Male,98,1980-09-26,42.0,Internal Auditor,Retail,Mass Customer,N,0 Truax Trail,VIC,Australia,3677,7.0,9087.62
2563,Perla,Sabatier,Female,49,1990-03-08,33.0,Administrative Assistant IV,n/a,Mass Customer,N,65 Waxwing Drive,NSW,Australia,2121,5.0,5237.78
2564,Bell,Carley,Female,18,1976-04-29,47.0,Engineer III,Health,Mass Customer,N,1 Mendota Drive,NSW,Australia,2107,5.0,2828.34
2565,Joannes,Harbron,Female,62,1969-08-17,53.0,Junior Executive,Health,Affluent Customer,N,4821 Schlimgen Avenue,NSW,Australia,2007,9.0,11516.51
2566,Nani,Brilleman,Female,48,1996-10-29,26.0,Accountant II,Entertainment,Affluent Customer,N,54 Miller Parkway,VIC,Australia,3041,10.0,10046.23
2567,Tobe,Spirit,Male,97,1975-01-13,48.0,Systems Administrator IV,Financial Services,Mass Customer,N,4 Barby Avenue,NSW,Australia,2705,4.0,6288.31
2568,Anna-diana,Slyne,Female,42,1983-02-16,40.0,Staff Scientist,Manufacturing,Mass Customer,N,084 Brickson Park Park,VIC,Australia,3177,4.0,3918.87
2569,Sig,Sellan,Male,62,1985-05-03,38.0,VP Quality Control,Retail,Mass Customer,N,147 Golden Leaf Pass,NSW,Australia,2061,7.0,10099.77
2570,Hirsch,Peele,Male,13,1977-09-10,45.0,Professor,Financial Services,Mass Customer,N,457 Merry Pass,QLD,Australia,4812,8.0,9233.80
2571,Chariot,Keefe,Male,97,1986-11-17,36.0,Internal Auditor,Health,Affluent Customer,N,94 Marquette Way,NSW,Australia,2010,3.0,3652.28
2572,Sheila,McInulty,Female,30,1980-12-30,42.0,Engineer III,Financial Services,Mass Customer,N,711 Summerview Junction,NSW,Australia,2075,8.0,11465.65
2573,Tera,Weedenburg,Female,72,1954-09-23,68.0,Software Engineer I,n/a,Mass Customer,N,22 Debs Point,NSW,Australia,2233,4.0,4591.19
2574,Humfrey,Boyse,Male,73,1979-12-21,43.0,NA,Manufacturing,Mass Customer,N,15952 Mockingbird Court,NSW,Australia,2470,11.0,12165.01
2575,Hagan,Abrahmer,Male,87,1974-06-07,49.0,Business Systems Development Analyst,Financial Services,High Net Worth,N,18 Towne Way,NSW,Australia,2171,5.0,2869.02
2576,Lotty,Szubert,Female,15,1959-05-30,64.0,Associate Professor,Manufacturing,Mass Customer,N,55501 Sugar Street,NSW,Australia,2548,7.0,8784.97
2577,Thor,Rickardsson,Male,78,1976-03-19,47.0,Operator,n/a,Mass Customer,N,80 Cambridge Plaza,NSW,Australia,2159,6.0,5240.64
2578,Felice,McVane,Male,49,1991-02-27,32.0,Tax Accountant,Retail,High Net Worth,N,71725 Goodland Lane,QLD,Australia,4509,4.0,4029.02
2579,Celka,Demsey,Female,35,1970-12-31,52.0,Desktop Support Technician,Manufacturing,Mass Customer,N,7282 Prairie Rose Trail,VIC,Australia,3184,3.0,2642.29
2580,Kalinda,,Female,27,1988-07-04,34.0,Teacher,Financial Services,Mass Customer,N,63785 Anthes Circle,VIC,Australia,3260,8.0,9493.86
2581,Gwenette,Appleton,Female,49,1974-06-10,49.0,NA,Manufacturing,Affluent Customer,N,6 Loomis Trail,NSW,Australia,2099,5.0,5903.89
2582,Harv,Pavey,Male,98,1977-08-10,45.0,Director of Sales,Health,Mass Customer,N,6551 Atwood Road,QLD,Australia,4216,5.0,5583.18
2583,Appolonia,Oxe,Female,34,1963-09-12,59.0,Human Resources Assistant I,Property,Mass Customer,N,258 Bunker Hill Hill,NSW,Australia,2138,4.0,4525.37
2584,Sharia,,Female,86,1980-07-07,42.0,Technical Writer,Financial Services,High Net Worth,N,592 Oak Valley Center,NSW,Australia,2534,5.0,4195.80
2585,Sly,Passo,Male,15,1994-06-22,29.0,Geologist III,n/a,Affluent Customer,N,83441 Donald Pass,QLD,Australia,4565,7.0,7631.89
2586,Heywood,Sollett,Male,10,1979-09-12,43.0,Tax Accountant,Financial Services,Mass Customer,N,9106 Thompson Hill,NSW,Australia,2032,3.0,3835.87
2587,Maren,Dachs,Female,76,1979-03-30,44.0,Data Coordiator,n/a,Affluent Customer,N,0671 Vera Drive,QLD,Australia,4812,9.0,10720.04
2588,Kimball,Martinho,Male,37,2001-01-02,22.0,Professor,n/a,High Net Worth,N,50 Londonderry Park,NSW,Australia,2034,3.0,4079.57
2589,Alvera,Kiddle,Female,42,1965-08-02,57.0,NA,n/a,High Net Worth,N,1817 Bluejay Avenue,QLD,Australia,4218,5.0,4463.69
2590,Roslyn,Tewkesbury.,Female,48,1964-09-22,58.0,General Manager,Financial Services,Affluent Customer,N,27 Grayhawk Alley,NSW,Australia,2102,6.0,8720.42
2591,Estevan,Rylett,Male,50,1974-02-04,49.0,NA,Retail,High Net Worth,N,5342 Hallows Lane,NSW,Australia,2021,6.0,6351.52
2592,Archibaldo,Argrave,Male,84,1995-06-19,28.0,Help Desk Operator,Financial Services,Mass Customer,N,303 Michigan Avenue,VIC,Australia,3977,8.0,11452.96
2593,Sharona,Yorkston,Female,69,1973-07-26,49.0,Nuclear Power Engineer,Manufacturing,Affluent Customer,N,6 Forest Avenue,NSW,Australia,2870,4.0,4396.35
2594,Sigismond,Stockow,Male,90,1997-06-23,26.0,Internal Auditor,Manufacturing,Mass Customer,N,3 Pennsylvania Terrace,NSW,Australia,2197,6.0,9981.41
2595,Land,Bangley,Male,56,1977-08-17,45.0,Nurse Practicioner,n/a,Affluent Customer,N,755 Ramsey Terrace,QLD,Australia,4152,8.0,10752.00
2596,Lexis,Deason,Female,51,1976-08-20,46.0,Assistant Professor,n/a,Affluent Customer,N,33782 Doe Crossing Terrace,NSW,Australia,2280,5.0,7674.39
2597,Carita,Kemwall,Female,58,1980-10-25,42.0,Civil Engineer,Manufacturing,High Net Worth,N,97 Waxwing Terrace,QLD,Australia,4217,6.0,6359.54
2598,Lindsay,Maydway,Male,23,1980-03-26,43.0,Senior Developer,Manufacturing,Affluent Customer,N,2 Marquette Drive,NSW,Australia,2204,6.0,7114.71
2599,Pauly,Eilles,Female,9,1954-05-03,69.0,VP Marketing,Manufacturing,Mass Customer,N,357 Elgar Alley,VIC,Australia,3910,7.0,8760.88
2600,Darnell,Wistance,Male,55,2001-03-03,22.0,Senior Financial Analyst,Financial Services,Mass Customer,N,37258 Stephen Place,QLD,Australia,4116,3.0,4973.54
2601,Morgana,Wardel,Female,48,1975-01-18,48.0,Software Engineer III,Financial Services,Affluent Customer,N,9 Cambridge Junction,NSW,Australia,2315,8.0,10339.99
2602,Jessamine,Butcher,Female,46,1977-03-22,46.0,Structural Analysis Engineer,Health,Mass Customer,N,10 American Alley,NSW,Australia,2066,8.0,8754.65
2603,Mercy,Jost,Female,44,1962-02-04,61.0,Nurse,Financial Services,High Net Worth,N,84 Stuart Lane,VIC,Australia,3146,7.0,4954.68
2604,Lewiss,Jaeggi,Male,91,1975-05-08,48.0,Account Executive,Retail,Mass Customer,N,6 Carioca Avenue,VIC,Australia,3185,6.0,7002.91
2605,Had,Gilling,Male,50,1965-02-03,58.0,Marketing Manager,Health,High Net Worth,N,75688 Maple Court,VIC,Australia,3618,5.0,5223.22
2606,Addi,Seager,Female,56,1978-08-19,44.0,Electrical Engineer,Manufacturing,High Net Worth,N,906 Toban Lane,NSW,Australia,2093,10.0,7710.46
2607,Laurent,Ainslee,Male,90,1992-05-08,31.0,Registered Nurse,Health,Affluent Customer,N,76085 Eagan Crossing,VIC,Australia,3071,8.0,7870.34
2608,Fenelia,Dockrell,Female,44,1975-11-05,47.0,Budget/Accounting Analyst III,Health,Affluent Customer,N,28634 Nova Circle,VIC,Australia,3127,7.0,6021.69
2609,Genvieve,Kobes,Female,17,1964-12-18,58.0,Compensation Analyst,Financial Services,Mass Customer,N,34 Colorado Pass,NSW,Australia,2287,8.0,7869.31
2610,Arliene,Bartolijn,Female,41,1954-04-30,69.0,Account Coordinator,IT,Mass Customer,N,1031 Kennedy Way,QLD,Australia,4507,8.0,9072.59
2611,Aeriel,Lejeune,Female,36,1991-02-18,32.0,Tax Accountant,Financial Services,Affluent Customer,N,23426 Transport Center,NSW,Australia,2218,7.0,5700.59
2612,Bran,Sauven,Male,33,1969-04-30,54.0,Statistician I,Retail,Affluent Customer,N,20 Del Mar Circle,NSW,Australia,2450,2.0,1924.47
2613,Trenton,Casaccio,Male,78,1966-06-13,57.0,NA,Health,Mass Customer,N,3024 Butternut Crossing,NSW,Australia,2087,5.0,5390.07
2614,Anatollo,Stendell,Male,65,1957-10-16,65.0,NA,Retail,High Net Worth,N,93124 Monterey Plaza,VIC,Australia,3000,4.0,5026.31
2615,Cordelia,,Female,23,1998-08-13,24.0,Nurse,Financial Services,Mass Customer,N,51313 Fulton Junction,NSW,Australia,2580,9.0,13460.63
2616,Andee,Ormrod,Female,28,1970-06-11,53.0,Nurse,n/a,High Net Worth,N,889 Sundown Trail,NSW,Australia,2162,11.0,11206.75
2617,Vanda,Donnellan,Female,79,1959-10-20,63.0,NA,Health,High Net Worth,N,55590 Ridgeview Court,NSW,Australia,2147,7.0,9476.58
2618,Jay,Prue,Male,85,1977-12-14,45.0,Administrative Assistant IV,n/a,Mass Customer,N,2271 Fordem Plaza,NSW,Australia,2780,10.0,10531.87
2619,Lavinia,Niess,Female,62,1978-07-05,44.0,Web Designer I,Financial Services,High Net Worth,N,25 Parkside Terrace,QLD,Australia,4570,2.0,3371.75
2620,Henderson,Koubek,Male,26,1999-04-30,24.0,Civil Engineer,Manufacturing,Mass Customer,N,61 Northfield Pass,NSW,Australia,2190,8.0,8891.34
2621,Moreen,Zoren,Female,24,1974-02-21,49.0,Assistant Media Planner,Entertainment,High Net Worth,N,536 Crowley Crossing,NSW,Australia,2167,7.0,5852.27
2622,Natty,Sisneros,Male,13,1979-12-10,43.0,Staff Accountant I,Financial Services,Mass Customer,N,0 Erie Lane,QLD,Australia,4405,7.0,7670.87
2623,Zackariah,Catteroll,Male,42,1982-07-28,40.0,Media Manager III,Property,Mass Customer,N,9837 Granby Alley,NSW,Australia,2445,5.0,6916.33
2624,Winfield,Lampitt,Male,37,1964-07-08,58.0,Community Outreach Specialist,Retail,Mass Customer,N,8 Lake View Way,VIC,Australia,3977,5.0,5629.39
2625,Kristal,McRobbie,Female,45,1972-03-16,51.0,Research Assistant I,Manufacturing,Affluent Customer,N,1567 Schiller Street,VIC,Australia,3810,4.0,3403.67
2626,Gerome,Lawrenz,Male,42,1998-10-24,24.0,Account Coordinator,Property,Affluent Customer,N,6 Warbler Road,NSW,Australia,2462,4.0,4597.81
2627,Hildegaard,Gennrich,Female,7,1971-10-29,51.0,Budget/Accounting Analyst II,Retail,Mass Customer,N,383 Little Fleur Circle,NSW,Australia,2753,6.0,10314.51
2628,Giselbert,Gudyer,Male,29,2001-05-21,22.0,Assistant Media Planner,Entertainment,Affluent Customer,N,804 Shelley Junction,NSW,Australia,2567,4.0,5704.49
2629,Nomi,Bushell,Female,60,1976-08-13,46.0,Engineer IV,Entertainment,High Net Worth,N,2 Beilfuss Plaza,NSW,Australia,2000,6.0,5283.14
2630,Jonathon,,Male,76,1978-12-17,44.0,Senior Sales Associate,Retail,Mass Customer,N,78019 Manley Center,NSW,Australia,2304,10.0,12179.90
2631,Antonio,Brewis,Male,4,1995-05-11,28.0,Software Engineer I,Financial Services,Mass Customer,N,34 Warrior Trail,NSW,Australia,2759,3.0,4066.86
2632,Krishna,Frood,Male,18,1965-09-29,57.0,NA,Agriculture,Mass Customer,N,688 Straubel Junction,NSW,Australia,2113,4.0,6590.86
2633,Shayla,Colnett,Female,47,1969-01-18,54.0,NA,Property,Mass Customer,N,1945 Loomis Alley,NSW,Australia,2871,9.0,10392.61
2634,Silvester,Scowcroft,Male,85,1980-07-14,42.0,Quality Engineer,Financial Services,High Net Worth,N,87 Elka Terrace,NSW,Australia,2034,3.0,2077.91
2635,Arty,Geaney,Male,45,1959-01-03,64.0,Nurse,Retail,Mass Customer,N,13 Dexter Lane,VIC,Australia,3279,8.0,11115.31
2636,Carly,Struys,Female,35,1974-01-05,49.0,Nuclear Power Engineer,Manufacturing,High Net Worth,N,701 Talisman Crossing,NSW,Australia,2000,3.0,2779.10
2637,Marcile,Christley,Female,28,1972-07-30,50.0,Help Desk Operator,Retail,Mass Customer,N,518 Colorado Trail,NSW,Australia,2100,11.0,13895.71
2638,Moritz,Brognot,Male,1,1977-02-10,46.0,Budget/Accounting Analyst III,IT,Mass Customer,N,3 Forest Dale Lane,NSW,Australia,2100,10.0,10772.30
2639,Mufi,O'Kielt,Female,70,1986-07-03,36.0,Geologist IV,Entertainment,Mass Customer,N,9 Huxley Hill,QLD,Australia,4503,5.0,7255.96
2640,Curran,McMeekan,Male,75,1978-08-24,44.0,Computer Systems Analyst IV,n/a,Affluent Customer,N,55 Fordem Street,VIC,Australia,3147,11.0,12105.99
2641,Vina,Tackell,Female,71,1977-03-22,46.0,Software Test Engineer I,n/a,Mass Customer,N,52753 Logan Hill,NSW,Australia,2031,7.0,6674.28
2642,Arabelle,Rentelll,U,36,,,VP Accounting,Financial Services,High Net Worth,N,3 Old Gate Hill,QLD,Australia,4106,2.0,2299.30
2643,Dulsea,Maffi,Female,53,1989-10-11,33.0,Nurse,n/a,Affluent Customer,N,42 Manitowish Hill,QLD,Australia,4352,3.0,2399.48
2644,Brooke,Alastair,Male,72,1977-09-03,45.0,VP Sales,IT,Mass Customer,N,008 6th Center,VIC,Australia,3141,2.0,1697.24
2645,Ado,Yaldren,Male,20,2000-06-26,23.0,Technical Writer,IT,High Net Worth,N,78 Shasta Place,NSW,Australia,2135,6.0,3773.78
2646,Jesselyn,Biaggi,Female,14,1972-10-11,50.0,Sales Representative,Retail,Mass Customer,N,40 Veith Circle,QLD,Australia,4701,5.0,5968.75
2647,Marcelia,Blannin,U,1,,,Physical Therapy Assistant,IT,High Net Worth,N,10 Kedzie Pass,NSW,Australia,2770,8.0,7557.69
2648,Saunder,Newens,Male,60,1998-05-09,25.0,Account Representative I,n/a,Affluent Customer,N,736 Tomscot Center,QLD,Australia,4503,5.0,6629.31
2649,Merwyn,MacPhail,Male,7,1986-01-16,37.0,Dental Hygienist,Health,Affluent Customer,N,9521 Old Shore Trail,NSW,Australia,2769,4.0,7155.09
2650,Candice,Patriskson,Female,33,1995-08-20,27.0,Business Systems Development Analyst,IT,Affluent Customer,N,99 Homewood Place,QLD,Australia,4213,6.0,6955.06
2651,Silvan,Ellison,Male,10,1978-10-20,44.0,Nuclear Power Engineer,Manufacturing,Mass Customer,N,6876 Mandrake Avenue,NSW,Australia,2298,9.0,11000.08
2652,Kelbee,Bernat,Male,96,1957-12-15,65.0,Biostatistician II,n/a,Affluent Customer,N,16 Hudson Alley,NSW,Australia,2234,5.0,7718.60
2653,Aylmer,Glenwright,Male,80,1995-01-05,28.0,Food Chemist,Health,Affluent Customer,N,7163 2nd Point,VIC,Australia,3931,9.0,12316.00
2654,Dawn,Yakovitch,Female,83,1977-11-28,45.0,Tax Accountant,Telecommunications,Mass Customer,N,30 Parkside Terrace,NSW,Australia,2210,9.0,9905.20
2655,York,Strongman,Male,56,1966-06-11,57.0,Nuclear Power Engineer,Manufacturing,Mass Customer,N,19 Fairview Road,QLD,Australia,4012,6.0,9117.31
2656,Halli,Littledike,Female,80,1959-05-02,64.0,Statistician III,n/a,Mass Customer,N,444 Spaight Crossing,VIC,Australia,3070,7.0,9051.86
2657,Coop,Stancer,Male,20,1991-12-16,31.0,Recruiter,n/a,Mass Customer,N,447 Delaware Park,VIC,Australia,3911,3.0,4393.78
2658,Inger,Barnham,Female,82,1964-02-11,59.0,NA,Manufacturing,Mass Customer,N,96 Dayton Park,NSW,Australia,2190,5.0,4207.43
2659,Konstance,Elgey,Female,81,1974-06-14,49.0,Professor,Agriculture,High Net Worth,N,882 Mitchell Place,QLD,Australia,4151,12.0,11229.05
2660,Hunt,Scollard,Male,44,1963-11-15,59.0,NA,Retail,High Net Worth,N,68128 Leroy Street,QLD,Australia,4213,,
2661,Dorrie,Meaden,Female,59,1976-12-26,46.0,VP Marketing,Financial Services,High Net Worth,N,17 South Crossing,NSW,Australia,2770,5.0,4377.69
2662,Louisette,Cullimore,Female,53,1977-12-21,45.0,Accountant IV,Property,Mass Customer,N,648 Rigney Pass,NSW,Australia,2460,9.0,11067.68
2663,Royce,Pietrowicz,Male,69,1956-08-01,66.0,Environmental Tech,Health,Mass Customer,N,1 Ronald Regan Hill,NSW,Australia,2756,5.0,7423.23
2664,Raynor,Olech,Male,83,1966-01-16,57.0,Engineer II,n/a,Mass Customer,N,359 Briar Crest Road,NSW,Australia,2155,7.0,6587.43
2665,Seth,Murdie,Male,43,1965-03-28,58.0,Project Manager,Telecommunications,Mass Customer,N,4543 Service Terrace,NSW,Australia,2566,3.0,5364.68
2666,Lyle,Eager,Male,2,1971-02-16,52.0,Occupational Therapist,Health,Mass Customer,N,0 Knutson Crossing,NSW,Australia,2151,4.0,5589.26
2667,Randene,Brown,Female,65,1958-07-17,64.0,Product Engineer,Manufacturing,Affluent Customer,N,28156 School Park,VIC,Australia,3188,5.0,6210.80
2668,Allan,Govan,Male,27,1978-07-26,44.0,Senior Quality Engineer,Health,Mass Customer,N,920 Manley Crossing,QLD,Australia,4226,5.0,4432.11
2669,Carrol,Jordin,Male,95,1995-02-18,28.0,Business Systems Development Analyst,Property,Affluent Customer,N,38 Armistice Lane,VIC,Australia,3250,3.0,3552.54
2670,Cam,MacFadyen,Male,53,1977-05-13,46.0,VP Accounting,Financial Services,High Net Worth,N,6988 Waxwing Hill,QLD,Australia,4700,3.0,1870.51
2671,Bridget,Bussons,Female,11,1990-11-09,32.0,Analyst Programmer,n/a,Mass Customer,N,84 Southridge Lane,NSW,Australia,2799,7.0,9164.71
2672,Talbert,Folliss,Male,21,1986-01-16,37.0,Clinical Specialist,Health,Affluent Customer,N,8 Eagle Crest Circle,NSW,Australia,2137,8.0,10208.23
2673,Esma,McOwen,Female,27,1985-04-20,38.0,Software Consultant,n/a,Mass Customer,N,571 Golf Alley,NSW,Australia,2650,5.0,5471.80
2674,Lynsey,Broady,Female,59,1993-02-12,30.0,Food Chemist,Health,High Net Worth,N,52408 Autumn Leaf Road,VIC,Australia,3030,5.0,5468.88
2675,Dayle,Girardetti,Female,24,1973-02-25,50.0,Media Manager IV,Retail,Mass Customer,N,4 Loomis Hill,NSW,Australia,2527,5.0,5429.80
2676,Stinky,Marlen,Male,33,1957-01-21,66.0,Product Engineer,Retail,Mass Customer,N,1411 Jenifer Center,QLD,Australia,4670,6.0,8258.04
2677,Zollie,Exell,Male,34,1954-10-08,68.0,NA,Financial Services,Mass Customer,N,336 Fordem Trail,NSW,Australia,2088,5.0,6019.42
2678,Amble,Tandy,Male,33,1976-12-30,46.0,Sales Associate,Health,Mass Customer,N,59 Hoepker Lane,VIC,Australia,3191,5.0,5506.37
2679,Padriac,Apple,Male,5,1990-06-06,33.0,Director of Sales,Financial Services,High Net Worth,N,2864 Corscot Parkway,NSW,Australia,2756,6.0,4416.62
2680,Noella,Firk,Female,0,1959-05-11,64.0,Financial Analyst,Financial Services,Mass Customer,N,4658 Tennessee Street,VIC,Australia,3121,9.0,9742.78
2681,Liza,LeEstut,Female,78,1974-09-15,48.0,Programmer Analyst III,Manufacturing,Affluent Customer,N,53485 Sycamore Junction,VIC,Australia,3192,5.0,5180.46
2682,Annamarie,Bouzan,Female,54,1987-11-01,35.0,Accountant III,Manufacturing,High Net Worth,N,446 Warrior Pass,QLD,Australia,4740,8.0,4949.92
2683,Myrta,Rentilll,Female,81,1965-04-14,58.0,Biostatistician II,n/a,Affluent Customer,N,25567 Linden Court,QLD,Australia,4564,6.0,8332.17
2684,Erastus,Payley,Male,96,1964-03-14,59.0,Health Coach IV,Health,Mass Customer,N,111 Hooker Avenue,QLD,Australia,4860,9.0,11938.04
2685,Demetria,Shoobridge,Female,42,1978-08-06,44.0,NA,n/a,Mass Customer,N,51 Dixon Court,NSW,Australia,2570,6.0,6319.50
2686,Cully,Takos,Male,63,1996-05-21,27.0,Automation Specialist II,Financial Services,Affluent Customer,N,16639 Bunting Circle,VIC,Australia,3174,11.0,13237.88
2687,Fabe,Smallbone,Male,67,1962-01-28,61.0,Chemical Engineer,Manufacturing,High Net Worth,N,40923 Truax Drive,NSW,Australia,2208,7.0,4782.27
2688,Shelden,Lorent,Male,53,1977-05-18,46.0,Database Administrator III,Property,Mass Customer,N,22 Moulton Place,QLD,Australia,4878,3.0,3584.20
2689,Tore,Doerr,Male,17,1978-03-23,45.0,Senior Developer,n/a,Mass Customer,N,52541 Lakewood Gardens Court,VIC,Australia,3922,5.0,4529.81
2690,Sissie,Giordano,Female,17,1980-11-06,42.0,Registered Nurse,Health,Affluent Customer,N,39746 Eliot Center,NSW,Australia,2177,4.0,6585.00
2691,Stearn,Boutton,Male,41,1975-11-03,47.0,Librarian,Entertainment,Mass Customer,N,7 Springview Lane,NSW,Australia,2256,8.0,8562.05
2692,Jacklyn,Bromehed,Female,57,1988-12-19,34.0,Research Associate,Health,High Net Worth,N,8658 Maple Wood Plaza,VIC,Australia,3020,3.0,2159.33
2693,Abram,Phillipson,Male,91,1968-04-11,55.0,Research Assistant III,Health,High Net Worth,N,03 Old Shore Terrace,QLD,Australia,4078,6.0,4015.83
2694,Teddi,Yglesias,Female,48,1985-12-28,37.0,Quality Engineer,Retail,Mass Customer,N,99565 Warrior Alley,QLD,Australia,4510,4.0,2766.09
2695,Kippy,Heater,Female,88,1976-08-16,46.0,Statistician II,Manufacturing,Mass Customer,N,718 Fair Oaks Point,NSW,Australia,2068,9.0,12660.61
2696,Isabelle,Bursnoll,U,42,,,Social Worker,Health,Mass Customer,N,0 Little Fleur Avenue,QLD,Australia,4031,4.0,5519.58
2697,Klarika,Yerby,U,70,,,Legal Assistant,IT,High Net Worth,N,541 Southridge Trail,NSW,Australia,2067,7.0,5291.10
2698,Nedi,MacClay,Female,19,1974-06-15,49.0,Administrative Officer,Health,High Net Worth,N,77196 West Crossing,NSW,Australia,2166,7.0,6804.58
2699,Michal,Woltering,Male,93,1978-05-25,45.0,Account Representative IV,Manufacturing,Affluent Customer,N,7 Fordem Point,VIC,Australia,3057,5.0,3428.76
2700,Ingaberg,Cornillot,Female,22,1994-11-24,28.0,GIS Technical Architect,n/a,Mass Customer,N,58 Shelley Crossing,NSW,Australia,2570,4.0,4497.46
2701,Ileana,Timms,Female,13,1960-07-28,62.0,Dental Hygienist,Health,Affluent Customer,N,41 Westport Center,VIC,Australia,3280,9.0,12014.97
2702,Saraann,Gilliard,Female,34,1976-11-30,46.0,Electrical Engineer,Manufacturing,Affluent Customer,N,8598 Nova Parkway,NSW,Australia,2758,9.0,13249.76
2703,Peria,Amis,Female,37,1980-04-12,43.0,NA,Manufacturing,Affluent Customer,N,4826 Crowley Park,NSW,Australia,2779,7.0,7330.05
2704,Orlando,Gniewosz,Male,6,1999-02-08,24.0,Account Representative IV,Retail,Affluent Customer,N,3 Vermont Alley,NSW,Australia,2261,3.0,2038.91
2705,Madalena,MacCaughey,Female,11,1996-10-20,26.0,Nuclear Power Engineer,Manufacturing,Mass Customer,N,7107 Manitowish Road,QLD,Australia,4815,9.0,12537.69
2706,Kelly,Bilyard,Male,59,1964-07-21,58.0,Desktop Support Technician,Retail,Affluent Customer,N,9304 Birchwood Junction,NSW,Australia,2070,3.0,3271.64
2707,Tabb,Haberjam,Male,56,1988-12-26,34.0,Account Coordinator,Property,High Net Worth,N,91655 Rowland Point,QLD,Australia,4123,3.0,2515.75
2708,Sophey,Wawer,Female,34,1980-06-18,43.0,Product Engineer,n/a,Mass Customer,N,76 Aberg Hill,VIC,Australia,3028,3.0,3437.08
2709,Simone,Boanas,Male,6,1995-03-20,28.0,NA,Financial Services,High Net Worth,N,6418 Sachs Trail,NSW,Australia,2810,5.0,3135.66
2710,Flory,Standering,Male,77,1998-01-30,25.0,NA,Retail,Mass Customer,N,86445 Bonner Junction,QLD,Australia,4660,4.0,4505.17
2711,Steven,Keetley,Male,52,1970-08-31,52.0,Biostatistician II,Health,Affluent Customer,N,9235 Walton Park,NSW,Australia,2095,6.0,6439.08
2712,Carissa,Hassent,Female,0,1987-06-26,36.0,Tax Accountant,Manufacturing,High Net Worth,N,18652 Springs Plaza,NSW,Australia,2259,6.0,6258.56
2713,Hadlee,Mackro,Male,55,1954-11-03,68.0,Statistician II,Retail,Affluent Customer,N,29895 Crest Line Point,NSW,Australia,2049,3.0,3426.37
2714,Emmy,Jenton,Female,50,1998-03-17,25.0,Occupational Therapist,Health,High Net Worth,N,65 Sunbrook Road,NSW,Australia,2284,5.0,3268.68
2715,Umberto,Cappineer,Male,27,1962-11-14,60.0,Civil Engineer,Manufacturing,Affluent Customer,N,75 Loftsgordon Hill,VIC,Australia,3147,5.0,6644.62
2716,Claribel,,Female,46,1967-07-14,55.0,Systems Administrator I,Entertainment,Mass Customer,N,122 Chinook Center,NSW,Australia,2112,4.0,5050.88
2717,Frederic,McGown,Male,31,1981-03-25,42.0,Registered Nurse,Health,Mass Customer,N,6994 Hanson Place,NSW,Australia,2580,10.0,12157.68
2718,Vernen,Hakonsen,Male,69,1976-12-12,46.0,Software Test Engineer II,n/a,High Net Worth,N,00662 Ludington Court,VIC,Australia,3228,7.0,5608.67
2719,Alleyn,Clear,Male,69,1988-08-24,34.0,Teacher,Telecommunications,Affluent Customer,N,62 Linden Drive,QLD,Australia,4209,3.0,3061.49
2720,Shirline,Yellowlee,Female,0,1983-09-02,39.0,Account Coordinator,Retail,High Net Worth,N,831 Daystar Circle,NSW,Australia,2038,5.0,3670.03
2721,Alf,Farnie,Male,3,1969-02-03,54.0,NA,Manufacturing,Mass Customer,N,1 Forest Junction,NSW,Australia,2620,2.0,2292.96
2722,Faustine,Peert,Female,1,1987-03-28,36.0,NA,Health,Mass Customer,N,8 Bobwhite Court,VIC,Australia,3127,6.0,6396.17
2723,Morganne,Smitham,Female,71,1978-04-20,45.0,Associate Professor,Manufacturing,Mass Customer,N,8941 Harbort Point,NSW,Australia,2148,8.0,10565.12
2724,Gerome,Dutteridge,Male,92,1994-01-10,29.0,Mechanical Systems Engineer,Financial Services,Mass Customer,N,3 Independence Street,QLD,Australia,4073,4.0,4604.30
2725,Sibylla,Langmuir,Female,20,1965-06-19,58.0,Senior Quality Engineer,Property,Affluent Customer,N,8 Holmberg Street,NSW,Australia,2444,4.0,3209.71
2726,Bradford,Monkton,Male,49,1976-03-18,47.0,Administrative Officer,Financial Services,Affluent Customer,N,15776 Thackeray Alley,NSW,Australia,2261,10.0,10790.65
2727,Kim,Gabbitis,Female,88,1988-07-22,34.0,Administrative Officer,Financial Services,High Net Worth,N,05 Lerdahl Place,QLD,Australia,4215,5.0,6450.48
2728,Imojean,Atyeo,Female,55,1959-03-26,64.0,Physical Therapy Assistant,IT,High Net Worth,N,512 Forest Run Center,VIC,Australia,3188,8.0,8502.56
2729,Meggi,Shipcott,Female,76,2000-05-10,23.0,General Manager,n/a,Mass Customer,N,304 Moland Street,VIC,Australia,3810,6.0,9096.82
2730,Taddeo,Karlicek,Male,15,1960-11-27,62.0,Senior Financial Analyst,Financial Services,Mass Customer,N,63 International Drive,QLD,Australia,4165,7.0,5496.32
2731,Meagan,Ferry,Female,74,2000-05-18,23.0,Accounting Assistant III,Retail,Mass Customer,N,04 Schmedeman Court,NSW,Australia,2196,4.0,2931.62
2732,Clarine,Yushkin,Female,36,1961-03-01,62.0,Help Desk Operator,Health,Mass Customer,N,5705 Spaight Place,VIC,Australia,3067,10.0,7747.82
2733,Jordanna,Skyme,Female,89,1985-03-07,38.0,Analog Circuit Design manager,Manufacturing,Mass Customer,N,81254 Buhler Trail,QLD,Australia,4740,10.0,13516.32
2734,Hetty,Thormann,Female,35,1957-03-07,66.0,NA,Manufacturing,High Net Worth,N,27 Fuller Trail,NSW,Australia,2233,3.0,1515.28
2735,Ricoriki,Burree,Male,18,1958-09-06,64.0,Associate Professor,Financial Services,High Net Worth,N,313 Mifflin Center,QLD,Australia,4504,2.0,985.54
2736,Max,Awcock,Male,40,1993-01-18,30.0,Accounting Assistant IV,n/a,Affluent Customer,N,18 Logan Alley,NSW,Australia,2159,5.0,4311.28
2737,Andras,Yurocjkin,Male,28,1998-07-20,24.0,NA,Retail,Mass Customer,N,86 Hansons Parkway,NSW,Australia,2211,9.0,11896.58
2738,Lurleen,Shoebridge,Female,77,1997-01-06,26.0,Research Nurse,Health,Mass Customer,N,8476 Village Green Park,NSW,Australia,2774,5.0,5683.18
2739,Alair,Cullingford,Male,48,1985-07-18,37.0,Mechanical Systems Engineer,Health,High Net Worth,N,45454 Spenser Center,VIC,Australia,3149,2.0,719.94
2740,Godiva,Bulward,Female,61,1963-02-02,60.0,Administrative Officer,Financial Services,Affluent Customer,N,28820 Monica Circle,NSW,Australia,2226,8.0,11307.48
2741,Reinwald,Sinkins,Male,6,1999-02-28,24.0,Statistician II,Property,High Net Worth,N,259 Summerview Center,QLD,Australia,4740,3.0,2389.81
2742,Osgood,Risby,Male,50,1979-04-14,44.0,Actuary,Financial Services,High Net Worth,N,82206 Dennis Place,QLD,Australia,4124,3.0,2443.53
2743,Carr,Muckley,Male,67,1979-05-25,44.0,Social Worker,Health,High Net Worth,N,5837 Hayes Court,NSW,Australia,2113,2.0,1922.98
2744,Bjorn,Isitt,Male,59,1999-01-25,24.0,Senior Financial Analyst,Financial Services,Mass Customer,N,33297 Hoepker Way,NSW,Australia,2843,3.0,3148.36
2745,Moyra,Mount,Female,8,1977-01-06,46.0,Chemical Engineer,Manufacturing,Mass Customer,N,198 Garrison Pass,NSW,Australia,2767,2.0,3322.62
2746,Carmelia,Germany,Female,97,1953-10-25,69.0,Actuary,Financial Services,High Net Worth,N,77 Golf Course Junction,VIC,Australia,3027,3.0,2389.81
2747,Anna-diane,Crumpe,Female,5,1955-09-23,67.0,Software Test Engineer III,n/a,Affluent Customer,N,5 Lakewood Gardens Court,NSW,Australia,2118,9.0,11941.46
2748,Dolorita,Dufaur,Female,96,1967-08-29,55.0,Quality Engineer,Financial Services,Mass Customer,N,4320 Toban Avenue,NSW,Australia,2260,4.0,4479.88
2749,Cale,Cunningham,Male,3,1979-01-12,44.0,Sales Representative,Retail,Mass Customer,N,129 Mallory Junction,NSW,Australia,2196,1.0,1415.01
2750,Sybille,Maddison,Female,42,1980-10-18,42.0,NA,Property,High Net Worth,N,68730 Hermina Place,VIC,Australia,3130,11.0,8750.73
2751,Cordell,Coxhell,Male,94,1979-07-27,43.0,Sales Associate,Retail,High Net Worth,N,25 Ronald Regan Point,QLD,Australia,4035,8.0,8551.12
2752,Cissiee,Jobern,Female,11,1960-05-10,63.0,Sales Representative,Retail,Affluent Customer,N,79 Eggendart Trail,VIC,Australia,3977,4.0,6239.87
2753,Bale,Ney,Male,26,1985-02-12,38.0,Nuclear Power Engineer,Manufacturing,Mass Customer,N,744 Hazelcrest Way,NSW,Australia,2155,11.0,10754.39
2754,Waring,Selwyn,Male,17,1963-06-23,60.0,Chief Design Engineer,Retail,Mass Customer,N,91973 Boyd Street,NSW,Australia,2287,3.0,5568.64
2755,Karen,Wille,Female,66,1999-07-28,23.0,Automation Specialist I,Manufacturing,Mass Customer,N,2241 Pearson Plaza,QLD,Australia,4503,13.0,14177.81
2756,Cymbre,Sloey,Female,11,1969-01-17,54.0,NA,Entertainment,Mass Customer,N,244 Burrows Center,VIC,Australia,3088,4.0,5196.93
2757,Leodora,Carillo,Female,65,1961-02-18,62.0,NA,Financial Services,Affluent Customer,N,2992 Scott Hill,VIC,Australia,3046,3.0,3501.37
2758,Fabien,Whittlesea,Male,17,1955-05-24,68.0,NA,Manufacturing,Affluent Customer,N,5565 Park Meadow Trail,NSW,Australia,2155,4.0,2774.11
2759,Melodee,Hendrik,Female,16,2001-11-14,21.0,Operator,Health,Affluent Customer,N,68111 Bartillon Court,VIC,Australia,3995,5.0,6182.36
2760,Early,Saggs,Male,55,1976-04-19,47.0,Teacher,Property,Mass Customer,N,18 School Alley,QLD,Australia,4655,5.0,6137.35
2761,Agathe,Weafer,Female,78,1961-11-11,61.0,Information Systems Manager,Financial Services,Mass Customer,N,8 Anderson Lane,NSW,Australia,2214,9.0,10601.06
2762,Rozamond,Franceschino,Female,34,1992-11-27,30.0,NA,Manufacturing,Mass Customer,N,2121 Dapin Center,VIC,Australia,3977,10.0,13617.63
2763,Dalila,Snawdon,Female,30,1979-03-04,44.0,Actuary,Financial Services,Mass Customer,N,5772 Ridgeway Place,VIC,Australia,3066,9.0,7935.81
2764,Callie,Coltart,Female,12,1955-03-29,68.0,NA,Financial Services,Mass Customer,N,1 Wayridge Park,QLD,Australia,4301,4.0,2676.49
2765,Bartholomew,Gowdy,Male,68,1985-04-12,38.0,NA,IT,Mass Customer,N,10369 Sunbrook Way,QLD,Australia,4051,6.0,8875.47
2766,Rozanna,Chartman,Female,93,1989-03-19,34.0,Financial Advisor,Financial Services,High Net Worth,N,95 Meadow Valley Plaza,NSW,Australia,2203,6.0,6770.81
2767,Sybil,Scramage,Female,84,1988-02-22,35.0,Desktop Support Technician,Property,High Net Worth,N,14 Pennsylvania Alley,NSW,Australia,2225,3.0,1873.55
2768,Forest,Knowling,Male,86,1995-09-26,27.0,Executive Secretary,Manufacturing,Mass Customer,N,9 Cascade Junction,NSW,Australia,2016,6.0,7325.88
2769,Trevor,Itschakov,Male,31,1978-09-10,44.0,Product Engineer,Manufacturing,Affluent Customer,N,077 Clemons Road,NSW,Australia,2203,6.0,8004.25
2770,Olvan,Loadwick,Male,24,1977-01-30,46.0,VP Quality Control,Manufacturing,High Net Worth,N,3 Buena Vista Crossing,NSW,Australia,2444,9.0,10428.06
2771,Jamie,Gildersleeve,Female,6,1969-10-05,53.0,Recruiting Manager,Retail,Affluent Customer,N,83007 Bartillon Lane,NSW,Australia,2830,5.0,8579.48
2772,Reynolds,Vreede,Male,15,1954-10-25,68.0,Quality Engineer,Property,Affluent Customer,N,542 Hayes Plaza,NSW,Australia,2750,5.0,6226.25
2773,Page,Farthin,Male,69,1976-03-21,47.0,Structural Engineer,Manufacturing,Mass Customer,N,0 Debs Lane,VIC,Australia,3204,4.0,4706.37
2774,Danella,Chevers,Female,50,1956-07-28,66.0,NA,Manufacturing,Mass Customer,N,23 Clyde Gallagher Alley,VIC,Australia,3840,5.0,4479.04
2775,Dael,Glentz,Female,40,1966-12-02,56.0,Account Executive,Manufacturing,Mass Customer,N,75642 Kinsman Terrace,QLD,Australia,4014,6.0,6775.56
2776,Tyson,Pearcy,Male,59,1980-08-05,42.0,NA,n/a,Mass Customer,N,9 Swallow Way,QLD,Australia,4115,4.0,5297.75
2777,Dita,Darlison,Female,0,1997-02-26,26.0,Safety Technician III,Health,Mass Customer,N,39 Badeau Court,NSW,Australia,2572,6.0,6790.08
2778,Micheil,Pockey,Male,50,1978-08-13,44.0,Paralegal,Financial Services,Mass Customer,N,0 Summit Trail,NSW,Australia,2287,5.0,6063.04
2779,Douglas,Wrout,Male,54,1985-02-24,38.0,NA,n/a,Affluent Customer,N,5108 Springview Circle,NSW,Australia,2128,5.0,6558.76
2780,Papageno,Beare,Male,77,1985-11-16,37.0,Actuary,Financial Services,Affluent Customer,N,4362 Morningstar Place,QLD,Australia,4869,5.0,6150.43
2781,Linnea,Jeacop,Female,4,1997-09-01,25.0,VP Sales,Financial Services,Affluent Customer,N,99 Alpine Lane,VIC,Australia,3064,4.0,4131.86
2782,Gillian,Scrimshire,Female,91,1988-05-11,35.0,Tax Accountant,IT,Mass Customer,N,39 Lindbergh Drive,NSW,Australia,2170,5.0,5560.94
2783,Antonin,Gleaves,Male,14,1978-08-24,44.0,Sales Representative,Retail,Affluent Customer,N,13392 Emmet Parkway,NSW,Australia,2171,11.0,10039.98
2784,Thurston,McKennan,Male,6,1989-08-09,33.0,Geological Engineer,Manufacturing,Mass Customer,N,526 Schiller Road,QLD,Australia,4157,3.0,2937.16
2785,Gennifer,Baily,Female,9,1981-07-31,41.0,Human Resources Manager,Financial Services,Mass Customer,N,677 Golden Leaf Junction,QLD,Australia,4054,6.0,9746.89
2786,Hubie,Bottoner,Male,94,1968-01-21,55.0,Accountant III,Health,Mass Customer,N,59901 Bartelt Terrace,QLD,Australia,4069,6.0,5938.18
2787,Teressa,Tague,Female,92,1980-09-26,42.0,Marketing Assistant,n/a,Affluent Customer,N,3 Cordelia Place,VIC,Australia,3018,6.0,10528.30
2788,Melantha,Pickburn,Female,45,1968-08-06,54.0,Social Worker,Health,Affluent Customer,N,282 Esker Crossing,VIC,Australia,3150,11.0,17258.94
2789,Violetta,Bucksey,Female,66,1992-11-30,30.0,Senior Editor,Financial Services,Affluent Customer,N,724 West Park,NSW,Australia,2112,2.0,2097.73
2790,Shirleen,Shelsher,Female,16,1977-12-01,45.0,Account Representative IV,Retail,High Net Worth,N,942 Elmside Street,NSW,Australia,2763,3.0,2159.33
2791,Dew,Lavrinov,Male,72,1988-04-12,35.0,Financial Advisor,Financial Services,Mass Customer,N,11 Manufacturers Junction,NSW,Australia,2170,7.0,10707.62
2792,Jocelyne,Darben,Female,22,1964-03-02,59.0,Web Developer I,Financial Services,Mass Customer,N,03 Ohio Lane,VIC,Australia,3081,3.0,5161.74
2793,Mead,Corkell,Male,77,1971-06-16,52.0,Research Nurse,Health,Affluent Customer,N,19 Del Mar Avenue,VIC,Australia,3058,8.0,11915.72
2794,Megen,Lorenc,Female,41,1975-11-06,47.0,Social Worker,Health,Mass Customer,N,01209 Southridge Hill,NSW,Australia,2216,7.0,8362.43
2795,Shirline,Amar,Female,9,1966-04-11,57.0,Research Assistant III,Financial Services,Mass Customer,N,4903 Hoepker Terrace,VIC,Australia,3500,3.0,4453.63
2796,Margette,Vidyapin,Female,52,1977-11-01,45.0,Web Designer II,Manufacturing,Mass Customer,N,149 Browning Terrace,NSW,Australia,2343,7.0,8157.72
2797,Agatha,Vowden,Female,6,1985-09-10,37.0,NA,IT,Mass Customer,N,48948 Little Fleur Alley,VIC,Australia,3134,6.0,4583.92
2798,Barclay,Gricks,Male,59,1965-02-19,58.0,Recruiter,Agriculture,High Net Worth,N,4 Rieder Drive,VIC,Australia,3064,5.0,2852.60
2799,Ilysa,Palle,Female,80,1973-11-04,49.0,VP Product Management,n/a,Mass Customer,N,7 Sunbrook Terrace,NSW,Australia,2200,8.0,10481.60
2800,Dominga,Planke,Female,29,1988-01-09,35.0,Cost Accountant,Financial Services,Mass Customer,N,28905 Hallows Avenue,NSW,Australia,2320,5.0,1715.63
2801,Danella,Lines,Female,15,1965-01-26,58.0,NA,Health,Mass Customer,N,9677 Hagan Lane,VIC,Australia,3212,5.0,3839.46
2802,Clem,Fosdick,Female,36,1996-09-22,26.0,Programmer Analyst I,Financial Services,Mass Customer,N,07526 Union Lane,VIC,Australia,3377,3.0,1370.06
2803,Ailsun,Hawlgarth,Female,95,1970-09-30,52.0,Senior Editor,Retail,Mass Customer,N,53245 Mesta Street,VIC,Australia,3207,6.0,7044.28
2804,Jeno,Brimming,Male,61,1964-09-06,58.0,Nurse Practicioner,n/a,Mass Customer,N,2 Elka Trail,NSW,Australia,2770,7.0,6519.03
2805,Laverna,Shiril,Female,0,1992-06-27,31.0,NA,Manufacturing,High Net Worth,N,4672 Morningstar Circle,NSW,Australia,2760,5.0,4378.91
2806,Thorndike,Glossop,Male,60,1986-05-18,37.0,Programmer Analyst II,Manufacturing,Mass Customer,N,3140 Hudson Road,VIC,Australia,3130,8.0,9169.34
2807,Lynna,Revens,Female,9,1957-06-18,66.0,Senior Editor,Manufacturing,Mass Customer,N,441 Superior Junction,NSW,Australia,2320,1.0,1216.14
2808,Preston,Tinkham,Male,68,2001-06-29,21.0,Actuary,Financial Services,Mass Customer,N,1 Elgar Street,NSW,Australia,2010,5.0,6828.29
2809,Jenilee,Lonsbrough,Female,44,1969-08-11,53.0,Statistician IV,Retail,Mass Customer,N,46 Independence Parkway,VIC,Australia,3065,3.0,2490.58
2810,Malvin,Burchill,Male,27,1961-08-26,61.0,NA,Property,Mass Customer,N,453 Gina Avenue,VIC,Australia,3141,6.0,4737.97
2811,Sharia,Allkins,Female,29,1976-11-29,46.0,Internal Auditor,Property,Mass Customer,N,32 Banding Center,NSW,Australia,2141,5.0,5497.73
2812,Molli,Hagergham,Female,16,2001-04-01,22.0,Budget/Accounting Analyst IV,n/a,High Net Worth,N,5636 Glendale Point,NSW,Australia,2769,6.0,6230.51
2813,Lillian,Crookall,Female,51,1953-09-10,69.0,Chemical Engineer,Manufacturing,Mass Customer,N,64 Village Green Pass,NSW,Australia,2048,5.0,6323.22
2814,Mandel,Hellyar,Male,42,1986-01-18,37.0,Junior Executive,Property,High Net Worth,N,46100 Jay Place,QLD,Australia,4075,4.0,3349.79
2815,Emery,Carlett,Male,50,1954-10-30,68.0,NA,Health,Mass Customer,N,69490 Orin Trail,VIC,Australia,3029,9.0,10664.14
2816,Denys,Dumingos,Female,87,1989-11-25,33.0,Administrative Assistant II,Financial Services,Mass Customer,N,515 Warrior Pass,QLD,Australia,4226,10.0,13562.73
2817,Agata,Inglesent,Female,33,1987-02-28,36.0,Senior Financial Analyst,Financial Services,Affluent Customer,N,6137 Scoville Center,NSW,Australia,2120,3.0,4539.97
2818,Frazier,Streak,Male,82,1956-03-08,67.0,Software Test Engineer I,n/a,Affluent Customer,N,01 Vernon Court,QLD,Australia,4500,4.0,5587.74
2819,Clyve,Starmont,Male,63,1977-12-04,45.0,Executive Secretary,Manufacturing,Affluent Customer,N,4 American Ash Circle,NSW,Australia,2211,4.0,6021.77
2820,Tristam,Gutcher,Male,44,1979-03-01,44.0,Engineer I,Manufacturing,Affluent Customer,N,68 Roth Crossing,NSW,Australia,2295,7.0,8152.69
2821,Fairlie,Alasdair,Male,13,1985-01-23,38.0,Human Resources Assistant III,Property,Affluent Customer,N,859 Harbort Alley,NSW,Australia,2099,5.0,4455.08
2822,Rebecca,Shaughnessy,Female,83,1981-05-14,42.0,Professor,n/a,Mass Customer,N,99216 Oakridge Hill,VIC,Australia,3124,9.0,9306.13
2823,Weidar,Antognazzi,Male,98,1971-04-20,52.0,Budget/Accounting Analyst IV,Property,Mass Customer,N,82010 Lakewood Center,NSW,Australia,2770,4.0,3165.87
2824,Lombard,Essame,Male,41,1995-06-11,28.0,Assistant Media Planner,Entertainment,Affluent Customer,N,643 Clyde Gallagher Road,VIC,Australia,3107,6.0,9724.31
2825,Tammara,Twigley,Female,28,1971-05-22,52.0,Budget/Accounting Analyst IV,Manufacturing,Affluent Customer,N,6970 Almo Court,NSW,Australia,2049,4.0,4231.89
2826,Loise,Mulvany,Female,73,1962-04-30,61.0,Web Developer II,n/a,Mass Customer,N,9 Springview Terrace,VIC,Australia,3121,12.0,13205.01
2827,Shelli,Wilkennson,Female,17,1973-07-15,49.0,NA,Financial Services,High Net Worth,N,46631 School Road,NSW,Australia,2099,5.0,4548.49
2828,Philippine,Maycey,Female,37,1998-12-14,24.0,NA,Health,High Net Worth,N,54 Green Point,VIC,Australia,3015,2.0,1418.76
2829,Juditha,Cufley,Female,2,1979-06-11,44.0,Electrical Engineer,Manufacturing,High Net Worth,N,28014 Kings Park,NSW,Australia,2300,2.0,2032.81
2830,Bjorn,Simioli,Male,39,1958-12-19,64.0,Computer Systems Analyst II,Manufacturing,High Net Worth,N,8612 Kennedy Alley,VIC,Australia,3149,5.0,3823.79
2831,Starlin,Aysh,Female,16,1968-01-22,55.0,Programmer Analyst I,Health,Mass Customer,N,82 Vermont Street,NSW,Australia,2021,5.0,5445.97
2832,Tedmund,Plumm,Male,9,1976-09-25,46.0,Recruiter,Telecommunications,Mass Customer,N,92610 Sutherland Place,VIC,Australia,3140,9.0,7363.49
2833,Cy,Braim,Male,60,1999-11-26,23.0,NA,IT,Mass Customer,N,2038 Esker Road,NSW,Australia,2650,6.0,7265.07
2834,Timmie,Ubanks,Male,33,1980-05-04,43.0,NA,Retail,Affluent Customer,N,33 Norway Maple Street,NSW,Australia,2760,3.0,3603.68
2835,Deloria,,Female,30,1997-07-01,25.0,Environmental Specialist,Manufacturing,Affluent Customer,N,72297 Sutherland Junction,NSW,Australia,2560,3.0,1178.37
2836,Matilda,Yellowley,Female,80,1963-11-14,59.0,Clinical Specialist,Health,Mass Customer,N,7827 Spohn Court,NSW,Australia,2093,10.0,12739.19
2837,Caitrin,MacTavish,Female,81,1987-12-04,35.0,NA,Retail,Mass Customer,N,77 Gulseth Lane,VIC,Australia,3181,7.0,9092.10
2838,Lydie,Scholfield,Female,14,1977-03-01,46.0,Payment Adjustment Coordinator,Retail,High Net Worth,N,50469 Shelley Avenue,QLD,Australia,4350,3.0,2262.88
2839,Jaime,Dikelin,Female,12,1977-06-07,46.0,Assistant Media Planner,Entertainment,Mass Customer,N,9695 Northland Pass,NSW,Australia,2450,8.0,9452.28
2840,Wallie,Baitman,Male,63,1992-09-04,30.0,Recruiter,Manufacturing,Mass Customer,N,3619 Elgar Terrace,VIC,Australia,3337,4.0,3362.76
2841,Bibby,Carnson,Female,19,1963-01-31,60.0,Recruiting Manager,n/a,Mass Customer,N,7 Buhler Drive,NSW,Australia,2142,7.0,10658.35
2842,Olimpia,Traynor,Female,80,1968-08-12,54.0,NA,Health,Mass Customer,N,4589 Lien Terrace,NSW,Australia,2068,3.0,2134.96
2843,Lorain,Danforth,Female,42,1968-04-20,55.0,Recruiter,Financial Services,Affluent Customer,N,37 Darwin Circle,NSW,Australia,2282,6.0,7160.26
2844,Amie,Felgate,Female,98,1975-11-22,47.0,NA,Financial Services,Mass Customer,N,20 Carberry Circle,NSW,Australia,2165,7.0,7785.48
2845,Benni,Ilem,Female,1,1974-06-16,49.0,Staff Accountant III,n/a,Mass Customer,N,082 Twin Pines Avenue,QLD,Australia,4270,8.0,9606.20
2846,Bryana,Lindell,Female,66,1970-08-15,52.0,Nurse,Property,Mass Customer,N,1946 Golf Course Hill,VIC,Australia,3156,4.0,4002.30
2847,Noreen,Matelaitis,Female,50,1976-03-21,47.0,Occupational Therapist,Health,Mass Customer,N,48418 Crescent Oaks Court,NSW,Australia,2770,7.0,8644.21
2848,Callie,Garthshore,Female,42,1967-01-17,56.0,Analyst Programmer,Property,Mass Customer,N,9 Steensland Center,VIC,Australia,3103,4.0,5688.53
2849,Palm,Bartoszek,Male,65,1994-03-27,29.0,NA,n/a,High Net Worth,N,5 Golf Course Street,NSW,Australia,2300,4.0,4089.64
2850,Andie,Shorto,Female,74,1972-10-13,50.0,Director of Sales,n/a,Mass Customer,N,70 Shopko Drive,NSW,Australia,2487,8.0,8150.63
2851,Ulberto,Haking,Male,36,1975-12-17,47.0,Programmer IV,Entertainment,Affluent Customer,N,11035 Toban Lane,NSW,Australia,2770,8.0,9202.86
2852,Clarinda,Noen,Female,20,1971-07-22,51.0,Biostatistician I,Property,High Net Worth,N,35 Eastwood Plaza,VIC,Australia,3163,6.0,5653.25
2853,Clarence,Flook,Male,65,1985-10-21,37.0,Executive Secretary,Retail,High Net Worth,N,52 Ruskin Pass,NSW,Australia,2089,8.0,7406.20
2854,Vikky,Dyde,U,49,,,Project Manager,IT,High Net Worth,N,3306 Bartelt Alley,NSW,Australia,2323,4.0,4440.58
2855,Kim,Tineman,Female,81,1975-09-13,47.0,Nurse Practicioner,Manufacturing,Mass Customer,N,9179 Esker Park,NSW,Australia,2155,2.0,255.35
2856,Milissent,Deinert,Female,53,1976-09-25,46.0,Marketing Manager,Financial Services,Mass Customer,N,57 Village Green Center,NSW,Australia,2077,7.0,10712.48
2857,Alanna,Geram,Female,9,1957-04-05,66.0,Biostatistician I,Manufacturing,Mass Customer,N,352 Roth Street,QLD,Australia,4300,6.0,9453.00
2858,Benedicto,Radki,Male,4,2002-01-09,21.0,Recruiting Manager,n/a,Mass Customer,N,0555 Tomscot Plaza,NSW,Australia,2044,5.0,7216.99
2859,Brandais,Goodlad,Female,98,1994-02-04,29.0,Assistant Professor,Agriculture,High Net Worth,N,3519 Schurz Alley,QLD,Australia,4034,8.0,4286.34
2860,Charity,Robken,Female,13,1995-10-02,27.0,Physical Therapy Assistant,n/a,Mass Customer,N,221 Autumn Leaf Trail,NSW,Australia,2564,10.0,14348.84
2861,Cecelia,Franzini,Female,4,1974-12-24,48.0,VP Quality Control,Financial Services,Mass Customer,N,12689 Logan Terrace,QLD,Australia,4154,8.0,10505.84
2862,Normand,Pattillo,Male,46,1987-12-23,35.0,Cost Accountant,Financial Services,Mass Customer,N,4623 Anniversary Terrace,NSW,Australia,2031,5.0,6074.70
2863,Alisander,Fetherstone,Male,90,1965-03-26,58.0,Internal Auditor,Manufacturing,Mass Customer,N,69 Dexter Parkway,NSW,Australia,2460,1.0,1071.23
2864,Mariejeanne,Laise,Female,36,1974-12-26,48.0,Analog Circuit Design manager,IT,Mass Customer,N,3 Vermont Junction,VIC,Australia,3757,4.0,5626.43
2865,Lila,Eyeington,Female,11,1997-12-14,25.0,Electrical Engineer,Manufacturing,High Net Worth,N,6804 Red Cloud Parkway,NSW,Australia,2099,7.0,8612.31
2866,Ky,Stredder,Male,10,1995-06-26,28.0,NA,Health,High Net Worth,N,6 Haas Park,NSW,Australia,2750,4.0,3831.25
2867,Lem,Meegan,Male,53,1955-10-19,67.0,Sales Associate,n/a,High Net Worth,N,72 Ludington Circle,NSW,Australia,2770,5.0,2569.80
2868,Corina,Thurlbeck,Female,20,1972-05-21,51.0,Technical Writer,Retail,High Net Worth,N,558 Grayhawk Circle,NSW,Australia,2086,4.0,2920.09
2869,Gavra,Woolvin,Female,19,2001-01-16,22.0,NA,Manufacturing,Affluent Customer,N,04470 Mcguire Trail,NSW,Australia,2070,6.0,7228.45
2870,Aldis,Chazerand,Male,99,1957-12-26,65.0,NA,n/a,Mass Customer,N,10434 Melby Pass,NSW,Australia,2200,2.0,1141.84
2871,Hubie,Keld,Male,49,1978-03-20,45.0,Assistant Media Planner,Entertainment,High Net Worth,N,60717 Farmco Center,NSW,Australia,2047,6.0,5662.49
2872,Tabbi,Tyght,Female,52,1974-02-17,49.0,Assistant Professor,Health,Affluent Customer,N,78814 Sundown Drive,QLD,Australia,4810,7.0,7041.06
2873,Elvina,Saiger,Female,59,1981-06-25,42.0,Cost Accountant,Financial Services,Mass Customer,N,62293 Raven Parkway,NSW,Australia,2486,3.0,3244.63
2874,Delores,Ashcroft,Female,97,1977-12-28,45.0,Nuclear Power Engineer,Manufacturing,Affluent Customer,N,08 Monterey Avenue,VIC,Australia,3043,11.0,16474.75
2875,Keven,Leahair,Male,71,1998-10-23,24.0,Financial Analyst,Financial Services,High Net Worth,N,2241 Bonner Trail,QLD,Australia,4221,4.0,4315.27
2876,Swen,McGarahan,Male,68,1981-01-29,42.0,General Manager,Retail,High Net Worth,N,7 Bartillon Junction,NSW,Australia,2044,1.0,416.98
2877,Vaughan,Frank,Male,59,1967-11-01,55.0,Senior Sales Associate,Property,Affluent Customer,N,463 Bultman Crossing,QLD,Australia,4211,9.0,9184.21
2878,Sauveur,Skeel,Male,73,1985-10-31,37.0,Analog Circuit Design manager,Property,Mass Customer,N,12574 Truax Alley,NSW,Australia,2316,3.0,2841.03
2879,Tatum,Askem,Female,62,1974-04-09,49.0,Executive Secretary,Agriculture,Mass Customer,N,77433 Sunfield Court,VIC,Australia,3179,8.0,9983.98
2880,Ingra,Kelby,Male,43,1967-11-15,55.0,Legal Assistant,Health,Mass Customer,N,8647 La Follette Court,NSW,Australia,2067,8.0,12780.52
2881,Ezra,Steffan,Male,71,1962-09-27,60.0,Associate Professor,Health,Affluent Customer,N,8750 Corben Trail,NSW,Australia,2089,6.0,7549.97
2882,Claudia,Doog,Female,62,1986-04-26,37.0,Chief Design Engineer,Manufacturing,Mass Customer,N,8250 Johnson Point,QLD,Australia,4115,2.0,2515.68
2883,Ulick,Bruty,Male,84,1995-05-19,28.0,Paralegal,Financial Services,Mass Customer,N,4 Vahlen Alley,NSW,Australia,2756,7.0,10964.96
2884,Karola,Conneely,Female,99,1962-01-06,61.0,Assistant Professor,n/a,Mass Customer,N,8369 Golf Court,NSW,Australia,2777,8.0,7231.57
2885,Minnie,Rolley,Female,70,1969-07-03,53.0,Compensation Analyst,Financial Services,Mass Customer,N,17 Sachs Street,NSW,Australia,2761,9.0,12939.35
2886,Lulu,Watkiss,Female,39,1961-08-08,61.0,Nurse Practicioner,n/a,Mass Customer,N,53683 Arapahoe Parkway,NSW,Australia,2121,8.0,10244.62
2887,Gardiner,Spehr,Male,42,1974-02-24,49.0,Speech Pathologist,Financial Services,High Net Worth,N,177 Forest Run Crossing,NSW,Australia,2046,9.0,7996.12
2888,Hamel,Crosser,Male,37,1962-05-23,61.0,Project Manager,IT,High Net Worth,N,5674 Superior Point,NSW,Australia,2528,6.0,6700.11
2889,Ximenes,Patmore,Male,55,1986-04-01,37.0,Assistant Professor,n/a,Mass Customer,N,37595 Packers Terrace,VIC,Australia,3064,5.0,6098.48
2890,Nevile,Ecclesall,Male,64,1959-05-17,64.0,Speech Pathologist,n/a,Affluent Customer,N,63 Bayside Center,NSW,Australia,2018,7.0,8037.32
2891,Renae,Ughetti,Female,5,1987-02-22,36.0,Nuclear Power Engineer,Manufacturing,High Net Worth,N,32 Calypso Park,NSW,Australia,2481,7.0,7339.78
2892,Paulie,Wolffers,Male,59,1965-05-09,58.0,Junior Executive,Manufacturing,Affluent Customer,N,4 Ilene Street,NSW,Australia,2145,5.0,7176.53
2893,Erik,Pothecary,Male,84,1980-09-23,42.0,Analog Circuit Design manager,n/a,Mass Customer,N,289 Lerdahl Terrace,NSW,Australia,2763,3.0,4825.25
2894,Gilburt,,Male,91,1977-04-19,46.0,Geologist III,Financial Services,Mass Customer,N,666 Holy Cross Parkway,QLD,Australia,4818,9.0,14621.73
2895,Lind,Ilory,Female,85,1967-03-15,56.0,Librarian,Entertainment,Mass Customer,N,5 Forster Center,NSW,Australia,2075,2.0,1390.68
2896,Chryste,Deaville,Female,5,1970-03-25,53.0,Financial Advisor,Financial Services,Mass Customer,N,2072 Fremont Parkway,VIC,Australia,3082,2.0,2648.50
2897,Kimbra,Gerraty,Female,94,1962-04-14,61.0,Assistant Professor,Manufacturing,Affluent Customer,N,17 Dapin Avenue,VIC,Australia,3189,5.0,4919.08
2898,Tiertza,Hilldrop,Female,81,1965-06-05,58.0,VP Sales,n/a,Affluent Customer,N,552 Talisman Circle,NSW,Australia,2250,4.0,4846.94
2899,Leora,Sanderson,Female,13,1990-03-21,33.0,Nuclear Power Engineer,Manufacturing,High Net Worth,N,75717 Bartillon Road,NSW,Australia,2880,6.0,4837.06
2900,Cyrille,Figliovanni,Male,29,1986-05-30,37.0,Occupational Therapist,Health,Mass Customer,N,0 Caliangt Pass,NSW,Australia,2530,3.0,4234.34
2901,Banky,Baudichon,Male,77,1995-06-11,28.0,NA,Manufacturing,Mass Customer,N,848 Cascade Alley,QLD,Australia,4301,7.0,10591.66
2902,Stacia,Gritsaev,Female,57,1974-12-31,48.0,Human Resources Manager,Financial Services,Mass Customer,N,59231 Claremont Place,NSW,Australia,2170,2.0,1591.08
2903,Avery,Adamov,Male,47,1977-09-20,45.0,Operator,Manufacturing,Affluent Customer,N,493 Calypso Center,NSW,Australia,2170,3.0,3748.99
2904,Freddi,Arrington,Female,26,1977-06-30,45.0,Software Test Engineer III,Manufacturing,High Net Worth,N,25 Schlimgen Terrace,NSW,Australia,2211,7.0,5580.65
2905,Emily,Shackel,Female,34,1964-05-18,59.0,Account Representative I,n/a,Mass Customer,N,38 Thompson Plaza,NSW,Australia,2452,4.0,4341.73
2906,Ivory,MacKnocker,Female,93,1992-07-02,30.0,GIS Technical Architect,Retail,Mass Customer,N,72850 Lotheville Junction,NSW,Australia,2480,4.0,4835.93
2907,Erik,,Male,89,1977-01-15,46.0,Senior Financial Analyst,Financial Services,High Net Worth,N,0 Lakeland Pass,VIC,Australia,3195,7.0,7167.57
2908,Tiffy,Feenan,Female,42,1955-09-21,67.0,Social Worker,Health,Affluent Customer,N,8188 Fuller Hill,VIC,Australia,3175,6.0,4733.54
2909,Jayme,Rowthorn,Female,31,1979-09-05,43.0,Associate Professor,Entertainment,High Net Worth,N,6815 South Junction,VIC,Australia,3198,7.0,4587.64
2910,Drucill,Petrus,Female,15,1962-12-17,60.0,Registered Nurse,Health,Mass Customer,N,46418 Hauk Pass,VIC,Australia,3184,8.0,6866.41
2911,Janenna,Knowlman,Female,55,1968-04-26,55.0,Assistant Media Planner,Entertainment,Mass Customer,N,3 Nancy Circle,VIC,Australia,3106,2.0,1875.15
2912,Tobit,,Male,60,1976-08-18,46.0,NA,n/a,High Net Worth,N,7916 Clyde Gallagher Place,NSW,Australia,2075,13.0,11753.37
2913,Padraic,Bonnar,Male,44,1955-07-11,67.0,VP Quality Control,IT,Affluent Customer,N,24913 Twin Pines Terrace,VIC,Australia,3350,6.0,6044.89
2914,Jessamine,Brazear,Female,76,1982-11-06,40.0,Health Coach IV,Health,Affluent Customer,N,3 Barnett Way,NSW,Australia,2763,12.0,14390.04
2915,Enrichetta,Broadberry,Female,32,1975-06-02,48.0,Budget/Accounting Analyst IV,Manufacturing,Mass Customer,N,928 Laurel Circle,QLD,Australia,4868,7.0,7932.41
2916,Lauren,Adolfson,Male,23,1969-08-03,53.0,Product Engineer,Manufacturing,Affluent Customer,N,2 Blue Bill Park Lane,QLD,Australia,4220,7.0,8989.53
2917,Siegfried,Hulmes,Male,21,1976-07-11,46.0,NA,Manufacturing,Affluent Customer,N,937 Sloan Center,QLD,Australia,4118,5.0,6402.85
2918,Elli,,Female,58,1989-02-15,34.0,NA,Financial Services,Mass Customer,N,66 Arrowood Court,QLD,Australia,4551,7.0,9453.58
2919,Rustin,,Male,47,1964-10-31,58.0,Safety Technician I,Financial Services,High Net Worth,N,11 Glendale Court,QLD,Australia,4121,6.0,4775.05
2920,Casar,Ritchley,U,0,,,Business Systems Development Analyst,IT,Mass Customer,N,7066 Sunbrook Terrace,NSW,Australia,2299,2.0,2787.82
2921,Astrid,Pheadair,Female,15,1976-04-12,47.0,NA,Financial Services,Mass Customer,N,210 Prairie Rose Hill,QLD,Australia,4060,5.0,5383.03
2922,Wallache,Tatlow,Male,34,1981-12-10,41.0,Sales Associate,Manufacturing,Affluent Customer,N,2 Jackson Way,QLD,Australia,4210,5.0,5507.02
2923,Julie,Kennagh,Female,46,1971-11-30,51.0,Teacher,n/a,Affluent Customer,N,3957 American Ash Plaza,NSW,Australia,2440,7.0,7269.01
2924,Fina,McLaughlin,Female,79,1988-01-26,35.0,Assistant Media Planner,Entertainment,Mass Customer,N,90 Nobel Way,VIC,Australia,3166,6.0,5940.19
2925,Henderson,Sloey,Male,36,1978-05-02,45.0,Business Systems Development Analyst,Financial Services,Affluent Customer,N,00 Heath Road,NSW,Australia,2259,5.0,4913.17
2926,Jonie,Bickerstasse,Female,27,1963-03-20,60.0,Research Nurse,Health,High Net Worth,N,970 Randy Crossing,QLD,Australia,4005,4.0,2795.44
2927,Yard,Spellman,Male,49,1960-09-08,62.0,VP Sales,Manufacturing,Affluent Customer,N,723 Center Court,VIC,Australia,3933,3.0,4096.32
2928,Cedric,Layzell,Male,92,1992-12-27,30.0,Office Assistant I,n/a,Mass Customer,N,423 Golf Point,NSW,Australia,2044,5.0,6570.93
2929,Winny,Cakes,Male,97,1999-07-28,23.0,Nurse,Retail,Mass Customer,N,415 Walton Lane,QLD,Australia,4883,9.0,11396.99
2930,Goddard,Benthall,Male,46,1997-07-25,25.0,Assistant Media Planner,Entertainment,Mass Customer,N,51 Bay Junction,NSW,Australia,2081,7.0,5623.05
2931,Efren,Twiddell,Male,61,1979-01-27,44.0,Executive Secretary,IT,Mass Customer,N,16673 Pawling Point,QLD,Australia,4702,6.0,5263.33
2932,Bradly,Deboick,Male,4,1985-04-18,38.0,Account Representative I,IT,Mass Customer,N,2875 Anhalt Court,QLD,Australia,4570,10.0,11533.10
2933,Ralf,Presidey,Male,61,1986-04-19,37.0,Administrative Officer,Retail,Affluent Customer,N,7561 Donald Center,VIC,Australia,3810,5.0,5327.96
2934,Candida,Hickenbottom,Female,26,1986-04-08,37.0,Media Manager III,Telecommunications,Mass Customer,N,13282 Pond Circle,NSW,Australia,2471,6.0,8189.72
2935,Jessi,Aldwich,Female,41,1978-04-23,45.0,NA,Manufacturing,Mass Customer,N,1 Farwell Center,NSW,Australia,2199,7.0,5049.97
2936,Pavia,Gethen,Female,23,1984-05-20,39.0,Project Manager,Financial Services,Mass Customer,N,7 New Castle Terrace,NSW,Australia,2223,7.0,10669.63
2937,Belia,Mitchener,Female,47,1974-07-29,48.0,Computer Systems Analyst I,Financial Services,Mass Customer,N,572 Spohn Drive,VIC,Australia,3046,7.0,11473.75
2938,Richardo,Cocher,Male,79,2000-02-21,23.0,Assistant Manager,Agriculture,Affluent Customer,N,53 Hintze Circle,QLD,Australia,4005,5.0,7406.41
2939,Austina,Dugan,Female,38,1986-08-10,36.0,GIS Technical Architect,n/a,Mass Customer,N,72 Buell Pass,NSW,Australia,2200,4.0,3757.80
2940,Wilek,Adolf,Male,83,1970-11-12,52.0,Business Systems Development Analyst,n/a,Affluent Customer,N,5748 Walton Court,QLD,Australia,4114,7.0,7272.72
2941,Emylee,Pavlov,Female,38,1963-08-05,59.0,NA,Retail,Mass Customer,N,692 Anniversary Junction,QLD,Australia,4207,5.0,5377.06
2942,Garner,Arnolds,Male,10,1970-07-15,52.0,Software Engineer III,n/a,High Net Worth,N,5060 Donald Park,NSW,Australia,2539,8.0,5856.92
2943,Caesar,,Male,65,1979-01-10,44.0,VP Sales,n/a,High Net Worth,N,7 Debs Park,QLD,Australia,4157,7.0,5852.09
2944,Kimball,Scutter,Male,45,1977-06-05,46.0,Environmental Specialist,Manufacturing,Affluent Customer,N,797 Orin Terrace,NSW,Australia,2119,6.0,5659.57
2945,Arlan,,Male,79,1972-05-26,51.0,Safety Technician IV,n/a,Mass Customer,N,978 Dennis Way,NSW,Australia,2233,3.0,3187.24
2946,Paige,Bax,Male,14,1990-11-21,32.0,NA,Property,Mass Customer,N,4 Glendale Crossing,VIC,Australia,3148,10.0,10288.24
2947,Standford,Sauter,Male,75,1977-10-13,45.0,NA,Manufacturing,Mass Customer,N,64107 Little Fleur Trail,QLD,Australia,4211,6.0,5990.41
2948,Yank,Scarlett,Male,23,1997-01-17,26.0,Internal Auditor,Manufacturing,Mass Customer,N,68473 Leroy Avenue,QLD,Australia,4105,5.0,4758.83
2949,Alexa,Simanek,Female,68,1977-09-21,45.0,NA,Telecommunications,Mass Customer,N,321 Muir Crossing,VIC,Australia,3175,3.0,2953.12
2950,Kristos,Anthony,Male,19,1955-01-11,68.0,Software Engineer I,Financial Services,Mass Customer,N,984 Hoepker Court,VIC,Australia,3064,3.0,1953.15
2951,Duffy,Godbehere,Male,13,1977-09-25,45.0,Community Outreach Specialist,Financial Services,High Net Worth,N,24 Green Parkway,VIC,Australia,3437,9.0,8199.24
2952,Cristy,McQuirter,Female,28,1975-04-25,48.0,Senior Developer,Manufacturing,High Net Worth,N,10 Kensington Avenue,NSW,Australia,2117,5.0,4707.14
2953,Hector,Carwithan,Male,45,1972-10-26,50.0,Recruiting Manager,Health,High Net Worth,N,75848 Ohio Lane,VIC,Australia,3037,5.0,4243.77
2954,Albertine,Fibbitts,Female,23,1974-03-24,49.0,Pharmacist,Health,Mass Customer,N,3 New Castle Terrace,VIC,Australia,3032,6.0,5047.31
2955,Stuart,Dutnell,Male,74,1990-03-19,33.0,Community Outreach Specialist,Financial Services,High Net Worth,N,7 Blue Bill Park Lane,NSW,Australia,2765,8.0,7250.78
2956,Thedric,Bolding,Male,17,1959-12-16,63.0,Quality Control Specialist,Telecommunications,Mass Customer,N,8007 Dawn Terrace,NSW,Australia,2166,7.0,7916.71
2957,Hurlee,Helleckas,Male,66,1969-11-21,53.0,Social Worker,Health,Affluent Customer,N,02555 Sloan Way,NSW,Australia,2259,3.0,3938.57
2958,Regan,Botly,Male,10,1975-11-23,47.0,Health Coach II,Manufacturing,Affluent Customer,N,337 Brentwood Pass,NSW,Australia,2529,7.0,7108.93
2959,Max,Gonthier,Female,1,1953-11-23,69.0,Registered Nurse,Health,Mass Customer,N,4052 Katie Court,QLD,Australia,4300,3.0,3525.57
2960,Hollie,MacEllen,Female,6,1976-07-16,46.0,Design Engineer,Property,Mass Customer,N,3 Comanche Court,NSW,Australia,2537,3.0,5056.10
2961,Merv,Barradell,Male,56,1975-03-22,48.0,Assistant Manager,Health,Mass Customer,N,8 Roxbury Way,VIC,Australia,3031,6.0,9317.62
2962,Shari,MacCallester,Female,26,1971-07-12,51.0,Information Systems Manager,Property,Mass Customer,N,860 Banding Terrace,NSW,Australia,2029,3.0,2837.74
2963,Christin,Fricke,U,17,,,Safety Technician II,IT,Affluent Customer,N,5 Knutson Crossing,NSW,Australia,2114,5.0,3821.02
2964,Geneva,McCrystal,Female,36,1974-01-07,49.0,Product Engineer,Telecommunications,Mass Customer,N,9217 Bashford Parkway,NSW,Australia,2023,2.0,3630.46
2965,Lynna,Greenrod,Female,24,1972-12-15,50.0,NA,n/a,High Net Worth,N,197 Goodland Crossing,NSW,Australia,2320,6.0,4205.82
2966,Fredi,Aldhous,Female,81,1969-05-22,54.0,Dental Hygienist,Health,Mass Customer,N,373 Hayes Terrace,NSW,Australia,2010,5.0,5009.32
2967,Dud,Coom,Male,60,1979-09-14,43.0,Social Worker,Health,Affluent Customer,N,3673 Jenna Center,QLD,Australia,4301,3.0,4699.01
2968,Lek,Viel,Male,38,1977-11-25,45.0,Human Resources Assistant III,Retail,High Net Worth,N,8 Glendale Terrace,QLD,Australia,4014,7.0,4894.31
2969,Pascale,Cuxson,Male,12,1974-11-05,48.0,Database Administrator IV,n/a,Mass Customer,N,22239 Waubesa Way,NSW,Australia,2763,6.0,7362.72
2970,Cassi,Noades,Female,64,1992-12-08,30.0,Software Consultant,Financial Services,Mass Customer,N,6604 Hansons Court,NSW,Australia,2760,4.0,4609.39
2971,Esther,Caught,Female,5,1968-01-16,55.0,Marketing Assistant,Manufacturing,High Net Worth,N,6 Weeping Birch Pass,NSW,Australia,2064,3.0,2369.76
2972,Deena,Burnsides,Female,11,1956-03-18,67.0,NA,n/a,High Net Worth,N,2126 Debra Point,NSW,Australia,2127,4.0,3309.50
2973,Torr,Mintram,Male,34,1972-05-12,51.0,Senior Developer,Health,High Net Worth,N,726 Erie Center,VIC,Australia,3106,4.0,3306.34
2974,Hyacinthia,Settle,Female,1,1975-09-28,47.0,Engineer IV,Financial Services,High Net Worth,N,98 Tomscot Center,VIC,Australia,3442,2.0,727.91
2975,Deva,Carnow,Female,67,1981-03-09,42.0,Senior Cost Accountant,Financial Services,Mass Customer,N,26223 Warrior Terrace,NSW,Australia,2204,3.0,4429.83
2976,Lindsay,Beausang,Male,16,1964-08-07,58.0,Tax Accountant,Health,Mass Customer,N,85 Kim Way,VIC,Australia,3140,4.0,6239.15
2977,Ottilie,Filkov,Female,28,1977-10-16,45.0,Community Outreach Specialist,n/a,Affluent Customer,N,0338 Oakridge Crossing,VIC,Australia,3030,5.0,6457.17
2978,Erasmus,Winckworth,Male,96,1974-05-07,49.0,Programmer IV,Manufacturing,Affluent Customer,N,3 Hudson Circle,NSW,Australia,2250,3.0,2701.22
2979,Louella,Mandifield,Female,39,1976-07-25,46.0,Tax Accountant,Retail,Mass Customer,N,8594 Warner Park,VIC,Australia,3053,4.0,3936.52
2980,Di,Plaid,Female,27,1979-12-22,43.0,Chemical Engineer,Manufacturing,Mass Customer,N,6136 Farragut Plaza,VIC,Australia,3181,6.0,7498.77
2981,Benny,Jadczak,Male,26,1980-03-30,43.0,Sales Representative,Retail,High Net Worth,N,9 7th Pass,NSW,Australia,2760,7.0,4478.31
2982,Celisse,McCloughen,Female,30,1982-08-08,40.0,Senior Cost Accountant,Financial Services,Mass Customer,N,1 Graceland Trail,VIC,Australia,3195,7.0,9529.29
2983,Hilario,Magrane,Male,2,1985-01-26,38.0,Human Resources Manager,Retail,Mass Customer,N,64 Northview Pass,VIC,Australia,3163,5.0,7822.08
2984,Frances,Mishaw,Female,48,1959-05-23,64.0,Payment Adjustment Coordinator,Manufacturing,Mass Customer,N,0 Hayes Hill,NSW,Australia,2106,5.0,6200.10
2985,Kerby,Nesfield,Male,69,1986-10-14,36.0,Sales Representative,Retail,Affluent Customer,N,3 Mariners Cove Terrace,NSW,Australia,2216,10.0,11332.27
2986,Ettore,Bere,Male,60,1980-09-01,42.0,NA,Financial Services,Mass Customer,N,130 Thompson Plaza,NSW,Australia,2199,9.0,10969.18
2987,Riane,Schultes,Female,51,1984-11-21,38.0,Media Manager II,n/a,High Net Worth,N,23812 Tony Lane,NSW,Australia,2036,5.0,4468.35
2988,Darrelle,Michie,Female,20,1998-02-02,25.0,Administrative Officer,n/a,Mass Customer,N,3206 Debs Point,VIC,Australia,3071,8.0,9719.11
2989,Mort,,Male,37,2000-10-25,22.0,Dental Hygienist,Health,High Net Worth,N,60 Fulton Trail,NSW,Australia,2234,9.0,9736.30
2990,Brice,Martinuzzi,Male,65,1978-03-16,45.0,GIS Technical Architect,Agriculture,High Net Worth,N,3 Lukken Road,NSW,Australia,2066,7.0,5370.93
2991,Fred,Catanheira,Female,48,1964-06-27,59.0,Desktop Support Technician,Financial Services,Mass Customer,N,424 Almo Junction,NSW,Australia,2830,6.0,6062.26
2992,Crystal,Assur,Female,26,1974-05-31,49.0,Clinical Specialist,Health,Mass Customer,N,9610 Gateway Trail,VIC,Australia,3429,8.0,10530.96
2993,Blinnie,Hazelden,Female,85,1995-03-07,28.0,Graphic Designer,Financial Services,Affluent Customer,N,00 Cordelia Trail,NSW,Australia,2138,8.0,11972.37
2994,Karlen,Iacovacci,Female,26,1976-08-30,46.0,Accountant II,Manufacturing,Mass Customer,N,5 Shelley Pass,NSW,Australia,2763,3.0,1241.11
2995,Garvin,Cunradi,Male,60,1997-01-14,26.0,NA,Health,Mass Customer,N,24 Old Shore Crossing,NSW,Australia,2250,5.0,5632.38
2996,Jerrylee,Shinfield,Female,67,1967-05-05,56.0,Cost Accountant,Financial Services,Mass Customer,N,93 Lawn Road,QLD,Australia,4212,3.0,4774.51
2997,Jo-ann,Carlile,Female,57,1973-05-17,50.0,Computer Systems Analyst II,Health,Affluent Customer,N,09 Texas Plaza,QLD,Australia,4285,6.0,6235.18
2998,Quintana,Housley,Female,34,2000-12-19,22.0,Nurse Practicioner,Manufacturing,High Net Worth,N,99 Lawn Court,QLD,Australia,4556,3.0,3915.46
2999,Rinaldo,Diggin,U,28,,,Business Systems Development Analyst,IT,Affluent Customer,N,4 Loftsgordon Avenue,VIC,Australia,3023,11.0,13698.96
3000,Tann,McCard,Male,28,1974-05-15,49.0,Compensation Analyst,Financial Services,Affluent Customer,N,0 Lakewood Street,NSW,Australia,2144,4.0,4848.29
3001,Gal,Waleran,Male,48,1977-07-22,45.0,Engineer IV,Agriculture,Mass Customer,N,2 Hagan Hill,NSW,Australia,2155,4.0,4664.80
3002,Tracey,Verdun,Male,62,1956-12-06,66.0,Paralegal,Financial Services,Mass Customer,N,673 Comanche Parkway,NSW,Australia,2470,7.0,7201.75
3003,Brita,Tupie,Female,72,1963-05-02,60.0,Web Developer I,Retail,Mass Customer,N,78 Algoma Circle,NSW,Australia,2166,9.0,8364.29
3004,Waylon,Hammant,Male,82,1955-02-20,68.0,Research Assistant II,Health,Mass Customer,N,9 Swallow Avenue,VIC,Australia,3179,5.0,5048.79
3005,Rafaellle,Tantrum,Male,36,1969-01-05,54.0,Human Resources Manager,Property,Affluent Customer,N,90 Loftsgordon Plaza,NSW,Australia,2216,3.0,3682.55
3006,Ariel,Dillingston,Female,72,1988-12-06,34.0,NA,n/a,Mass Customer,N,921 Reinke Road,NSW,Australia,2529,4.0,5912.10
3007,Tudor,Pepper,Male,38,1973-05-22,50.0,Environmental Tech,Manufacturing,Mass Customer,N,5913 Ramsey Road,NSW,Australia,2478,7.0,10024.13
3008,Etta,Criag,Female,40,1982-05-13,41.0,NA,Health,High Net Worth,N,91 Jay Drive,NSW,Australia,2560,6.0,5774.15
3009,Hephzibah,Cliffe,Female,11,1977-04-02,46.0,NA,Health,High Net Worth,N,72 Dennis Road,VIC,Australia,3805,4.0,4248.76
3010,Tobye,Cock,Female,16,1970-05-20,53.0,NA,n/a,Affluent Customer,N,90 Darwin Crossing,NSW,Australia,2767,5.0,5301.96
3011,Robena,Barks,Female,84,1994-05-11,29.0,Staff Scientist,Financial Services,High Net Worth,N,54 Nevada Plaza,NSW,Australia,2096,4.0,2286.90
3012,Devland,Probart,U,81,,,Technical Writer,IT,Mass Customer,N,8003 Pepper Wood Way,VIC,Australia,3250,6.0,9204.57
3013,Lorain,Eddisforth,Female,94,1968-07-28,54.0,Office Assistant III,Property,High Net Worth,N,399 Butterfield Crossing,QLD,Australia,4115,9.0,7550.64
3014,Terrijo,Merlin,Female,59,2001-03-30,22.0,Software Engineer II,n/a,High Net Worth,N,26378 Esch Junction,NSW,Australia,2065,9.0,7360.92
3015,Queenie,Flips,Female,25,2000-09-02,22.0,Assistant Manager,Retail,Affluent Customer,N,2942 Swallow Trail,QLD,Australia,4214,10.0,14529.95
3016,Forster,Bumford,Male,25,1985-08-11,37.0,Analog Circuit Design manager,Financial Services,High Net Worth,N,7 Anzinger Drive,NSW,Australia,2745,5.0,5945.56
3017,Jason,Lorenzo,Male,88,1955-10-05,67.0,Operator,Financial Services,Affluent Customer,N,885 Larry Park,VIC,Australia,3140,6.0,7644.20
3018,Ainsley,Nissle,Female,16,1971-08-24,51.0,Recruiter,n/a,High Net Worth,N,95 Sutteridge Crossing,NSW,Australia,2567,5.0,3429.94
3019,Alonso,Ceyssen,Male,98,1986-02-02,37.0,Community Outreach Specialist,Manufacturing,Affluent Customer,N,13 Alpine Lane,NSW,Australia,2228,3.0,4258.98
3020,Witty,McArthur,Male,13,1965-12-24,57.0,Chemical Engineer,Manufacturing,High Net Worth,N,2 Scott Pass,QLD,Australia,4870,12.0,8955.49
3021,Parker,Lukacs,Male,4,1983-01-18,40.0,NA,n/a,Mass Customer,N,7 Debra Point,VIC,Australia,3175,7.0,8114.92
3022,Gert,Kurtis,Female,21,1988-08-23,34.0,NA,n/a,High Net Worth,N,27 Schlimgen Way,QLD,Australia,4116,5.0,3488.65
3023,Rikki,Bernet,Female,37,1994-12-09,28.0,Accountant I,IT,High Net Worth,N,238 New Castle Alley,NSW,Australia,2166,4.0,2689.66
3024,Franz,Craddy,Male,86,1959-01-08,64.0,NA,Health,Mass Customer,N,010 Stuart Way,VIC,Australia,3056,2.0,3539.28
3025,Osgood,Stolting,Male,27,1977-04-23,46.0,Compensation Analyst,Financial Services,Mass Customer,N,7609 Jackson Terrace,NSW,Australia,2155,2.0,2656.63
3026,Minda,Pendrid,Female,11,1988-11-21,34.0,Account Representative III,Property,Mass Customer,N,520 Parkside Lane,NSW,Australia,2164,6.0,5618.62
3027,Augy,Rudall,Male,83,1977-10-30,45.0,Research Nurse,Health,Mass Customer,N,7046 Fairview Place,QLD,Australia,4510,5.0,3296.91
3028,Leandra,Schubert,Female,67,1956-07-07,66.0,General Manager,Manufacturing,High Net Worth,N,7 Scoville Trail,QLD,Australia,4304,5.0,4662.98
3029,Timmie,Gori,Male,85,1978-07-17,44.0,Business Systems Development Analyst,Manufacturing,Mass Customer,N,31435 Eagle Crest Drive,NSW,Australia,2230,4.0,5099.51
3030,Flor,Agnew,Female,68,1998-05-21,25.0,Technical Writer,Manufacturing,Affluent Customer,N,4 Crescent Oaks Alley,NSW,Australia,2541,7.0,7357.95
3031,Diego,Bertelmot,Male,95,1996-02-02,27.0,Staff Scientist,Health,Mass Customer,N,50 7th Circle,QLD,Australia,4305,5.0,7021.02
3032,Renado,Wonfor,Male,53,1992-08-02,30.0,Analog Circuit Design manager,Health,Affluent Customer,N,7 Lerdahl Court,QLD,Australia,4207,7.0,11294.20
3033,Danielle,Kener,Female,60,1979-03-17,44.0,Administrative Officer,Financial Services,High Net Worth,N,677 Eagan Trail,VIC,Australia,3183,2.0,2523.20
3034,Mara,Tofanini,Female,54,1956-09-09,66.0,Web Designer IV,Manufacturing,Mass Customer,N,638 Browning Terrace,VIC,Australia,3079,5.0,5959.28
3035,Sigfrid,Caldecot,Male,98,1980-04-15,43.0,Associate Professor,Health,High Net Worth,N,731 Haas Trail,NSW,Australia,2125,5.0,4251.32
3036,Windy,Orehead,Female,24,1977-04-17,46.0,Business Systems Development Analyst,Property,Affluent Customer,N,2 Grim Court,NSW,Australia,2168,5.0,8973.98
3037,Leanora,Isles,Female,30,1971-10-27,51.0,Legal Assistant,Financial Services,High Net Worth,N,01654 Milwaukee Plaza,NSW,Australia,2000,3.0,2757.72
3038,Hermione,,Female,45,1958-04-08,65.0,Senior Developer,n/a,High Net Worth,N,42 Arizona Pass,QLD,Australia,4510,6.0,3959.07
3039,Coralie,Guitonneau,Female,52,1968-07-28,54.0,NA,Financial Services,Affluent Customer,N,94611 Cascade Parkway,NSW,Australia,2763,9.0,10568.30
3040,Kameko,Kinrade,Female,87,1966-11-28,56.0,General Manager,Retail,Mass Customer,N,1 Melrose Lane,NSW,Australia,2010,2.0,3384.31
3041,Sherrie,Kingaby,Female,20,1974-03-12,49.0,Physical Therapy Assistant,Retail,Mass Customer,N,88537 Erie Court,QLD,Australia,4211,2.0,3469.37
3042,Barris,Trayton,Male,76,1971-03-17,52.0,Engineer II,Property,High Net Worth,N,5649 Crest Line Place,QLD,Australia,4455,6.0,5220.42
3043,Kelcey,Argontt,Female,21,1981-08-03,41.0,Legal Assistant,n/a,Mass Customer,N,05 2nd Point,NSW,Australia,2217,4.0,4497.96
3044,Russell,Brittoner,Male,59,1990-04-11,33.0,Occupational Therapist,Health,Affluent Customer,N,4 Jenifer Hill,VIC,Australia,3147,9.0,11614.61
3045,Renato,Mungham,Male,52,1996-10-02,26.0,Cost Accountant,Financial Services,Affluent Customer,N,5999 Waxwing Lane,QLD,Australia,4511,6.0,9335.06
3046,Shela,Ridgers,Female,53,1964-06-07,59.0,Programmer Analyst III,Manufacturing,Affluent Customer,N,5444 Corry Pass,NSW,Australia,2761,5.0,6608.56
3047,Eddy,Cossans,Male,20,1962-01-14,61.0,Speech Pathologist,Retail,Mass Customer,N,85 Northland Circle,NSW,Australia,2077,5.0,7046.49
3048,Kenon,Messruther,Male,38,1969-05-27,54.0,Legal Assistant,Manufacturing,Mass Customer,N,80302 Stang Parkway,VIC,Australia,3677,13.0,17224.97
3049,Tristam,O'Fallone,Male,72,1967-07-15,55.0,NA,Property,High Net Worth,N,529 Monterey Street,VIC,Australia,3338,3.0,2997.98
3050,Dinnie,Worsom,Female,90,1997-12-04,25.0,NA,n/a,High Net Worth,N,6 Westend Center,NSW,Australia,2546,9.0,10184.05
3051,Edi,Lugton,Female,81,1973-06-06,50.0,NA,Manufacturing,Affluent Customer,N,9357 Dennis Park,NSW,Australia,2010,4.0,6415.21
3052,Lisetta,,Female,72,1976-09-08,46.0,Teacher,n/a,Mass Customer,N,75 Hansons Alley,NSW,Australia,2260,2.0,1216.02
3053,Susie,,Female,67,1984-09-12,38.0,Account Coordinator,Retail,High Net Worth,N,274 Ludington Trail,NSW,Australia,2428,4.0,3058.13
3054,Marieann,Wickey,Female,94,1965-07-14,57.0,Operator,Manufacturing,Affluent Customer,N,6 Service Parkway,QLD,Australia,4275,5.0,7022.29
3055,Viki,Drache,Female,96,1999-08-23,23.0,General Manager,n/a,Mass Customer,N,99142 Eastwood Way,QLD,Australia,4870,10.0,10643.23
3056,Catlin,Storm,Female,43,1968-05-27,55.0,Health Coach II,Entertainment,Mass Customer,N,0264 Birchwood Plaza,VIC,Australia,3802,4.0,4165.67
3057,Mel,Shoebottom,Female,96,1976-03-28,47.0,Executive Secretary,n/a,Mass Customer,N,40 Bowman Crossing,NSW,Australia,2031,7.0,9733.55
3058,Hamnet,Kibblewhite,Male,67,1986-10-10,36.0,Human Resources Manager,Manufacturing,Mass Customer,N,6354 Briar Crest Road,NSW,Australia,2022,5.0,8188.64
3059,Hercules,Klewi,Male,83,1958-06-09,65.0,Accountant IV,n/a,Mass Customer,N,83 Sunfield Hill,VIC,Australia,3216,2.0,3898.92
3060,Milton,Gorini,Male,28,1982-09-14,40.0,VP Accounting,Financial Services,Mass Customer,N,44 Northridge Plaza,NSW,Australia,2166,11.0,15355.81
3061,Evie,Bendtsen,Female,51,1991-03-18,32.0,Office Assistant IV,Manufacturing,Affluent Customer,N,11 Farragut Junction,NSW,Australia,2530,9.0,9060.67
3062,Lesley,Ruskin,Male,78,1962-11-09,60.0,Civil Engineer,Manufacturing,Mass Customer,N,6 Westport Road,QLD,Australia,4350,6.0,6625.83
3063,Andrea,Wildber,Male,74,1999-11-04,23.0,VP Sales,Financial Services,Affluent Customer,N,922 Mccormick Circle,QLD,Australia,4509,5.0,3788.24
3064,Zach,Billison,Male,96,1995-06-14,28.0,Product Engineer,Financial Services,Affluent Customer,N,9317 Mendota Parkway,VIC,Australia,3064,7.0,6989.68
3065,Winna,Brusle,Female,88,1978-01-05,45.0,Recruiter,Financial Services,High Net Worth,N,8303 Mallard Center,NSW,Australia,2234,5.0,4396.16
3066,Renell,Bellocht,Female,29,1995-01-14,28.0,Paralegal,Financial Services,Affluent Customer,N,4 Gateway Court,VIC,Australia,3107,4.0,4277.98
3067,Veronique,Wash,Female,8,1991-01-13,32.0,Chief Design Engineer,Manufacturing,Mass Customer,N,2178 Washington Hill,VIC,Australia,3806,6.0,7095.87
3068,Gill,Branney,Female,88,1990-12-07,32.0,Automation Specialist I,Manufacturing,Affluent Customer,N,0330 Vahlen Trail,VIC,Australia,3072,6.0,5771.16
3069,Phylis,Traves,Female,59,1988-08-12,34.0,Senior Cost Accountant,Financial Services,Affluent Customer,N,4351 Maywood Hill,VIC,Australia,3551,3.0,3104.80
3070,Malissia,Minthorpe,Female,74,1998-07-27,24.0,Account Executive,Health,Affluent Customer,N,537 Amoth Center,NSW,Australia,2220,4.0,2501.05
3071,Shirlee,Murdoch,Female,59,1989-12-25,33.0,Assistant Media Planner,Entertainment,Mass Customer,N,23384 Kings Drive,NSW,Australia,2261,4.0,3954.99
3072,Roma,Prettjohn,Male,87,1979-04-12,44.0,Chemical Engineer,Manufacturing,Mass Customer,N,6269 Oak Valley Avenue,NSW,Australia,2323,7.0,7712.87
3073,Hernando,Farnham,Male,16,1967-04-12,56.0,Nurse,Telecommunications,Affluent Customer,N,74910 Burning Wood Junction,VIC,Australia,3132,3.0,3426.95
3074,Tracie,Grishaev,Male,31,1969-02-18,54.0,VP Quality Control,Health,Mass Customer,N,6278 Old Shore Parkway,NSW,Australia,2250,7.0,8822.95
3075,Corty,Debell,Male,36,1959-10-24,63.0,NA,Entertainment,Mass Customer,N,08180 Golf Park,VIC,Australia,3068,6.0,6226.44
3076,Merna,Eyers,Female,9,1991-10-01,31.0,Professor,Health,Mass Customer,N,1944 Charing Cross Junction,NSW,Australia,2126,4.0,4679.52
3077,Emelen,Gillopp,Male,19,2000-08-11,22.0,Information Systems Manager,Manufacturing,Affluent Customer,N,25578 Mayfield Drive,NSW,Australia,2099,7.0,8452.62
3078,Mariel,Blacksell,Female,54,1982-08-16,40.0,Safety Technician III,Retail,Mass Customer,N,9 Rieder Avenue,NSW,Australia,2798,3.0,3053.58
3079,Yorker,McKevany,Male,34,1959-11-18,63.0,Legal Assistant,Retail,Mass Customer,N,45201 Atwood Place,NSW,Australia,2176,4.0,4030.71
3080,Christoforo,Santus,Male,87,1958-10-06,64.0,Graphic Designer,Financial Services,High Net Worth,N,0680 Veith Court,VIC,Australia,3939,9.0,8059.37
3081,Dodi,Volker,Female,61,1971-07-25,51.0,Mechanical Systems Engineer,n/a,High Net Worth,N,53 Dunning Lane,VIC,Australia,3024,6.0,7692.82
3082,Emlyn,Maile,Male,68,1997-03-28,26.0,NA,Manufacturing,Mass Customer,N,837 Elmside Center,NSW,Australia,2761,5.0,5029.76
3083,Cirillo,Duprey,Male,44,1971-10-17,51.0,NA,n/a,Mass Customer,N,57863 Pond Avenue,NSW,Australia,2773,6.0,4880.06
3084,Birgit,Dowers,Female,57,1959-07-16,63.0,Staff Scientist,Financial Services,Affluent Customer,N,41205 Straubel Place,QLD,Australia,4305,6.0,7652.58
3085,Kaleb,Eslemont,Male,91,1978-01-21,45.0,Accountant IV,n/a,Affluent Customer,N,52 Steensland Place,VIC,Australia,3910,5.0,5421.38
3086,Pieter,Gadesby,U,18,,,Biostatistician I,IT,High Net Worth,N,00183 Arapahoe Pass,QLD,Australia,4116,10.0,8116.77
3087,Gerry,Scatcher,Male,64,1986-04-02,37.0,Social Worker,Health,Mass Customer,N,233 Toban Alley,NSW,Australia,2567,6.0,8245.08
3088,Hilarius,Trenbey,Male,92,1974-05-09,49.0,NA,Retail,Affluent Customer,N,5 Lotheville Parkway,NSW,Australia,2760,7.0,7264.34
3089,Wood,Nathan,Male,27,2000-02-24,23.0,Web Developer III,Manufacturing,Affluent Customer,N,7 Westridge Terrace,QLD,Australia,4504,4.0,6586.48
3090,Zared,Pinchback,Male,81,1964-12-06,58.0,Operator,Manufacturing,Mass Customer,N,98978 Nevada Circle,VIC,Australia,3020,5.0,6579.85
3091,Guenevere,Treffry,Female,88,1995-08-13,27.0,Payment Adjustment Coordinator,Manufacturing,Affluent Customer,N,9503 Aberg Drive,VIC,Australia,3021,2.0,1434.48
3092,Hallie,Blackden,Female,8,1972-12-17,50.0,Statistician IV,n/a,Affluent Customer,N,4 Bayside Place,QLD,Australia,4508,3.0,3324.14
3093,Harwilll,Crimes,Male,31,1992-04-01,31.0,Mechanical Systems Engineer,Property,High Net Worth,N,06 Lighthouse Bay Pass,VIC,Australia,3042,9.0,5845.97
3094,Izak,Andreutti,Male,51,1989-05-28,34.0,Biostatistician II,n/a,Mass Customer,N,67241 Heath Way,NSW,Australia,2151,7.0,6633.12
3095,Joachim,,Male,14,1998-10-11,24.0,Staff Accountant IV,Retail,High Net Worth,N,65620 Michigan Way,VIC,Australia,3141,5.0,6376.37
3096,Lulu,Cabane,Female,32,1973-06-28,50.0,Associate Professor,Financial Services,Mass Customer,N,3075 Victoria Drive,NSW,Australia,2290,3.0,5023.06
3097,Alessandro,Casley,Male,2,1978-05-09,45.0,Actuary,Financial Services,Affluent Customer,N,0 Stephen Lane,NSW,Australia,2170,3.0,3076.92
3098,Tiff,Ovett,Female,77,1980-07-15,42.0,Dental Hygienist,Health,Mass Customer,N,148 Marcy Pass,QLD,Australia,4301,4.0,5749.41
3099,Shelli,Benitti,Female,73,1996-11-26,26.0,NA,Retail,Mass Customer,N,5406 Mockingbird Center,QLD,Australia,4870,2.0,3105.12
3100,Peggy,Wrankling,Female,19,1954-02-09,69.0,Recruiter,n/a,Mass Customer,N,07 Loeprich Junction,NSW,Australia,2101,4.0,5579.87
3101,Paxton,Lermit,Male,68,1987-08-27,35.0,Geological Engineer,Manufacturing,High Net Worth,N,6 Kings Avenue,NSW,Australia,2135,4.0,3227.27
3102,Paquito,Maitland,Male,37,1990-06-04,33.0,Assistant Manager,Property,Affluent Customer,N,9 John Wall Parkway,NSW,Australia,2323,5.0,6644.80
3103,Shaylah,Hatchell,Female,5,1953-10-21,69.0,Safety Technician II,Retail,Mass Customer,N,32304 Larry Road,QLD,Australia,4014,8.0,9562.93
3104,Diahann,Blundan,Female,19,1994-11-30,28.0,Business Systems Development Analyst,Property,Mass Customer,N,9 Dryden Crossing,QLD,Australia,4118,7.0,7843.17
3105,Bryn,Rycraft,Male,88,1965-10-14,57.0,Teacher,Health,Mass Customer,N,146 Dakota Pass,QLD,Australia,4017,6.0,6820.60
3106,Yetty,Conneely,Female,13,1989-06-03,34.0,NA,Financial Services,Mass Customer,N,11171 Rigney Court,NSW,Australia,2770,5.0,5176.15
3107,Dell,Tremathick,Female,98,1960-08-15,62.0,Legal Assistant,n/a,High Net Worth,N,2 Vidon Center,QLD,Australia,4818,4.0,3439.90
3108,Trip,Ahmed,Male,94,1967-10-01,55.0,Accounting Assistant III,Entertainment,Mass Customer,N,1742 Scott Center,QLD,Australia,4670,7.0,10194.97
3109,Jeralee,Domleo,Female,75,1958-06-23,65.0,Automation Specialist II,Health,Mass Customer,N,451 Luster Hill,NSW,Australia,2170,5.0,6150.85
3110,Fabien,Iacapucci,Male,14,1994-02-11,29.0,Community Outreach Specialist,IT,Affluent Customer,N,03287 Hallows Center,QLD,Australia,4305,3.0,2627.40
3111,Maxwell,Blabber,Male,42,1997-03-11,26.0,Associate Professor,Financial Services,Mass Customer,N,7208 Old Gate Avenue,NSW,Australia,2112,5.0,5129.19
3112,Terri,Gornal,Male,41,2001-04-22,22.0,Internal Auditor,Retail,High Net Worth,N,944 Becker Road,VIC,Australia,3162,8.0,6703.75
3113,Wenonah,Lethabridge,Female,52,1969-12-06,53.0,Teacher,Property,Mass Customer,N,904 Doe Crossing Terrace,NSW,Australia,2194,8.0,10192.61
3114,Judah,Prime,Male,48,1974-09-05,48.0,Teacher,IT,Mass Customer,N,7285 Waxwing Pass,NSW,Australia,2620,6.0,6458.95
3115,Rip,Spiers,Male,40,1981-02-26,42.0,Nuclear Power Engineer,Manufacturing,Mass Customer,N,3538 Bunting Hill,VIC,Australia,3805,5.0,6888.70
3116,Correy,Loynes,Male,16,1978-06-29,44.0,NA,Health,Mass Customer,N,979 Victoria Junction,VIC,Australia,3156,6.0,7494.92
3117,Nisse,Marriage,Female,68,1995-06-11,28.0,Cost Accountant,Financial Services,Affluent Customer,N,073 Fremont Alley,VIC,Australia,3805,9.0,12615.48
3118,Cleveland,Coxon,Male,54,1993-01-22,30.0,Occupational Therapist,Health,High Net Worth,N,81183 Maple Wood Plaza,QLD,Australia,4152,9.0,10867.23
3119,Earle,Frisby,Male,13,1960-01-11,63.0,NA,n/a,High Net Worth,N,6620 Elmside Drive,QLD,Australia,4118,4.0,3823.40
3120,Lauree,O'Donnell,Female,89,1979-02-04,44.0,Clinical Specialist,Health,Mass Customer,N,4 Shopko Circle,NSW,Australia,2196,7.0,8886.35
3121,Mahmoud,Batterbee,Male,82,1959-05-11,64.0,Data Coordiator,Manufacturing,Mass Customer,N,969 Sycamore Point,NSW,Australia,2304,6.0,6772.58
3122,Cthrine,Orans,Female,17,1980-08-17,42.0,NA,Manufacturing,High Net Worth,N,96073 Erie Place,NSW,Australia,2763,5.0,4804.85
3123,Tina,Riggulsford,Female,71,1976-08-17,46.0,Dental Hygienist,Health,High Net Worth,N,6915 Nobel Crossing,NSW,Australia,2195,4.0,3163.36
3124,Anastasie,Grand,Female,73,1981-02-03,42.0,Account Executive,Retail,High Net Worth,N,32 Elmside Point,NSW,Australia,2560,3.0,2124.69
3125,Krystyna,Scarasbrick,Female,2,1978-08-21,44.0,Social Worker,Health,High Net Worth,N,54294 Hovde Court,NSW,Australia,2500,4.0,2597.47
3126,Bondon,Deeley,Male,7,1986-10-16,36.0,Statistician IV,Financial Services,High Net Worth,N,98 Grover Street,VIC,Australia,3048,8.0,6660.72
3127,Tucker,Lewsley,Male,39,1971-01-31,52.0,Research Nurse,Health,Mass Customer,N,4753 Sheridan Center,VIC,Australia,3048,4.0,5836.78
3128,Betteanne,Alldread,Female,96,1965-06-26,58.0,Geological Engineer,Manufacturing,High Net Worth,N,6958 Knutson Pass,VIC,Australia,3620,5.0,4599.17
3129,Leola,Mandrier,Female,44,1955-09-25,67.0,Analog Circuit Design manager,Property,High Net Worth,N,0 Stephen Park,QLD,Australia,4702,5.0,5089.68
3130,Krissy,Robard,Female,53,1971-01-25,52.0,VP Product Management,Telecommunications,Mass Customer,N,3126 Bayside Hill,QLD,Australia,4503,5.0,6539.60
3131,Sybilla,Markey,Female,63,1999-02-24,24.0,NA,Retail,Affluent Customer,N,98202 Holmberg Way,VIC,Australia,3149,8.0,7860.88
3132,Nicko,Artois,Male,33,1975-04-15,48.0,Sales Representative,Retail,Mass Customer,N,33794 Sommers Crossing,NSW,Australia,2502,5.0,5502.29
3133,Eda,MacCheyne,Female,89,1999-05-10,24.0,Quality Control Specialist,Manufacturing,Mass Customer,N,21 2nd Pass,NSW,Australia,2566,6.0,7877.57
3134,Pierette,Roseman,Female,53,1995-01-20,28.0,NA,Manufacturing,Mass Customer,N,981 Kinsman Crossing,NSW,Australia,2880,7.0,10666.32
3135,Titus,Worsall,Male,83,1962-01-14,61.0,Staff Scientist,Financial Services,Mass Customer,N,1617 Harper Parkway,NSW,Australia,2096,7.0,8246.71
3136,Leonardo,Brennon,Male,60,1998-08-25,24.0,Marketing Manager,Retail,Mass Customer,N,73907 Fallview Point,NSW,Australia,2250,4.0,5368.28
3137,Cathlene,,Female,48,1993-03-13,30.0,Web Designer III,n/a,Mass Customer,N,99 Linden Trail,VIC,Australia,3195,7.0,8390.54
3138,Wait,Pardey,Male,34,1971-02-19,52.0,Paralegal,Financial Services,Mass Customer,N,409 Bobwhite Road,NSW,Australia,2226,5.0,5628.35
3139,Pail,Blasi,Male,65,1973-06-13,50.0,Paralegal,Financial Services,High Net Worth,N,24712 Hazelcrest Lane,VIC,Australia,3024,3.0,2601.37
3140,Britt,Muddimer,Female,2,1985-06-11,38.0,Legal Assistant,Manufacturing,High Net Worth,N,3 Canary Center,NSW,Australia,2040,3.0,1829.06
3141,Esmaria,Kiernan,Female,92,1995-11-04,27.0,Associate Professor,Retail,Mass Customer,N,5310 Mosinee Crossing,QLD,Australia,4151,7.0,3596.67
3142,Hubert,Kliner,Male,98,1992-08-04,30.0,Electrical Engineer,Manufacturing,Mass Customer,N,13 Basil Lane,NSW,Australia,2036,4.0,4532.05
3143,Corabelle,Streatfeild,Female,0,1996-10-24,26.0,Chief Design Engineer,Manufacturing,Mass Customer,N,332 Summerview Park,VIC,Australia,3000,11.0,11952.34
3144,Ringo,Everson,Male,94,1978-10-29,44.0,Programmer Analyst III,Manufacturing,Mass Customer,N,7435 Monument Road,VIC,Australia,3807,3.0,2309.37
3145,Gar,Barnewille,Male,17,1978-06-17,45.0,Paralegal,Financial Services,High Net Worth,N,3 Cody Trail,NSW,Australia,2010,7.0,5784.13
3146,Fredrika,Kleinmintz,Female,79,1978-01-28,45.0,Project Manager,Property,Mass Customer,N,07084 Mallory Center,NSW,Australia,2428,8.0,11499.65
3147,Bonnee,Farley,Female,21,1976-10-02,46.0,NA,Retail,Affluent Customer,N,502 John Wall Pass,VIC,Australia,3199,6.0,5628.12
3148,Berky,Degoix,Male,11,1974-10-09,48.0,Human Resources Assistant IV,n/a,High Net Worth,N,90880 Donald Lane,NSW,Australia,2519,6.0,4217.88
3149,Caprice,Pack,Female,31,1980-09-03,42.0,Tax Accountant,n/a,Affluent Customer,N,48007 Lakewood Hill,VIC,Australia,3141,3.0,3970.66
3150,Morissa,Wolfendell,Female,66,1991-10-07,31.0,Sales Associate,Financial Services,Mass Customer,N,039 Havey Alley,NSW,Australia,2220,8.0,5989.22
3151,Thorn,Choffin,U,20,,,Senior Developer,IT,Affluent Customer,N,32798 Melby Center,QLD,Australia,4055,9.0,11929.93
3152,Lettie,McGenis,Female,6,1999-06-07,24.0,Teacher,Financial Services,High Net Worth,N,0250 Onsgard Center,QLD,Australia,4034,6.0,4789.29
3153,Hannis,Jakubovits,Female,87,1973-12-30,49.0,Compensation Analyst,Financial Services,High Net Worth,N,121 Anniversary Lane,NSW,Australia,2200,5.0,6635.10
3154,Angil,Ellesmere,Female,63,1957-11-21,65.0,Desktop Support Technician,Telecommunications,Mass Customer,N,0 Warrior Alley,NSW,Australia,2021,7.0,6780.46
3155,Tiphani,Fritz,Female,88,1976-12-25,46.0,Office Assistant I,IT,Affluent Customer,N,5323 Chive Avenue,NSW,Australia,2486,4.0,2692.74
3156,Bearnard,Letixier,Male,23,1976-09-28,46.0,NA,Financial Services,Mass Customer,N,63663 Darwin Crossing,NSW,Australia,2565,3.0,3087.91
3157,Hurlee,Fasson,Male,46,1997-07-19,25.0,NA,Retail,Mass Customer,N,16 Hansons Hill,NSW,Australia,2454,8.0,11280.08
3158,Korey,Lansbury,Male,27,1970-05-02,53.0,VP Quality Control,Telecommunications,Mass Customer,N,64 Quincy Alley,QLD,Australia,4170,6.0,8981.14
3159,Jesus,MacShirie,Male,16,1967-02-01,56.0,NA,Financial Services,Affluent Customer,N,541 Ramsey Alley,VIC,Australia,3201,2.0,3527.29
3160,Eadmund,Braycotton,Male,87,1978-07-03,44.0,Mechanical Systems Engineer,IT,Mass Customer,N,9890 Macpherson Drive,NSW,Australia,2224,5.0,7272.67
3161,Cindie,Naldrett,Female,71,1977-02-16,46.0,NA,Financial Services,Mass Customer,N,40 Erie Plaza,VIC,Australia,3138,1.0,792.90
3162,Deanne,Delacour,Female,76,1978-02-24,45.0,Media Manager IV,Agriculture,Mass Customer,N,8 Clarendon Circle,NSW,Australia,2121,2.0,2734.17
3163,Irvine,Mechan,Male,38,1968-06-01,55.0,Environmental Specialist,Agriculture,Affluent Customer,N,55152 Delaware Park,NSW,Australia,2151,6.0,5588.37
3164,Hortensia,Rainger,Female,53,1986-01-14,37.0,Human Resources Assistant II,Manufacturing,Mass Customer,N,09 Mitchell Terrace,NSW,Australia,2166,5.0,6151.66
3165,Vyky,Coppen,Female,56,1975-05-18,48.0,Business Systems Development Analyst,Manufacturing,Affluent Customer,N,49956 Hovde Crossing,NSW,Australia,2745,8.0,9338.54
3166,Bronson,Plowman,Male,96,1955-05-11,68.0,Social Worker,Health,Mass Customer,N,1 Glacier Hill Parkway,NSW,Australia,2017,7.0,10882.47
3167,Vernor,Stedall,Male,36,1995-01-20,28.0,Web Designer IV,Property,Mass Customer,N,4527 Farmco Place,VIC,Australia,3155,4.0,5079.55
3168,Johan,Dudderidge,Male,89,1976-02-16,47.0,Assistant Manager,Health,Affluent Customer,N,88 Rutledge Crossing,QLD,Australia,4215,5.0,7252.42
3169,Maxim,Chavrin,Male,96,1964-01-12,59.0,Payment Adjustment Coordinator,IT,Mass Customer,N,398 Butternut Place,VIC,Australia,3027,7.0,7380.30
3170,Bethanne,Kytter,Female,67,1968-01-26,55.0,Nurse Practicioner,Entertainment,Mass Customer,N,13 Marcy Alley,VIC,Australia,3138,6.0,7450.46
3171,Leif,,Male,36,1967-05-23,56.0,Account Coordinator,Financial Services,Affluent Customer,N,62 John Wall Lane,NSW,Australia,2326,3.0,3653.52
3172,Marje,Kennewell,Female,69,1961-12-17,61.0,NA,Retail,Affluent Customer,N,2346 Dawn Terrace,QLD,Australia,4655,4.0,4091.35
3173,Angelo,,Male,55,2001-10-10,21.0,Computer Systems Analyst I,Health,Mass Customer,N,8 Erie Center,VIC,Australia,3690,6.0,8425.04
3174,Odele,Blackmore,Female,67,1976-11-16,46.0,Research Associate,Financial Services,Affluent Customer,N,040 Brown Trail,NSW,Australia,2040,6.0,5513.39
3175,Alphard,Cradduck,Male,82,1984-12-30,38.0,Operator,Health,Mass Customer,N,94850 Moland Street,VIC,Australia,3072,3.0,3610.23
3176,Rafe,Antoniak,Male,60,1977-12-04,45.0,Physical Therapy Assistant,n/a,Affluent Customer,N,3 Tomscot Place,VIC,Australia,3756,9.0,7694.45
3177,Titos,Scanes,Male,93,1978-05-07,45.0,Database Administrator IV,n/a,Affluent Customer,N,06 Kipling Circle,NSW,Australia,2085,7.0,6101.55
3178,Gan,Marrion,Male,21,1971-09-28,51.0,VP Quality Control,Retail,Mass Customer,N,9632 Katie Avenue,QLD,Australia,4161,5.0,7409.86
3179,Jarid,Redwood,Male,87,1979-11-04,43.0,Assistant Media Planner,Entertainment,Affluent Customer,N,390 Wayridge Plaza,NSW,Australia,2756,1.0,1538.99
3180,Gage,,Male,96,1974-06-14,49.0,Business Systems Development Analyst,IT,Mass Customer,N,55 Gateway Trail,NSW,Australia,2147,2.0,2298.81
3181,Ferd,Chominski,Male,39,1976-09-29,46.0,Senior Editor,Financial Services,High Net Worth,N,26 Randy Road,NSW,Australia,2642,6.0,5856.74
3182,Catherina,Hammel,Female,50,1967-10-03,55.0,NA,Financial Services,Affluent Customer,N,31435 Surrey Court,NSW,Australia,2074,4.0,2253.75
3183,Craig,Phethean,Male,64,1974-06-19,49.0,Junior Executive,Health,Mass Customer,N,9200 Continental Center,VIC,Australia,3165,8.0,8227.64
3184,Marlee,Brundle,Female,2,1976-11-08,46.0,Civil Engineer,Manufacturing,Affluent Customer,N,696 Harbort Junction,NSW,Australia,2196,8.0,9772.54
3185,Duky,Crichley,Male,25,1956-01-18,67.0,Senior Financial Analyst,Financial Services,Mass Customer,N,71 Hayes Circle,NSW,Australia,2320,7.0,7311.40
3186,Rora,Warre,Female,22,1997-05-09,26.0,NA,n/a,Mass Customer,N,6 Michigan Park,VIC,Australia,3173,5.0,5875.91
3187,Samuele,Roycroft,Male,75,1974-05-12,49.0,Senior Quality Engineer,Financial Services,Mass Customer,N,6735 Katie Way,NSW,Australia,2150,5.0,5945.18
3188,Boyd,,Male,94,1999-07-07,23.0,Actuary,Financial Services,Mass Customer,N,7 Kingsford Parkway,VIC,Australia,3085,5.0,4936.87
3189,Abbott,Knaggs,Male,40,1963-03-01,60.0,Environmental Specialist,Financial Services,Mass Customer,N,69 Huxley Lane,QLD,Australia,4205,2.0,1284.62
3190,Lizabeth,Carswell,Female,18,1985-02-05,38.0,NA,n/a,Affluent Customer,N,10 Hauk Point,VIC,Australia,3936,8.0,5692.24
3191,Bobbette,Amps,Female,29,1959-07-08,63.0,Director of Sales,Financial Services,Affluent Customer,N,1 Jenifer Court,QLD,Australia,4280,8.0,10358.20
3192,Illa,Klemenz,Female,37,1968-09-18,54.0,Payment Adjustment Coordinator,Financial Services,High Net Worth,N,2 Gateway Drive,VIC,Australia,3995,4.0,3808.12
3193,Augusta,Henryson,Female,6,1978-07-04,44.0,Web Designer IV,Property,High Net Worth,N,081 Oakridge Street,NSW,Australia,2519,6.0,4662.01
3194,Hakeem,Bernardinelli,Male,38,1978-03-11,45.0,Physical Therapy Assistant,Manufacturing,Mass Customer,N,40252 Springs Park,QLD,Australia,4870,3.0,3691.67
3195,Vickie,West,Female,4,1981-03-30,42.0,Tax Accountant,Manufacturing,Mass Customer,N,6590 Fremont Avenue,NSW,Australia,2077,9.0,10180.04
3196,Teddi,Adcocks,Female,11,1977-08-04,45.0,Engineer IV,Health,Mass Customer,N,972 Lake View Terrace,VIC,Australia,3977,7.0,8610.51
3197,Stern,Ilyenko,Male,83,1976-02-18,47.0,Environmental Specialist,Health,High Net Worth,N,8 Havey Alley,NSW,Australia,2031,5.0,3754.02
3198,Dur,Knappen,Male,66,1997-08-02,25.0,Media Manager III,Manufacturing,Mass Customer,N,05600 Lien Plaza,VIC,Australia,3796,4.0,6207.12
3199,Florry,Neasam,Female,98,1969-08-31,53.0,Product Engineer,n/a,Mass Customer,N,08 Roth Hill,QLD,Australia,4208,8.0,10703.79
3200,Marna,,Female,51,1995-11-03,27.0,Environmental Tech,Manufacturing,Mass Customer,N,842 Texas Crossing,QLD,Australia,4130,5.0,4865.69
3201,Zed,Blanckley,Male,61,2000-03-31,23.0,Assistant Professor,Financial Services,Mass Customer,N,020 Bartillon Park,NSW,Australia,2767,7.0,7757.73
3202,Garry,Gadson,Male,74,1994-09-10,28.0,Office Assistant IV,Financial Services,Mass Customer,N,778 7th Parkway,NSW,Australia,2071,8.0,9694.45
3203,Swen,Merioth,Male,25,1985-02-05,38.0,GIS Technical Architect,n/a,Affluent Customer,N,60595 Northport Court,QLD,Australia,4122,3.0,4714.81
3204,Ibby,Beedon,Female,51,1994-11-26,28.0,Media Manager III,Health,Mass Customer,N,220 American Ash Road,QLD,Australia,4022,9.0,13338.31
3205,Egan,Flockhart,Male,35,1959-04-20,64.0,Account Executive,n/a,Mass Customer,N,378 Maple Pass,NSW,Australia,2153,6.0,6628.30
3206,Elbertine,Trewin,Female,32,1995-03-23,28.0,Financial Advisor,Financial Services,Mass Customer,N,41141 Cascade Hill,NSW,Australia,2075,7.0,8384.17
3207,Anica,Halfhyde,Female,46,1987-08-29,35.0,NA,n/a,Mass Customer,N,66 Sunfield Road,NSW,Australia,2821,5.0,4314.50
3208,Jeanne,O'Meara,Female,53,1967-02-06,56.0,VP Marketing,n/a,High Net Worth,N,43 South Pass,VIC,Australia,3620,8.0,8686.94
3209,Clarie,Markushkin,Female,10,1964-03-28,59.0,Civil Engineer,Manufacturing,Affluent Customer,N,182 Homewood Plaza,QLD,Australia,4053,4.0,3112.43
3210,Stella,Abreheart,Female,80,1988-02-01,35.0,Junior Executive,Manufacturing,Mass Customer,N,96 Hermina Terrace,VIC,Australia,3024,5.0,5087.07
3211,Betsy,Cosh,Female,52,1993-06-12,30.0,Automation Specialist II,Health,High Net Worth,N,68486 Anderson Alley,VIC,Australia,3083,3.0,3109.75
3212,Corella,Bartomeu,Female,62,1981-01-15,42.0,Analog Circuit Design manager,Financial Services,Affluent Customer,N,4 Farragut Center,NSW,Australia,2065,8.0,12870.80
3213,Marcile,Vasiliev,Female,27,1971-09-26,51.0,NA,Telecommunications,Affluent Customer,N,7858 Sauthoff Crossing,VIC,Australia,3079,5.0,5219.01
3214,Cindelyn,Balas,Female,2,1993-01-21,30.0,Software Engineer III,Financial Services,Mass Customer,N,050 Monterey Street,QLD,Australia,4869,4.0,4838.35
3215,Wolfgang,Raffles,Male,14,1976-09-28,46.0,General Manager,n/a,Mass Customer,N,743 Karstens Point,NSW,Australia,2122,7.0,12857.32
3216,Edgar,Ordish,Male,59,1998-05-08,25.0,Database Administrator III,Manufacturing,Mass Customer,N,26710 Express Trail,QLD,Australia,4390,4.0,3932.33
3217,Lorena,Titterrell,Female,95,1968-03-12,55.0,Physical Therapy Assistant,Manufacturing,Mass Customer,N,17 Nevada Drive,NSW,Australia,2122,11.0,12298.66
3218,Conny,Starbeck,Female,38,1976-02-12,47.0,Information Systems Manager,Agriculture,Mass Customer,N,8200 Dapin Drive,QLD,Australia,4503,5.0,5276.45
3219,Denyse,Scutts,Female,94,1998-01-06,25.0,Web Developer III,Financial Services,Mass Customer,N,423 Mcbride Place,NSW,Australia,2477,8.0,8723.31
3220,Hunt,Linn,Male,53,1972-07-26,50.0,Research Assistant IV,Manufacturing,Affluent Customer,N,580 Blaine Center,NSW,Australia,2029,8.0,9305.00
3221,Brigid,Quigley,Female,59,1959-09-25,63.0,Internal Auditor,Property,High Net Worth,N,11 Crescent Oaks Junction,QLD,Australia,4055,10.0,8540.52
3222,Caralie,Sellors,U,40,,,Senior Editor,IT,Affluent Customer,N,7198 Rowland Street,QLD,Australia,4030,2.0,2706.53
3223,Tiffi,Wortt,U,44,,,Database Administrator III,IT,Mass Customer,N,93723 Old Gate Hill,NSW,Australia,2021,8.0,9869.40
3224,Darell,Mulqueeny,Female,67,1996-03-12,27.0,Automation Specialist III,Manufacturing,Affluent Customer,N,50506 Buhler Terrace,VIC,Australia,3083,9.0,9488.74
3225,Durante,Reddan,Male,19,1980-06-19,43.0,Chief Design Engineer,Health,Mass Customer,N,5 Iowa Road,NSW,Australia,2154,7.0,9122.97
3226,Andi,Whittet,Female,43,1973-03-29,50.0,NA,Entertainment,Affluent Customer,N,97 Sunnyside Junction,VIC,Australia,3977,4.0,2301.69
3227,Costa,Sharpin,Male,37,1995-12-06,27.0,NA,Manufacturing,Affluent Customer,N,37363 Morning Park,VIC,Australia,3108,6.0,6029.25
3228,Margette,Donaghie,Female,36,1964-08-16,58.0,Social Worker,Health,Mass Customer,N,751 Cordelia Terrace,NSW,Australia,2880,7.0,10856.53
3229,Carrol,Gheorghie,Male,69,1964-10-18,58.0,Sales Representative,Retail,High Net Worth,N,2 Del Sol Circle,VIC,Australia,3012,,
3230,Calida,Clardge,Female,31,1970-02-14,53.0,Executive Secretary,Financial Services,Mass Customer,N,864 Scoville Plaza,VIC,Australia,3029,5.0,6734.05
3231,Cazzie,Gravell,Male,84,1976-05-29,47.0,NA,n/a,Affluent Customer,N,7 Bayside Point,VIC,Australia,3085,7.0,8698.51
3232,Rose,Milsom,Female,7,1993-10-10,29.0,Payment Adjustment Coordinator,Financial Services,Mass Customer,N,78258 Hanover Plaza,VIC,Australia,3070,13.0,15977.96
3233,Xever,Feeley,Male,7,1959-01-06,64.0,Tax Accountant,Financial Services,Mass Customer,N,44 Service Alley,VIC,Australia,3023,3.0,3393.15
3234,Mata,Hoggan,Male,35,1987-04-15,36.0,Safety Technician II,Manufacturing,Mass Customer,N,12 Quincy Lane,VIC,Australia,3141,2.0,2358.00
3235,Leif,Woolfall,Male,88,1965-05-15,58.0,Business Systems Development Analyst,Property,Affluent Customer,N,322 Garrison Way,VIC,Australia,3169,1.0,1163.89
3236,Edsel,Arguile,Male,37,1993-04-01,30.0,NA,Manufacturing,Mass Customer,N,1 Roth Pass,VIC,Australia,3199,,
3237,Astrid,Sumnall,Female,94,1964-08-15,58.0,Assistant Manager,Manufacturing,Mass Customer,N,225 Dexter Crossing,NSW,Australia,2527,7.0,8747.87
3238,Sauveur,Edmands,Male,23,1977-07-20,45.0,Executive Secretary,Retail,Mass Customer,N,8 Rockefeller Lane,NSW,Australia,2306,5.0,3916.44
3239,Wendi,Hew,Female,15,1971-12-06,51.0,Staff Scientist,Health,High Net Worth,N,9 Dixon Crossing,VIC,Australia,3793,6.0,3722.58
3240,Ryon,Elsay,Male,90,1976-09-04,46.0,Chief Design Engineer,n/a,Mass Customer,N,3 Pepper Wood Point,NSW,Australia,2760,10.0,12357.57
3241,Milt,Erett,Male,34,1979-10-29,43.0,Budget/Accounting Analyst IV,Manufacturing,Mass Customer,N,7574 Onsgard Drive,QLD,Australia,4011,7.0,10020.48
3242,Lib,Schohier,Female,4,1958-03-07,65.0,General Manager,Manufacturing,Affluent Customer,N,683 Scoville Park,VIC,Australia,3168,8.0,12143.77
3243,Tim,Besset,Male,24,1973-05-19,50.0,Media Manager I,Health,Mass Customer,N,11 Erie Hill,VIC,Australia,3915,4.0,4532.44
3244,Rosene,Bullar,Female,24,1959-05-08,64.0,Systems Administrator I,Financial Services,Mass Customer,N,655 Chive Pass,VIC,Australia,3083,4.0,4643.82
3245,Wainwright,Succamore,Male,86,1959-03-27,64.0,Graphic Designer,IT,High Net Worth,N,623 Carberry Way,NSW,Australia,2145,6.0,5326.63
3246,Norene,Merle,Female,73,1968-05-20,55.0,Senior Cost Accountant,Financial Services,Mass Customer,N,9 Nevada Pass,QLD,Australia,4007,5.0,6577.30
3247,Bellanca,Raymond,Female,0,1985-04-09,38.0,Structural Engineer,Manufacturing,Mass Customer,N,3897 Oxford Pass,VIC,Australia,3350,8.0,8650.71
3248,Alastair,Beken,Male,32,1957-05-15,66.0,Programmer Analyst II,n/a,Affluent Customer,N,9468 Vidon Way,VIC,Australia,3029,4.0,4197.86
3249,Cortney,Leet,Female,46,1981-08-23,41.0,Analog Circuit Design manager,Manufacturing,Mass Customer,N,49 Surrey Pass,NSW,Australia,2325,8.0,12895.49
3250,Hussein,Ticic,Male,27,1992-04-16,31.0,NA,Agriculture,High Net Worth,N,7 Holy Cross Lane,QLD,Australia,4300,6.0,4469.45
3251,Cammie,Edridge,Female,95,1976-08-27,46.0,Safety Technician II,Financial Services,High Net Worth,N,11 Mifflin Junction,NSW,Australia,2193,11.0,8352.05
3252,Alexia,McTerrelly,Female,59,1987-06-15,36.0,GIS Technical Architect,n/a,High Net Worth,N,21498 Springs Point,NSW,Australia,2089,7.0,5527.41
3253,Bernadine,Shakeshaft,Female,42,1990-02-10,33.0,Cost Accountant,Financial Services,High Net Worth,N,888 Warrior Avenue,NSW,Australia,2170,3.0,3490.21
3254,Lissy,Paliser,Female,8,2001-05-22,22.0,Human Resources Assistant I,Financial Services,Mass Customer,N,50602 Katie Lane,QLD,Australia,4701,7.0,7980.87
3255,Sutherlan,Truin,U,47,,,Engineer IV,IT,High Net Worth,N,463 Merry Center,VIC,Australia,3128,6.0,6193.27
3256,Collen,Kew,Female,76,1986-02-06,37.0,Professor,Financial Services,Affluent Customer,N,7798 Westport Trail,QLD,Australia,4031,10.0,12399.54
3257,Travis,Hulatt,Male,64,1980-05-07,43.0,Senior Editor,n/a,Mass Customer,N,6416 Grover Street,NSW,Australia,2322,3.0,5614.64
3258,Hettie,Godden,Female,77,1978-12-10,44.0,Sales Representative,Retail,Mass Customer,N,5 Stone Corner Parkway,NSW,Australia,2093,8.0,11196.13
3259,Rabi,,Male,74,1953-11-04,69.0,Quality Control Specialist,n/a,High Net Worth,N,12357 Arapahoe Parkway,QLD,Australia,4740,2.0,615.21
3260,Kelsy,Rao,Female,6,1979-05-30,44.0,Research Associate,Telecommunications,High Net Worth,N,056 Petterle Drive,QLD,Australia,4075,3.0,3000.50
3261,Benedicto,Blumire,Male,6,1975-01-30,48.0,NA,Property,Mass Customer,N,4591 Del Sol Court,NSW,Australia,2745,7.0,6747.79
3262,Maynord,L'Episcopi,Male,65,1959-10-14,63.0,Product Engineer,Entertainment,Mass Customer,N,2558 Morningstar Center,QLD,Australia,4221,10.0,11913.99
3263,Quentin,Forte,Female,37,1981-08-21,41.0,Business Systems Development Analyst,Manufacturing,Affluent Customer,N,15566 Waxwing Place,NSW,Australia,2135,5.0,4721.62
3264,Garret,Higginbottam,Male,88,1978-08-19,44.0,NA,Financial Services,Mass Customer,N,8 Marquette Court,NSW,Australia,2204,9.0,11223.71
3265,Isaak,Higounet,Male,64,1967-06-02,56.0,Clinical Specialist,Health,High Net Worth,N,7 Pepper Wood Crossing,VIC,Australia,3038,7.0,3932.12
3266,Lambert,Edser,Male,68,1995-05-21,28.0,Account Representative III,n/a,Mass Customer,N,3 Myrtle Pass,NSW,Australia,2095,7.0,6947.21
3267,Gerri,Prott,Male,20,1987-05-30,36.0,NA,Property,High Net Worth,N,04449 Drewry Junction,NSW,Australia,2869,6.0,5722.46
3268,Estelle,Sam,Female,93,1986-05-31,37.0,General Manager,Manufacturing,Mass Customer,N,14860 Clove Drive,VIC,Australia,3175,6.0,9089.53
3269,Kalvin,Paskin,Male,96,1994-12-01,28.0,GIS Technical Architect,n/a,Mass Customer,N,65973 Morrow Alley,NSW,Australia,2170,4.0,4857.44
3270,Tracey,Redsull,Male,47,1957-04-12,66.0,Administrative Officer,Financial Services,Mass Customer,N,54 Bonner Drive,VIC,Australia,3068,5.0,7135.81
3271,Daisi,Philip,Female,21,1986-04-18,37.0,Chief Design Engineer,Property,High Net Worth,N,563 Sundown Point,NSW,Australia,2226,5.0,3599.34
3272,Bar,Frankcom,Male,75,1993-06-04,30.0,Payment Adjustment Coordinator,n/a,Affluent Customer,N,1 Toban Crossing,VIC,Australia,3616,1.0,569.56
3273,Darline,Alpes,Female,72,1978-05-17,45.0,General Manager,Entertainment,Mass Customer,N,8551 Mayfield Court,VIC,Australia,3175,7.0,10472.26
3274,Tory,Dosdell,Female,44,1973-04-26,50.0,NA,Financial Services,Mass Customer,N,6030 South Drive,NSW,Australia,2120,5.0,3971.94
3275,Lela,Carrell,Female,24,1975-10-22,47.0,Computer Systems Analyst IV,Manufacturing,Mass Customer,N,7917 Norway Maple Way,NSW,Australia,2074,4.0,3389.46
3276,Goddart,Pavelin,Male,10,1979-04-18,44.0,Legal Assistant,n/a,High Net Worth,N,5 Coolidge Avenue,QLD,Australia,4750,5.0,4165.25
3277,Demetris,Shapcote,Male,92,1962-04-20,61.0,Computer Systems Analyst I,n/a,Affluent Customer,N,9398 Declaration Circle,NSW,Australia,2021,5.0,6714.97
3278,Marcel,Eddolls,Male,66,1982-06-22,41.0,VP Product Management,Financial Services,Affluent Customer,N,31601 Birchwood Court,QLD,Australia,4105,5.0,5194.07
3279,Morgun,Razoux,Male,55,1959-02-18,64.0,Staff Scientist,Financial Services,Mass Customer,N,07803 Dexter Pass,NSW,Australia,2170,1.0,1071.23
3280,Micki,McNamara,Female,49,1987-05-02,36.0,General Manager,Financial Services,Mass Customer,N,9 Hallows Circle,NSW,Australia,2113,8.0,11763.69
3281,Peg,Cliff,Female,67,1998-02-22,25.0,Administrative Assistant III,n/a,Mass Customer,N,5718 John Wall Plaza,QLD,Australia,4350,2.0,2044.08
3282,Helga,Nuzzi,Female,8,1959-04-24,64.0,Clinical Specialist,Health,High Net Worth,N,011 Lotheville Junction,NSW,Australia,2099,4.0,3670.78
3283,Rowe,Barbary,Female,46,1979-01-15,44.0,Administrative Officer,Property,Mass Customer,N,60 Cordelia Parkway,NSW,Australia,2759,7.0,8875.03
3284,Jorrie,Cerman,Female,98,1991-08-28,31.0,Chief Design Engineer,Retail,Affluent Customer,N,34748 Charing Cross Point,VIC,Australia,3057,6.0,7308.10
3285,Mendie,Teresi,Male,51,1986-12-30,36.0,Recruiter,Health,Affluent Customer,N,2094 Bunting Junction,VIC,Australia,3059,6.0,7935.36
3286,Kent,Hatter,Male,23,1961-06-02,62.0,Assistant Media Planner,Entertainment,Mass Customer,N,1 Fairview Park,VIC,Australia,3977,11.0,12601.60
3287,Marys,Vazquez,Female,30,1986-01-06,37.0,Account Executive,n/a,Affluent Customer,N,4380 Rusk Terrace,NSW,Australia,2086,3.0,3694.72
3288,Fair,Dewen,U,47,,,Engineer III,IT,High Net Worth,N,6 Cascade Trail,NSW,Australia,2770,6.0,6084.82
3289,Frederico,Spearman,Male,43,1978-01-04,45.0,Assistant Manager,Property,Mass Customer,N,8107 Coolidge Pass,NSW,Australia,2075,5.0,8248.90
3290,Brandyn,Gain,Male,22,1962-09-18,60.0,NA,Manufacturing,High Net Worth,N,4171 Beilfuss Street,VIC,Australia,3153,8.0,8360.25
3291,Cindy,Eakin,Female,33,1956-01-21,67.0,Staff Accountant II,Manufacturing,Mass Customer,N,48333 Waywood Road,NSW,Australia,2113,4.0,4512.46
3292,Hamlen,Slograve,Male,71,1973-04-09,50.0,Web Designer I,Retail,Affluent Customer,N,6 Golf Center,NSW,Australia,2042,1.0,60.34
3293,Peg,Woodstock,Female,98,1986-01-22,37.0,Automation Specialist IV,n/a,High Net Worth,N,5847 Bunting Alley,NSW,Australia,2130,5.0,3178.82
3294,Juditha,Leidl,Female,90,1986-06-26,37.0,Director of Sales,Manufacturing,Affluent Customer,N,9 Fisk Point,VIC,Australia,3350,4.0,6769.75
3295,Cleavland,Karchowski,Male,14,1964-05-26,59.0,Human Resources Assistant III,Retail,High Net Worth,N,133 Quincy Avenue,VIC,Australia,3810,8.0,8535.72
3296,Leontyne,Jackett,Female,78,1974-11-11,48.0,Quality Engineer,Financial Services,Affluent Customer,N,85 Carioca Drive,NSW,Australia,2154,11.0,9902.00
3297,Addy,Moukes,Male,39,1975-04-26,48.0,Product Engineer,Manufacturing,Mass Customer,N,50 Declaration Junction,VIC,Australia,3213,6.0,4736.33
3298,Christine,Baignard,U,1,,,VP Quality Control,IT,Affluent Customer,N,3 Maple Place,VIC,Australia,3064,5.0,7016.52
3299,Sybille,Ballsdon,Female,27,1980-04-10,43.0,Systems Administrator II,Manufacturing,Affluent Customer,N,402 Clyde Gallagher Terrace,VIC,Australia,3153,5.0,5126.48
3300,Quintus,Gouldthorpe,Male,47,1961-05-22,62.0,Executive Secretary,Retail,Mass Customer,N,08 Upham Place,NSW,Australia,2176,7.0,9714.74
3301,Guntar,O'Halloran,Male,5,1987-03-21,36.0,Associate Professor,n/a,Mass Customer,N,6039 Columbus Court,NSW,Australia,2280,5.0,5157.65
3302,Faulkner,McKiernan,Male,17,1956-10-30,66.0,Compensation Analyst,Financial Services,Affluent Customer,N,6406 Parkside Hill,NSW,Australia,2017,5.0,5069.44
3303,Ced,Cuell,Male,51,1967-02-02,56.0,Structural Engineer,Telecommunications,Affluent Customer,N,5 Larry Terrace,VIC,Australia,3130,5.0,5407.98
3304,Tymothy,Rodder,Male,43,1981-01-19,42.0,NA,n/a,Mass Customer,N,0 Sachs Circle,QLD,Australia,4122,10.0,11670.27
3305,Neddy,Grange,Male,25,1977-02-16,46.0,Senior Developer,Health,Mass Customer,N,873 Ludington Plaza,NSW,Australia,2204,2.0,306.79
3306,Iggy,Whorton,Male,50,1991-05-17,32.0,Compensation Analyst,Financial Services,Mass Customer,N,518 Donald Street,NSW,Australia,2170,5.0,7299.05
3307,Portia,Thirlwall,Female,96,1978-09-02,44.0,Analyst Programmer,Health,High Net Worth,N,1172 Mesta Center,QLD,Australia,4740,5.0,3484.76
3308,Daffi,Idale,Female,5,1979-05-20,44.0,Cost Accountant,Financial Services,Mass Customer,N,7216 American Ash Place,NSW,Australia,2062,3.0,3436.83
3309,Christie,Bremeyer,Male,34,1974-12-14,48.0,Senior Sales Associate,n/a,High Net Worth,N,24965 Mitchell Center,QLD,Australia,4124,5.0,3790.82
3310,Bethany,Jarrell,Female,83,1961-10-29,61.0,VP Marketing,Property,Affluent Customer,N,43 Eagle Crest Parkway,NSW,Australia,2295,5.0,5062.86
3311,Clary,Bennitt,Female,57,1979-12-21,43.0,Civil Engineer,Manufacturing,Mass Customer,N,4 Tomscot Alley,QLD,Australia,4343,4.0,3921.49
3312,Franky,Nanninini,U,49,,,Administrative Officer,IT,High Net Worth,N,83 Graedel Court,QLD,Australia,4505,4.0,3776.73
3313,Kori,Antoshin,Female,10,1995-03-15,28.0,NA,Property,High Net Worth,N,81 Westerfield Point,NSW,Australia,2768,6.0,4242.13
3314,Blakelee,Tassel,Female,50,1972-10-31,50.0,NA,Financial Services,Mass Customer,N,257 Ruskin Crossing,NSW,Australia,2200,6.0,6865.48
3315,Ninnette,Pandey,Female,77,1994-09-08,28.0,Account Executive,Property,Mass Customer,N,6 North Court,VIC,Australia,3862,7.0,8032.11
3316,Stoddard,Giacomoni,Female,31,1960-09-02,62.0,Structural Analysis Engineer,n/a,Mass Customer,N,59 Coolidge Hill,NSW,Australia,2010,2.0,2608.09
3317,Ric,Kondrachenko,Male,35,1970-07-08,52.0,Actuary,Financial Services,Mass Customer,N,64 Nancy Plaza,VIC,Australia,3137,4.0,3633.55
3318,Courtnay,Allmen,Male,37,1962-02-07,61.0,NA,Manufacturing,High Net Worth,N,2 Donald Crossing,NSW,Australia,2880,4.0,3881.16
3319,Erda,,Female,67,1966-04-04,57.0,NA,Financial Services,Affluent Customer,N,88389 Schiller Drive,VIC,Australia,3029,7.0,7545.17
3320,Anabella,Mealham,Female,16,1994-06-02,29.0,Nuclear Power Engineer,Manufacturing,High Net Worth,N,88 Michigan Junction,VIC,Australia,3109,10.0,10298.97
3321,Ives,,Male,38,1980-05-10,43.0,Software Test Engineer I,n/a,High Net Worth,N,6 Ludington Place,NSW,Australia,2042,3.0,1417.58
3322,Hew,Sworder,U,24,,,Financial Analyst,Financial Services,Affluent Customer,N,624 Harper Way,NSW,Australia,2094,4.0,4151.97
3323,Cortie,Hamshar,Male,99,1973-03-01,50.0,Account Representative I,Health,High Net Worth,N,15991 Saint Paul Road,QLD,Australia,4213,5.0,4677.77
3324,Sholom,,Male,32,1973-07-11,49.0,Research Nurse,Health,Mass Customer,N,4 Mayfield Center,VIC,Australia,3155,7.0,11180.61
3325,Sylas,,Male,80,1996-10-08,26.0,Database Administrator IV,Manufacturing,High Net Worth,N,0421 Anthes Court,NSW,Australia,2870,5.0,4711.88
3326,Wes,Crotch,Male,83,1975-04-13,48.0,Nurse,Manufacturing,High Net Worth,N,18118 Maple Wood Crossing,NSW,Australia,2763,13.0,13186.84
3327,Roma,Gallo,Male,84,1973-02-02,50.0,Teacher,Manufacturing,Mass Customer,N,973 Menomonie Hill,VIC,Australia,3337,8.0,7762.11
3328,Arabella,Delgaty,Female,58,1961-08-06,61.0,Food Chemist,Health,Mass Customer,N,282 Monterey Circle,QLD,Australia,4300,4.0,3904.76
3329,Karissa,Leal,Female,97,1974-08-06,48.0,NA,n/a,High Net Worth,N,14 Warbler Hill,NSW,Australia,2770,4.0,1296.96
3330,Tina,Pristnor,Female,70,1955-11-06,67.0,NA,Health,Mass Customer,N,75106 Oriole Junction,NSW,Australia,2030,9.0,9354.26
3331,Claire,Trahar,Female,18,1971-09-20,51.0,Technical Writer,Financial Services,Mass Customer,N,11 Hermina Junction,VIC,Australia,3219,5.0,8055.87
3332,Cissy,Jeffress,Female,43,1998-09-24,24.0,Account Representative III,Health,Mass Customer,N,42 Oxford Circle,NSW,Australia,2220,6.0,6577.57
3333,Celinda,Asher,Female,30,1979-05-08,44.0,Software Test Engineer II,Property,Mass Customer,N,1520 Summerview Road,NSW,Australia,2020,5.0,5983.94
3334,Koralle,Winckles,Female,63,1965-05-22,58.0,VP Product Management,Health,Mass Customer,N,54 Hermina Road,NSW,Australia,2000,8.0,6832.16
3335,Damian,Dutt,Male,47,1979-12-15,43.0,Editor,Health,Mass Customer,N,3732 Linden Avenue,QLD,Australia,4820,7.0,6082.72
3336,Konstantine,Terne,Male,47,1979-01-10,44.0,Research Assistant IV,Manufacturing,Mass Customer,N,6043 Badeau Place,QLD,Australia,4820,6.0,9726.97
3337,Brendan,Aird,Male,58,1976-10-28,46.0,NA,Agriculture,Mass Customer,N,6933 Leroy Parkway,QLD,Australia,4209,8.0,8767.90
3338,Nata,Ozanne,Female,48,1964-07-08,58.0,NA,Manufacturing,Mass Customer,N,2 Homewood Center,NSW,Australia,2775,4.0,2377.23
3339,Andrea,Rand,Male,76,1986-05-08,37.0,Programmer Analyst III,Health,Mass Customer,N,38 Jackson Lane,VIC,Australia,3610,6.0,4733.74
3340,Torey,Beharrell,Male,61,1991-09-29,31.0,Physical Therapy Assistant,n/a,Mass Customer,N,322 Namekagon Trail,NSW,Australia,2107,6.0,7445.73
3341,Vitia,Crum,Female,19,1980-08-05,42.0,Help Desk Technician,Retail,Affluent Customer,N,411 Anthes Circle,NSW,Australia,2030,4.0,3646.81
3342,Henry,Phillps,Male,51,1985-08-12,37.0,NA,Entertainment,Mass Customer,N,6956 Clyde Gallagher Park,NSW,Australia,2281,7.0,7785.52
3343,Cristabel,Bim,U,3,,,Recruiter,IT,Mass Customer,N,12061 Rowland Alley,VIC,Australia,3228,6.0,7695.87
3344,Clerissa,Columbell,Female,66,1995-02-14,28.0,GIS Technical Architect,n/a,Affluent Customer,N,21230 Tomscot Lane,NSW,Australia,2093,7.0,6810.59
3345,Hersch,Gilkes,Male,83,1977-06-23,46.0,NA,Financial Services,High Net Worth,N,7 Clemons Drive,QLD,Australia,4370,5.0,3502.53
3346,Nadya,Callaghan,Female,61,1991-09-11,31.0,Software Consultant,Financial Services,High Net Worth,N,7353 Thierer Road,QLD,Australia,4300,3.0,1715.34
3347,Nichols,,Male,99,1985-11-08,37.0,Computer Systems Analyst II,Entertainment,High Net Worth,N,75 Logan Place,VIC,Australia,3071,5.0,4501.77
3348,Amanda,Hazeltine,Female,93,1956-11-08,66.0,Pharmacist,Health,High Net Worth,N,8530 Darwin Street,NSW,Australia,2880,3.0,1802.24
3349,Byram,Lamberts,Male,11,1981-01-22,42.0,Director of Sales,Agriculture,Affluent Customer,N,9 Brown Pass,VIC,Australia,3196,5.0,6639.07
3350,Tam,Prestner,Male,53,1975-05-29,48.0,Analog Circuit Design manager,Manufacturing,Affluent Customer,N,736 Ohio Court,NSW,Australia,2200,6.0,9686.66
3351,Chryste,Nornable,Female,13,1982-04-13,41.0,Accounting Assistant II,n/a,Affluent Customer,N,17 Springs Center,QLD,Australia,4214,6.0,7713.52
3352,Fredek,Lobley,Male,14,1994-12-28,28.0,Human Resources Assistant IV,Manufacturing,Affluent Customer,N,29863 Waxwing Court,VIC,Australia,3056,7.0,6624.55
3353,Marina,Scorrer,Female,91,1994-04-21,29.0,Software Test Engineer II,n/a,Mass Customer,N,9229 Division Park,NSW,Australia,2205,7.0,5270.16
3354,Ollie,Restorick,Male,18,1978-03-27,45.0,NA,Manufacturing,Mass Customer,N,88 Morningstar Pass,VIC,Australia,3161,2.0,3213.07
3355,Cherin,Thireau,Female,50,1990-02-19,33.0,Staff Accountant I,Manufacturing,Mass Customer,N,45 Talisman Pass,QLD,Australia,4102,6.0,6087.58
3356,Dill,Bampford,Male,47,1959-03-23,64.0,Safety Technician II,Financial Services,Mass Customer,N,73 Burrows Court,VIC,Australia,3121,5.0,6281.69
3357,Georgie,Henze,Male,25,1999-02-01,24.0,Design Engineer,Manufacturing,Affluent Customer,N,5 Sachs Terrace,QLD,Australia,4207,4.0,4287.66
3358,Fairlie,McGavin,Male,30,1973-09-17,49.0,Engineer I,Manufacturing,Affluent Customer,N,2170 Schiller Alley,NSW,Australia,2160,7.0,8836.19
3359,Duffy,Cotillard,Male,82,1991-12-13,31.0,Developer III,n/a,Mass Customer,N,20 Alpine Circle,VIC,Australia,3181,5.0,4481.22
3360,Joelie,Sherlaw,Female,77,1963-03-23,60.0,Quality Engineer,Health,Affluent Customer,N,435 Kennedy Circle,NSW,Australia,2173,8.0,6704.15
3361,Riva,Yushin,Female,68,1968-01-20,55.0,General Manager,Property,Mass Customer,N,7330 Helena Pass,NSW,Australia,2176,6.0,9062.89
3362,Piotr,Saladin,Male,60,1971-06-24,52.0,VP Accounting,Financial Services,Affluent Customer,N,2 Lillian Alley,QLD,Australia,4154,3.0,2505.57
3363,Orson,Tythacott,Male,25,2000-03-08,23.0,Electrical Engineer,Manufacturing,High Net Worth,N,8 Village Street,QLD,Australia,4825,6.0,3899.23
3364,Trueman,,Male,77,1993-08-19,29.0,Engineer IV,Manufacturing,Mass Customer,N,62551 Del Mar Avenue,NSW,Australia,2300,5.0,5647.75
3365,Karlens,Chaffyn,U,29,,,Engineer III,IT,Mass Customer,N,297 Kinsman Park,NSW,Australia,2766,6.0,6473.34
3366,Rickey,Gregolotti,Male,98,1975-02-26,48.0,Technical Writer,Manufacturing,Mass Customer,N,63493 Erie Place,NSW,Australia,2144,4.0,4591.95
3367,Melisse,Massei,Female,75,2000-12-05,22.0,Librarian,Entertainment,Mass Customer,N,3 Weeping Birch Plaza,VIC,Australia,3677,6.0,8647.67
3368,Tanya,Boddis,Female,7,1967-07-17,55.0,Technical Writer,Financial Services,Affluent Customer,N,2 Roxbury Place,NSW,Australia,2564,5.0,5971.18
3369,Cathrin,Rosencrantz,Female,90,1977-01-02,46.0,Research Associate,n/a,Mass Customer,N,7234 Dawn Alley,QLD,Australia,4670,6.0,7424.32
3370,Brant,Follis,Male,8,1954-01-22,69.0,Data Coordiator,n/a,High Net Worth,N,01 Nevada Alley,NSW,Australia,2076,7.0,4207.80
3371,Josey,Alves,Female,56,1977-10-30,45.0,Analyst Programmer,Retail,Mass Customer,N,805 Division Plaza,QLD,Australia,4165,9.0,9495.67
3372,Orazio,Wissby,Male,62,1954-09-25,68.0,NA,Telecommunications,High Net Worth,N,42554 Randy Road,NSW,Australia,2047,6.0,5788.63
3373,Inna,Atack,Female,19,1991-01-25,32.0,Research Associate,Health,Mass Customer,N,25460 Buell Avenue,NSW,Australia,2060,5.0,6773.37
3374,Joann,Corrigan,Female,77,1959-11-17,63.0,Sales Associate,Manufacturing,Mass Customer,N,000 Boyd Center,NSW,Australia,2160,4.0,6819.81
3375,Thorsten,Gregon,Male,37,1993-03-21,30.0,Accounting Assistant I,Financial Services,High Net Worth,N,2782 Stephen Trail,NSW,Australia,2216,8.0,7317.48
3376,Amity,Widdall,Female,74,1982-10-20,40.0,NA,Manufacturing,Mass Customer,N,7 Charing Cross Hill,NSW,Australia,2121,5.0,5095.28
3377,Jamal,MacRury,Male,12,1988-06-23,35.0,NA,Manufacturing,Mass Customer,N,08 Arapahoe Alley,QLD,Australia,4213,7.0,7757.81
3378,Ina,Habershaw,Female,17,1962-02-17,61.0,NA,Financial Services,Affluent Customer,N,158 Utah Court,VIC,Australia,3082,4.0,5193.73
3379,Elysee,Spurr,Female,51,1999-04-30,24.0,Food Chemist,Health,Mass Customer,N,00 Magdeline Way,VIC,Australia,3146,6.0,8165.43
3380,Abe,Ealam,Male,41,1955-01-09,68.0,Speech Pathologist,Manufacturing,High Net Worth,N,2 Roxbury Pass,VIC,Australia,3977,5.0,5367.43
3381,Bruce,Lackie,Male,26,1993-11-20,29.0,Computer Systems Analyst IV,n/a,Mass Customer,N,602 Haas Drive,VIC,Australia,3799,5.0,7703.00
3382,Burk,Walczak,Male,90,1977-12-17,45.0,Business Systems Development Analyst,n/a,High Net Worth,N,40 Sauthoff Circle,VIC,Australia,3129,10.0,6913.90
3383,Dane,Swansbury,Male,47,1982-04-05,41.0,Financial Analyst,Financial Services,Affluent Customer,N,48 Rockefeller Court,VIC,Australia,3786,6.0,7348.51
3384,Wesley,Nichols,Male,11,1996-03-05,27.0,NA,n/a,Mass Customer,N,59504 Drewry Park,QLD,Australia,4061,6.0,6918.85
3385,Ronda,,Female,23,1975-02-10,48.0,Systems Administrator III,Agriculture,Mass Customer,N,31 Dovetail Trail,NSW,Australia,2088,4.0,3173.87
3386,Cliff,Nolin,Male,24,1999-07-28,23.0,Structural Engineer,IT,High Net Worth,N,367 Talmadge Way,NSW,Australia,2705,5.0,2890.93
3387,Shel,Duke,Female,19,1976-07-05,46.0,General Manager,Manufacturing,Affluent Customer,N,513 Hauk Street,NSW,Australia,2261,8.0,11607.49
3388,Urbanus,Pichan,Male,81,1986-10-25,36.0,VP Marketing,Retail,Mass Customer,N,72728 Ruskin Way,NSW,Australia,2291,8.0,9829.09
3389,Margo,Saltmarshe,Female,27,1972-06-01,51.0,Programmer II,n/a,Affluent Customer,N,024 Onsgard Alley,VIC,Australia,3134,6.0,7223.19
3390,Fayth,Baudins,Female,20,1969-01-27,54.0,NA,n/a,High Net Worth,N,10097 Hooker Way,VIC,Australia,3196,5.0,4875.20
3391,Terrel,Kreuzer,Male,93,1991-06-23,32.0,NA,Manufacturing,Mass Customer,N,312 Swallow Place,VIC,Australia,3021,5.0,4720.09
3392,Brock,Ride,Male,41,1976-12-12,46.0,Tax Accountant,Financial Services,Mass Customer,N,28 Superior Center,NSW,Australia,2131,1.0,574.64
3393,Henrietta,Olexa,Female,23,1954-02-21,69.0,Technical Writer,Retail,Mass Customer,N,0 Weeping Birch Plaza,NSW,Australia,2093,5.0,5752.32
3394,Barde,Spoward,Male,39,1974-06-26,49.0,Environmental Specialist,Health,Mass Customer,N,06 Northwestern Center,NSW,Australia,2019,5.0,6440.53
3395,Sigmund,Fishbourn,Male,76,1993-04-19,30.0,NA,Financial Services,Mass Customer,N,01716 2nd Terrace,VIC,Australia,3174,7.0,7852.11
3396,Arin,Nappin,Male,18,1960-06-28,63.0,Research Assistant I,Manufacturing,Mass Customer,N,0162 Grim Circle,NSW,Australia,2191,2.0,1149.28
3397,Melisande,,Female,70,1985-08-19,37.0,Product Engineer,IT,Mass Customer,N,7 Eggendart Hill,QLD,Australia,4055,2.0,2706.53
3398,Alberik,Looks,Male,69,1971-07-01,51.0,NA,n/a,High Net Worth,N,375 Luster Parkway,NSW,Australia,2147,5.0,4509.65
3399,Hillyer,Biddulph,Male,95,1996-05-10,27.0,VP Accounting,Financial Services,Mass Customer,N,2 Monterey Terrace,NSW,Australia,2120,5.0,6752.44
3400,Brenna,Childes,Female,46,1987-06-25,36.0,Sales Associate,Financial Services,Mass Customer,N,851 Meadow Valley Place,VIC,Australia,3205,4.0,3299.41
3401,Cristie,,Female,92,1993-07-28,29.0,Tax Accountant,Telecommunications,Mass Customer,N,6851 Orin Parkway,NSW,Australia,2142,6.0,7660.65
3402,Krystyna,Scadden,Female,73,1985-05-04,38.0,Statistician II,Retail,Mass Customer,N,73 Glacier Hill Drive,NSW,Australia,2880,9.0,10700.79
3403,Jessalyn,Zoellner,Female,27,1994-05-14,29.0,Senior Financial Analyst,Financial Services,Mass Customer,N,59364 Huxley Drive,VIC,Australia,3028,4.0,4516.02
3404,Thomasine,McCloch,Female,2,1973-08-01,49.0,GIS Technical Architect,Property,Affluent Customer,N,91 Charing Cross Way,NSW,Australia,2100,5.0,6045.88
3405,Gavra,Robez,Female,89,1996-08-18,26.0,Project Manager,Financial Services,Mass Customer,N,80269 Southridge Park,QLD,Australia,4014,9.0,9731.08
3406,Lucy,Lackmann,Female,35,1979-04-28,44.0,Business Systems Development Analyst,IT,Mass Customer,N,5 Northland Plaza,NSW,Australia,2096,10.0,12169.87
3407,Marven,Ditts,Male,53,1961-10-08,61.0,Cost Accountant,Financial Services,High Net Worth,N,02181 Starling Trail,VIC,Australia,3015,8.0,7395.77
3408,Becka,Bysaker,Female,10,1972-07-11,50.0,Tax Accountant,Manufacturing,Mass Customer,N,097 Gulseth Lane,QLD,Australia,4178,5.0,4452.78
3409,Abbey,Nellen,Female,75,1977-04-29,46.0,Desktop Support Technician,Agriculture,Mass Customer,N,0 Ronald Regan Way,QLD,Australia,4870,7.0,7895.51
3410,Merrili,Brittin,Female,93,1940-09-22,82.0,NA,Property,Mass Customer,N,1351 Lunder Road,NSW,Australia,2049,3.0,3531.40
3411,Alena,Hannis,Female,68,1980-01-04,43.0,Physical Therapy Assistant,n/a,Mass Customer,N,7181 Dakota Trail,VIC,Australia,3029,7.0,11320.22
3412,Almira,Ethelstone,Female,66,1973-08-18,49.0,Office Assistant IV,n/a,Mass Customer,N,5767 Thierer Road,NSW,Australia,2217,4.0,6242.97
3413,Zulema,Cristofolo,Female,93,1997-10-15,25.0,VP Accounting,Financial Services,Mass Customer,N,687 Almo Crossing,NSW,Australia,2160,4.0,6325.24
3414,Winnifred,Zima,Female,46,1966-02-25,57.0,Software Consultant,n/a,Affluent Customer,N,31414 Superior Park,NSW,Australia,2539,3.0,4674.02
3415,Alberik,Kelsey,Male,43,1963-01-17,60.0,Quality Engineer,Property,High Net Worth,N,1 Village Green Circle,NSW,Australia,2285,6.0,6195.82
3416,Evanne,Bentote,Female,6,1976-01-18,47.0,NA,Manufacturing,Mass Customer,N,2 Starling Pass,VIC,Australia,3155,3.0,2758.05
3417,Deedee,Coxall,Female,91,1973-02-18,50.0,Social Worker,Health,Mass Customer,N,182 Thierer Pass,VIC,Australia,3131,8.0,10115.72
3418,Felipa,Paddingdon,Female,18,1959-12-31,63.0,Systems Administrator IV,Health,High Net Worth,N,7 Barnett Road,NSW,Australia,2713,5.0,4036.17
3419,Felipa,Guslon,Female,13,1973-07-09,49.0,Information Systems Manager,n/a,Mass Customer,N,33792 Burrows Plaza,QLD,Australia,4125,3.0,4108.62
3420,Norby,Elion,Male,96,1980-09-10,42.0,Financial Advisor,Financial Services,Mass Customer,N,00283 Loftsgordon Center,QLD,Australia,4118,11.0,14914.91
3421,Ronalda,McGeechan,Female,60,1962-12-17,60.0,Computer Systems Analyst II,Health,Affluent Customer,N,8 Garrison Trail,NSW,Australia,2226,10.0,11812.84
3422,Lucine,Virgin,Female,38,1978-05-06,45.0,Professor,Manufacturing,Mass Customer,N,618 Chinook Way,NSW,Australia,2155,5.0,6562.06
3423,Griselda,Bezants,Female,57,1999-12-27,23.0,Registered Nurse,Health,Affluent Customer,N,9 Ronald Regan Center,VIC,Australia,3094,4.0,3524.02
3424,Vale,Whittuck,Female,39,1977-02-28,46.0,Automation Specialist III,Manufacturing,Affluent Customer,N,40047 Twin Pines Parkway,VIC,Australia,3806,2.0,3454.46
3425,Alister,Yglesia,Male,32,1986-04-05,37.0,GIS Technical Architect,Manufacturing,Mass Customer,N,5 Anhalt Court,VIC,Australia,3122,6.0,6287.46
3426,Ron,Dilon,Male,40,1959-04-18,64.0,Assistant Media Planner,Entertainment,Mass Customer,N,3047 Spenser Pass,NSW,Australia,2750,6.0,8405.57
3427,Mace,Edington,Male,67,1981-05-19,42.0,Help Desk Operator,Financial Services,Mass Customer,N,0 Walton Court,NSW,Australia,2226,8.0,13493.19
3428,Leonora,Iglesia,Female,77,1974-08-07,48.0,Chemical Engineer,Manufacturing,Mass Customer,N,5356 Ruskin Place,NSW,Australia,2850,1.0,1274.93
3429,Alla,Hirtzmann,Female,37,1964-06-22,59.0,NA,Health,High Net Worth,N,321 Glendale Center,NSW,Australia,2820,4.0,4197.42
3430,Augustus,Pickin,Male,77,1964-02-29,59.0,Research Nurse,Health,Affluent Customer,N,6414 Hanover Avenue,NSW,Australia,2060,7.0,6893.51
3431,York,Calbreath,Male,97,1996-08-10,26.0,Community Outreach Specialist,Property,Affluent Customer,N,373 Cordelia Trail,VIC,Australia,3500,10.0,13187.91
3432,Max,Cloney,Female,99,1988-11-27,34.0,Junior Executive,Agriculture,Mass Customer,N,31 International Pass,QLD,Australia,4173,8.0,10499.93
3433,Karissa,Cabral,Female,10,1998-04-28,25.0,Computer Systems Analyst II,Property,Mass Customer,N,82 Warrior Hill,VIC,Australia,3174,10.0,12310.91
3434,Stesha,Miners,Female,20,1973-12-05,49.0,Account Coordinator,Health,Mass Customer,N,989 Waubesa Circle,VIC,Australia,3149,5.0,6222.80
3435,Stevena,Allcock,Female,80,2002-01-15,21.0,Senior Editor,n/a,Affluent Customer,N,400 Petterle Crossing,QLD,Australia,4301,5.0,6384.02
3436,Marget,Freeland,Female,4,1958-11-22,64.0,NA,Financial Services,Mass Customer,N,34 Calypso Court,NSW,Australia,2153,7.0,8090.11
3437,Penny,Wellington,Male,79,1963-10-20,59.0,VP Marketing,Retail,High Net Worth,N,7 Summerview Parkway,VIC,Australia,3073,5.0,6237.22
3438,Gaylor,Carbry,Male,11,1996-02-16,27.0,Project Manager,Manufacturing,Mass Customer,N,9479 Tony Junction,NSW,Australia,2830,5.0,5686.76
3439,Rubie,O'Gorman,Female,45,1974-10-20,48.0,Technical Writer,n/a,Affluent Customer,N,05988 Sundown Parkway,VIC,Australia,3037,6.0,6395.39
3440,Retha,Kahane,Female,18,1958-05-15,65.0,Senior Sales Associate,Manufacturing,Mass Customer,N,04036 Kennedy Trail,NSW,Australia,2221,5.0,5026.70
3441,Janelle,Ebbage,Female,44,1988-10-16,34.0,Legal Assistant,Manufacturing,High Net Worth,N,0 Reinke Lane,VIC,Australia,3034,5.0,4368.80
3442,Adrianne,Petrecz,Female,17,1962-05-22,61.0,Research Associate,Retail,Mass Customer,N,1 Rigney Circle,NSW,Australia,2295,4.0,4629.60
3443,Fran,,Male,11,1995-04-12,28.0,Technical Writer,n/a,Mass Customer,N,0063 Walton Junction,NSW,Australia,2380,6.0,6729.01
3444,Kara-lynn,Bims,Female,75,1977-12-25,45.0,Nurse Practicioner,Manufacturing,Affluent Customer,N,672 Crowley Place,VIC,Australia,3043,2.0,3737.11
3445,Craggy,,Male,62,1966-06-23,57.0,Database Administrator I,Financial Services,Affluent Customer,N,59531 Barnett Pass,VIC,Australia,3352,6.0,8819.65
3446,Gard,Tidy,Male,8,1967-01-30,56.0,Structural Engineer,Manufacturing,Mass Customer,N,8 Becker Drive,QLD,Australia,4868,2.0,1028.53
3447,Linell,,Female,43,1977-11-23,45.0,NA,Financial Services,High Net Worth,N,82591 Fallview Hill,VIC,Australia,3021,11.0,9120.66
3448,Roderich,Mixer,Male,26,1977-02-16,46.0,Software Consultant,Financial Services,High Net Worth,N,6691 Lindbergh Drive,NSW,Australia,2147,5.0,4755.74
3449,Ilyssa,Hannabuss,Female,52,1974-09-26,48.0,VP Quality Control,Agriculture,High Net Worth,N,29279 Hazelcrest Junction,NSW,Australia,2120,4.0,3855.43
3450,Brooke,Durman,Female,85,1993-09-16,29.0,Safety Technician III,Retail,Mass Customer,N,21 Sugar Place,QLD,Australia,4207,6.0,7816.85
3451,Ruprecht,Loreit,Male,88,1970-05-01,53.0,Sales Associate,n/a,High Net Worth,N,4233 Service Avenue,NSW,Australia,2340,9.0,6660.72
3452,Maura,Estevez,Female,22,1964-09-04,58.0,Marketing Manager,Retail,Mass Customer,N,46 Stone Corner Avenue,NSW,Australia,2210,2.0,3322.62
3453,Jammie,McEvon,Female,57,1989-03-12,34.0,Product Engineer,Retail,Affluent Customer,N,12 Kings Hill,QLD,Australia,4272,6.0,7077.53
3454,Akim,Mathes,Male,15,1969-06-09,54.0,Web Designer III,n/a,Mass Customer,N,393 Dexter Junction,QLD,Australia,4151,5.0,5561.38
3455,Coop,Skey,Male,29,1954-02-25,69.0,Administrative Officer,n/a,Mass Customer,N,757 Debs Avenue,QLD,Australia,4670,6.0,5064.48
3456,Clovis,Ortsmann,Female,11,1959-11-08,63.0,NA,n/a,Mass Customer,N,613 Emmet Junction,NSW,Australia,2154,3.0,4206.89
3457,Robbi,Springthorpe,Female,13,1956-09-26,66.0,NA,Manufacturing,Mass Customer,N,8828 North Crossing,VIC,Australia,3226,3.0,2726.46
3458,Alejandro,Shakelade,Male,35,1977-12-01,45.0,Web Developer III,Manufacturing,High Net Worth,N,7 Center Circle,NSW,Australia,2096,4.0,3693.19
3459,Emelda,Ramsdell,Female,62,2000-11-24,22.0,NA,Entertainment,Mass Customer,N,654 Logan Plaza,QLD,Australia,4113,3.0,4164.04
3460,Reinhold,Barthrup,Male,22,1999-10-10,23.0,Actuary,Financial Services,Mass Customer,N,33 Almo Terrace,VIC,Australia,3051,9.0,12544.76
3461,Nigel,Izard,Male,28,1962-11-30,60.0,Environmental Specialist,Manufacturing,Affluent Customer,N,6 Reindahl Hill,NSW,Australia,2196,7.0,8401.21
3462,Jehanna,Sparhawk,Female,96,1957-03-03,66.0,Registered Nurse,Health,High Net Worth,N,785 Crest Line Hill,VIC,Australia,3634,5.0,4294.65
3463,Fletch,Durrett,Male,7,1984-06-15,39.0,Compensation Analyst,Financial Services,Affluent Customer,N,78 Bowman Court,NSW,Australia,2027,4.0,3563.64
3464,Etheline,Gerretsen,Female,38,1982-06-09,41.0,Staff Accountant III,Financial Services,Mass Customer,N,7 Jackson Court,NSW,Australia,2076,2.0,1292.22
3465,Hadria,Pizer,Female,71,1978-02-01,45.0,Chemical Engineer,Manufacturing,High Net Worth,N,6221 Monica Plaza,NSW,Australia,2095,10.0,8164.28
3466,Victor,Zaple,Male,65,1979-09-28,43.0,Marketing Assistant,IT,Mass Customer,N,6 4th Lane,VIC,Australia,3079,3.0,2421.71
3467,Killy,Spaducci,Male,31,1980-05-20,43.0,VP Quality Control,IT,Mass Customer,N,682 Claremont Circle,QLD,Australia,4350,6.0,9285.10
3468,Averill,Woodbridge,Male,4,1986-10-24,36.0,Associate Professor,n/a,Mass Customer,N,7 Weeping Birch Alley,NSW,Australia,2230,7.0,8457.74
3469,Arabele,Lantoph,Female,90,1987-08-24,35.0,Nurse Practicioner,Health,Mass Customer,N,9 Maywood Point,QLD,Australia,4304,4.0,3712.64
3470,Catherina,Ricca,Female,56,1967-10-01,55.0,Recruiting Manager,Health,Affluent Customer,N,176 Sutteridge Alley,VIC,Australia,3121,8.0,14126.25
3471,Brita,Afonso,Female,95,1953-09-05,69.0,Quality Engineer,IT,High Net Worth,N,6814 Haas Place,NSW,Australia,2230,4.0,4404.12
3472,Dionysus,McCarlie,Male,10,1977-06-27,46.0,VP Marketing,Retail,Affluent Customer,N,75 Longview Terrace,NSW,Australia,2640,6.0,7234.80
3473,Sanderson,Alloway,U,34,,,Analog Circuit Design manager,IT,Mass Customer,N,7279 Steensland Circle,VIC,Australia,3803,4.0,5487.64
3474,Justinian,Crowhurst,Male,93,1979-11-06,43.0,Assistant Manager,Manufacturing,Mass Customer,N,06 Lake View Plaza,QLD,Australia,4515,5.0,4988.18
3475,Correna,Goldsberry,Female,12,1985-08-31,37.0,Director of Sales,Retail,Affluent Customer,N,1 Michigan Way,NSW,Australia,2153,4.0,3785.92
3476,Stearn,Willerstone,Male,39,1989-09-07,33.0,NA,Manufacturing,Affluent Customer,N,8863 Maywood Court,NSW,Australia,2101,5.0,3690.86
3477,Jaquelin,Leek,Female,90,1996-01-24,27.0,Senior Developer,Financial Services,Affluent Customer,N,3 Roxbury Street,NSW,Australia,2261,8.0,10212.17
3478,Hartwell,Schach,Male,54,1986-08-08,36.0,Quality Control Specialist,Health,Mass Customer,N,90 Westerfield Street,NSW,Australia,2880,6.0,6445.49
3479,Pierette,Ronan,Female,39,1964-08-09,58.0,NA,IT,Mass Customer,N,416 Hayes Trail,VIC,Australia,3095,6.0,6517.45
3480,Jarib,,Male,30,1959-06-24,64.0,NA,n/a,Mass Customer,N,70980 Washington Parkway,NSW,Australia,2300,4.0,6288.58
3481,Haley,Dessent,Male,37,1997-10-12,25.0,Systems Administrator IV,Manufacturing,High Net Worth,N,00 1st Trail,VIC,Australia,3223,7.0,4222.86
3482,Roch,Rilston,Female,71,2000-05-18,23.0,Clinical Specialist,Health,Affluent Customer,N,54613 Service Court,QLD,Australia,4069,8.0,11842.05
3483,Emlyn,Burnel,Male,19,1956-10-02,66.0,Senior Sales Associate,Health,High Net Worth,N,93 Vera Parkway,QLD,Australia,4216,6.0,6331.04
3484,Hedi,Mowday,Female,10,1976-10-24,46.0,Information Systems Manager,Financial Services,High Net Worth,N,3 Butterfield Trail,QLD,Australia,4519,7.0,7192.84
3485,Berthe,Ludwell,Female,11,1981-05-21,42.0,Account Representative II,Financial Services,High Net Worth,N,22976 Moose Place,NSW,Australia,2620,3.0,2319.46
3486,Reece,Crewther,Male,67,1956-07-25,66.0,Business Systems Development Analyst,Manufacturing,Mass Customer,N,8934 Havey Plaza,NSW,Australia,2548,4.0,4722.08
3487,Amalee,Sanderson,Female,4,1977-12-15,45.0,Analyst Programmer,Health,High Net Worth,N,30011 Manufacturers Hill,VIC,Australia,3146,3.0,2669.95
3488,Cristobal,Whitrod,Male,63,1975-08-07,47.0,Speech Pathologist,Manufacturing,Mass Customer,N,42293 Banding Plaza,NSW,Australia,2136,2.0,3255.36
3489,Margo,Fletcher,Female,90,1969-10-30,53.0,Help Desk Operator,Agriculture,Mass Customer,N,62 Tennyson Way,NSW,Australia,2099,6.0,8300.15
3490,Taylor,Dutchburn,Male,45,1980-06-21,43.0,VP Product Management,Financial Services,High Net Worth,N,3609 Shelley Road,NSW,Australia,2126,5.0,3712.60
3491,Leanna,Cromb,Female,69,1976-04-03,47.0,Business Systems Development Analyst,Financial Services,Affluent Customer,N,82 Dahle Crossing,VIC,Australia,3195,4.0,3673.31
3492,Urbanus,Redding,Male,83,1966-01-27,57.0,Civil Engineer,Manufacturing,Mass Customer,N,2986 Holmberg Circle,VIC,Australia,3021,3.0,4141.43
3493,Jeffie,Eakly,Male,30,1964-02-29,59.0,Research Assistant I,Health,High Net Worth,N,3 Monument Crossing,NSW,Australia,2090,6.0,7022.01
3494,Robers,Richen,Male,72,1998-12-24,24.0,Account Representative IV,Agriculture,High Net Worth,N,35 Chive Alley,NSW,Australia,2033,4.0,4591.49
3495,Constantine,Frissell,Female,57,1987-07-12,35.0,Programmer III,Financial Services,High Net Worth,N,1 Dayton Park,NSW,Australia,2767,7.0,6781.59
3496,Danya,Burnyeat,Male,99,1986-04-25,37.0,Editor,Manufacturing,Mass Customer,N,2565 Caliangt Point,NSW,Australia,2171,4.0,5247.02
3497,Thia,O'Day,Female,73,1986-05-03,37.0,Administrative Assistant IV,Manufacturing,Affluent Customer,N,96 Delladonna Trail,VIC,Australia,3976,3.0,4317.44
3498,Lois,Abrahim,Female,28,1995-11-02,27.0,NA,Manufacturing,Mass Customer,N,3 Nova Point,VIC,Australia,3012,6.0,6212.38
3499,Shelton,Tewkesberrie,Male,29,1979-06-17,44.0,NA,Manufacturing,Mass Customer,N,310 Stephen Terrace,QLD,Australia,4073,7.0,8200.66
3500,Josy,Fleeman,Female,71,1967-07-21,55.0,NA,Entertainment,Affluent Customer,N,9491 Green Ridge Terrace,NSW,Australia,2100,6.0,4922.41
3501,Kayla,Alentyev,Female,63,1970-01-19,53.0,Operator,Telecommunications,Mass Customer,N,16 Carberry Pass,NSW,Australia,2119,,
3502,Wilfrid,Cleaves,Male,5,1997-10-16,25.0,Senior Sales Associate,Retail,High Net Worth,N,12 Elgar Place,NSW,Australia,2155,,
3503,Tootsie,Rafter,Female,53,1979-03-12,44.0,Financial Advisor,Financial Services,Affluent Customer,N,8749 Menomonie Point,NSW,Australia,2122,,
3504,Keriann,Perdue,Female,39,1963-07-06,59.0,Business Systems Development Analyst,Manufacturing,Mass Customer,N,18072 American Parkway,VIC,Australia,3195,,
3505,Dolly,Scallan,Female,41,1974-08-06,48.0,NA,Retail,Mass Customer,N,5854 Weeping Birch Avenue,NSW,Australia,2022,,
3506,Mercy,Donisi,Female,19,1975-06-18,48.0,Web Designer I,Financial Services,Mass Customer,N,2 Clarendon Point,NSW,Australia,2194,,
3507,Christoph,Greatreax,Male,70,1955-03-03,68.0,Physical Therapy Assistant,Financial Services,Mass Customer,N,88979 Hazelcrest Way,VIC,Australia,3555,,
3508,Malvin,Marre,Male,89,1986-08-09,36.0,Pharmacist,Health,Mass Customer,N,7555 Springview Crossing,VIC,Australia,3195,,
3509,Janine,Hesey,Female,85,1978-11-22,44.0,Pharmacist,Health,Mass Customer,N,04240 Prentice Plaza,VIC,Australia,3031,,
3510,Jemima,Izaac,U,48,,,Safety Technician II,IT,Affluent Customer,N,35280 Harper Junction,NSW,Australia,2700,,
3511,Willem,Spraging,Male,23,1966-12-31,56.0,Food Chemist,Health,Affluent Customer,N,08479 Hazelcrest Street,VIC,Australia,3340,,
3512,Vladimir,Abramowsky,Male,68,1994-03-24,29.0,VP Accounting,Financial Services,Mass Customer,N,70 Oakridge Pass,NSW,Australia,2019,,
3513,Enriqueta,Waterhowse,U,80,,,Internal Auditor,IT,Affluent Customer,N,56873 Buena Vista Crossing,NSW,Australia,2035,,
3514,Darcy,Ilett,Male,25,1962-08-24,60.0,Environmental Specialist,n/a,Mass Customer,N,7 Rieder Street,VIC,Australia,3155,,
3515,Leelah,Pynner,Female,11,1975-01-14,48.0,Staff Scientist,Telecommunications,High Net Worth,N,3528 Granby Circle,QLD,Australia,4825,,
3516,Diarmid,Vearnals,Male,93,1977-04-30,46.0,NA,Property,Mass Customer,N,16 Vahlen Trail,NSW,Australia,2152,,
3517,Domeniga,Terney,Female,47,1957-07-04,65.0,Accounting Assistant IV,n/a,Mass Customer,N,977 Arapahoe Trail,QLD,Australia,4121,,
3518,Magdaia,Beardwell,Female,45,1980-06-18,43.0,Biostatistician I,IT,Mass Customer,N,31331 Old Shore Crossing,NSW,Australia,2211,,
3519,Aldus,Kenningley,Male,16,1978-05-21,45.0,Software Consultant,Manufacturing,Mass Customer,N,51757 Weeping Birch Center,NSW,Australia,2470,,
3520,Travis,Kaszper,Male,41,1963-08-17,59.0,Research Nurse,Health,Mass Customer,N,25 Schurz Avenue,NSW,Australia,2071,,
3521,Oneida,Olivia,Female,27,1980-03-10,43.0,Research Associate,n/a,High Net Worth,N,92045 Magdeline Street,NSW,Australia,2101,,
3522,Lorri,Byrth,Female,73,1989-08-21,33.0,Cost Accountant,Financial Services,High Net Worth,N,0129 Hollow Ridge Crossing,NSW,Australia,2095,,
3523,Lin,Tarver,Male,33,1975-06-14,48.0,NA,n/a,Affluent Customer,N,56 Anderson Alley,NSW,Australia,2194,,
3524,Waiter,Piscopello,Male,38,1973-12-30,49.0,Design Engineer,Financial Services,Mass Customer,N,528 Golf View Plaza,NSW,Australia,2471,,
3525,Town,Yitzhakov,Male,55,1996-08-16,26.0,Editor,n/a,Mass Customer,N,474 Farragut Way,QLD,Australia,4812,,
3526,Pail,Iacopini,Male,84,1978-09-19,44.0,General Manager,Telecommunications,High Net Worth,N,1 Schiller Place,NSW,Australia,2774,,
3527,Kiley,Scotson,Female,77,1978-12-02,44.0,Senior Cost Accountant,Financial Services,High Net Worth,N,55497 Warrior Alley,VIC,Australia,3123,,
3528,Eliot,Scammell,Male,69,1964-04-06,59.0,Internal Auditor,Manufacturing,Mass Customer,N,6 Moulton Point,NSW,Australia,2145,,
3529,Austine,Kinny,Female,37,1960-11-23,62.0,Structural Analysis Engineer,IT,High Net Worth,N,6 Rockefeller Lane,NSW,Australia,2294,,
3530,Erik,Kenneford,Male,19,1973-10-23,49.0,Staff Scientist,n/a,High Net Worth,N,05759 Ridge Oak Trail,NSW,Australia,2007,,
3531,Shannah,Pountain,Female,4,1969-01-27,54.0,Marketing Manager,Retail,Affluent Customer,N,75 Grim Circle,NSW,Australia,2147,,
3532,May,Birch,Female,27,1990-07-24,32.0,Media Manager I,Health,High Net Worth,N,88 Bunting Hill,VIC,Australia,3978,,
3533,Neale,Lowings,Male,62,1981-02-14,42.0,NA,Financial Services,Affluent Customer,N,7547 Garrison Alley,NSW,Australia,2705,,
3534,Kacie,Stanbrooke,Female,92,1975-05-15,48.0,Associate Professor,Manufacturing,Affluent Customer,N,3605 Vidon Hill,VIC,Australia,3305,,
3535,Bren,Dabbes,Female,8,1994-09-15,28.0,Technical Writer,Manufacturing,High Net Worth,N,0485 Petterle Terrace,NSW,Australia,2575,,
3536,Laurence,Aulsford,Male,46,1967-12-24,55.0,Professor,Retail,Affluent Customer,N,97461 Drewry Trail,VIC,Australia,3072,,
3537,Sholom,Pavlasek,Male,1,1997-01-15,26.0,Graphic Designer,Financial Services,Mass Customer,N,6736 Anthes Junction,NSW,Australia,2250,,
3538,Kerby,Nassie,Male,19,1977-11-14,45.0,Marketing Manager,Health,Mass Customer,N,9 Tennyson Center,NSW,Australia,2198,,
3539,Sheelah,Caine,Female,94,1985-03-21,38.0,NA,IT,Mass Customer,N,9594 Brown Junction,QLD,Australia,4509,,
3540,Ali,Naris,Male,49,1954-08-27,68.0,NA,n/a,Mass Customer,N,64 Macpherson Junction,QLD,Australia,4061,,
3541,Aloin,Harhoff,Male,72,1986-01-03,37.0,NA,Health,Mass Customer,N,0 Heath Point,NSW,Australia,2136,,
3542,Perl,Suddaby,Female,23,1975-03-11,48.0,Financial Analyst,Financial Services,Mass Customer,N,1 Chive Trail,QLD,Australia,4670,,
3543,Shanie,Zahor,Female,15,1986-12-25,36.0,Food Chemist,Health,High Net Worth,N,34976 Lindbergh Hill,QLD,Australia,4304,,
3544,Benoite,Trahmel,Female,25,1998-08-13,24.0,Help Desk Technician,n/a,Affluent Customer,N,266 Little Fleur Street,QLD,Australia,4350,,
3545,Wenonah,Filgate,Female,66,1974-07-19,48.0,Developer II,n/a,High Net Worth,N,005 Bunker Hill Lane,VIC,Australia,3046,,
3546,Hally,Pollie,Female,91,1983-09-29,39.0,GIS Technical Architect,Manufacturing,Affluent Customer,N,792 Maple Trail,NSW,Australia,2097,,
3547,Ganny,Dwerryhouse,Male,19,1975-05-06,48.0,Senior Financial Analyst,Financial Services,Affluent Customer,N,71 Moulton Drive,VIC,Australia,3065,,
3548,Dalli,Seden,Male,65,1958-08-02,64.0,NA,n/a,Affluent Customer,N,033 Maryland Plaza,VIC,Australia,3023,,
3549,Jodee,Macewan,Female,0,1966-02-24,57.0,Sales Representative,Retail,Mass Customer,N,360 Green Ridge Junction,NSW,Australia,2508,,
3550,Daisey,Britto,Female,50,1988-11-27,34.0,Environmental Tech,Retail,Mass Customer,N,870 Bluestem Hill,NSW,Australia,2745,,
3551,Zed,Douris,Male,37,1962-05-10,61.0,Pharmacist,Health,Mass Customer,N,392 Grim Pass,QLD,Australia,4680,,
3552,Ebeneser,Lowde,Male,33,1992-09-07,30.0,Internal Auditor,Retail,Affluent Customer,N,38792 Calypso Crossing,NSW,Australia,2778,,
3553,Dietrich,Geggie,Male,97,1974-12-29,48.0,Graphic Designer,Health,Mass Customer,N,92 Mallard Court,VIC,Australia,3125,,
3554,Briggs,Mower,Male,34,1978-04-06,45.0,GIS Technical Architect,IT,Mass Customer,N,37 Summerview Park,NSW,Australia,2101,,
3555,Latashia,,Female,96,1976-02-26,47.0,Programmer Analyst II,Manufacturing,Mass Customer,N,3 Shasta Way,NSW,Australia,2076,,
3556,Larina,Gheeorghie,Female,38,1997-07-05,25.0,Senior Developer,Manufacturing,High Net Worth,N,45 Redwing Road,VIC,Australia,3182,,
3557,Tisha,Gibbings,Female,79,1978-05-12,45.0,NA,Health,Affluent Customer,N,41 Northridge Road,QLD,Australia,4730,,
3558,Torey,Sarney,Male,16,1954-09-05,68.0,NA,n/a,High Net Worth,N,459 Meadow Valley Junction,QLD,Australia,4155,,
3559,Farra,Bails,Female,80,1985-02-19,38.0,Assistant Media Planner,Entertainment,High Net Worth,N,276 Coolidge Plaza,QLD,Australia,4215,,
3560,Gav,Bonin,Male,98,1980-09-01,42.0,Structural Analysis Engineer,Retail,Mass Customer,N,4 Dexter Park,QLD,Australia,4505,,
3561,Emelda,Allbones,Female,15,1968-11-16,54.0,Help Desk Operator,Financial Services,Mass Customer,N,0800 Donald Hill,QLD,Australia,4000,,
3562,Martynne,Bullivant,Female,76,1973-01-02,50.0,Recruiting Manager,n/a,Affluent Customer,N,4301 Haas Junction,NSW,Australia,2204,,
3563,De,Leyband,Female,70,1990-03-12,33.0,NA,Financial Services,Affluent Customer,N,0185 Fremont Alley,QLD,Australia,4074,,
3564,Sandy,Olford,Male,43,1972-05-15,51.0,Programmer Analyst IV,n/a,High Net Worth,N,85476 Shasta Park,NSW,Australia,2065,,
3565,Charyl,Pottiphar,U,14,,,Structural Engineer,IT,High Net Worth,N,4888 Hoepker Plaza,NSW,Australia,2072,,
3566,Bram,Pheasant,Male,96,1976-11-02,46.0,Social Worker,Health,Affluent Customer,N,77 Green Court,NSW,Australia,2570,,
3567,Eileen,Ilchenko,Female,17,1980-09-14,42.0,Nurse,Financial Services,Affluent Customer,N,22344 Reinke Pass,QLD,Australia,4225,,
3568,Berthe,Griniov,Female,13,1955-09-15,67.0,Nurse,Retail,Affluent Customer,N,588 Menomonie Way,QLD,Australia,4179,,
3569,Janel,Daice,Female,24,1973-05-18,50.0,Senior Editor,n/a,Affluent Customer,N,3 Becker Drive,NSW,Australia,2566,,
3570,Mordy,Hedin,Male,13,1962-01-31,61.0,NA,Entertainment,Mass Customer,N,663 Sunfield Court,VIC,Australia,3564,,
3571,Othilia,Metcalf,Female,9,1976-06-09,47.0,Senior Sales Associate,Property,Mass Customer,N,010 Maryland Court,VIC,Australia,3556,,
3572,Willis,Tilston,Male,54,1986-03-21,37.0,Sales Representative,Retail,Affluent Customer,N,53504 Dakota Terrace,NSW,Australia,2570,,
3573,Mab,Dwyer,Female,68,1996-10-16,26.0,Accounting Assistant I,Manufacturing,Mass Customer,N,681 Ridgeway Junction,QLD,Australia,4208,,
3574,Eileen,Eland,Female,33,1991-02-05,32.0,Clinical Specialist,Health,Mass Customer,N,225 American Point,QLD,Australia,4508,,
3575,Kandace,Desesquelle,Female,82,1973-11-06,49.0,Administrative Assistant I,IT,Affluent Customer,N,79 Moland Junction,NSW,Australia,2795,,
3576,Rochette,Ebbens,Female,10,1969-09-19,53.0,Account Coordinator,n/a,Mass Customer,N,9004 Wayridge Drive,NSW,Australia,2799,,
3577,Fowler,Scotsbrook,Male,29,1964-02-18,59.0,Staff Scientist,Retail,High Net Worth,N,505 Village Pass,QLD,Australia,4007,,
3578,Dorella,Sineath,Female,57,1956-10-27,66.0,Staff Accountant IV,Property,Mass Customer,N,57 Thierer Parkway,NSW,Australia,2177,,
3579,Rachel,Somes,Female,32,1987-09-15,35.0,Software Test Engineer III,Health,High Net Worth,N,91 Roth Pass,NSW,Australia,2565,,
3580,Roby,Samson,Female,61,1972-04-24,51.0,Occupational Therapist,Health,Mass Customer,N,4605 Lakewood Gardens Terrace,VIC,Australia,3216,,
3581,Lindsy,Ygo,Female,38,1957-07-10,65.0,NA,n/a,Mass Customer,N,16334 Rutledge Trail,VIC,Australia,3805,,
3582,Beryle,Qusklay,Female,66,1961-12-11,61.0,Media Manager II,Property,Mass Customer,N,878 Cody Point,NSW,Australia,2155,,
3583,Josselyn,Mathey,Female,71,1965-05-27,58.0,Assistant Professor,Retail,Affluent Customer,N,66028 Randy Terrace,NSW,Australia,2155,,
3584,Adler,Teale,Male,95,1962-01-14,61.0,NA,Health,Mass Customer,N,78478 Pond Road,QLD,Australia,4128,,
3585,Concordia,Lunbech,Female,41,1962-07-28,60.0,NA,Financial Services,High Net Worth,N,062 Dixon Parkway,VIC,Australia,3103,,
3586,Abby,Brownstein,Female,79,1979-02-05,44.0,Registered Nurse,Health,Affluent Customer,N,344 Delladonna Place,NSW,Australia,2196,,
3587,Ines,Galfour,Female,85,1997-09-24,25.0,NA,n/a,Affluent Customer,N,53 Union Terrace,NSW,Australia,2763,,
3588,Henrie,Beadman,Female,15,1961-06-04,62.0,Web Developer III,Health,Affluent Customer,N,33221 Maple Wood Place,NSW,Australia,2260,,
3589,Nalani,Dummer,Female,73,1962-02-19,61.0,Computer Systems Analyst II,Health,High Net Worth,N,1 Esker Pass,QLD,Australia,4575,,
3590,Carolan,Velez,Female,32,1978-04-16,45.0,NA,Manufacturing,Mass Customer,N,9 Clyde Gallagher Junction,NSW,Australia,2065,,
3591,Dwight,Kinsey,Male,15,1978-10-28,44.0,Accountant III,Financial Services,Mass Customer,N,5699 Forster Street,NSW,Australia,2346,,
3592,Pall,MacCart,Male,72,1954-04-27,69.0,Junior Executive,n/a,Mass Customer,N,94543 Northwestern Court,QLD,Australia,4715,,
3593,Carry,Abercromby,Female,71,1996-04-10,27.0,Legal Assistant,Retail,Mass Customer,N,6 Continental Alley,VIC,Australia,3174,,
3594,Gustavo,Juschka,Male,45,1986-01-04,37.0,Marketing Assistant,Manufacturing,Mass Customer,N,89 Dapin Terrace,VIC,Australia,3121,,
3595,Timi,Huson,Female,81,1975-12-06,47.0,Software Consultant,Retail,Mass Customer,N,38834 Manufacturers Hill,NSW,Australia,2768,,
3596,Christi,Gilluley,Female,57,1977-12-25,45.0,Executive Secretary,Retail,Mass Customer,N,0186 Thackeray Center,VIC,Australia,3183,,
3597,Giorgi,,Male,71,1954-06-16,69.0,Analog Circuit Design manager,Property,Affluent Customer,N,15980 Fairview Drive,NSW,Australia,2283,,
3598,Penny,McKirdy,Male,72,1994-12-17,28.0,Computer Systems Analyst III,Manufacturing,Affluent Customer,N,2 Waxwing Terrace,NSW,Australia,2429,,
3599,Lane,Maguire,Male,11,1956-02-27,67.0,Physical Therapy Assistant,n/a,High Net Worth,N,358 Ronald Regan Point,NSW,Australia,2065,,
3600,Godart,Gooderick,Male,88,1962-05-17,61.0,Staff Accountant II,n/a,Mass Customer,N,4386 Spaight Court,VIC,Australia,3752,,
3601,Fanya,Gethyn,Female,85,1975-12-23,47.0,Junior Executive,IT,Mass Customer,N,73 Hallows Circle,NSW,Australia,2558,,
3602,Alicea,Scamwell,Female,23,1988-11-27,34.0,Account Coordinator,Health,Mass Customer,N,1585 Summer Ridge Alley,NSW,Australia,2548,,
3603,Cale,Yaneev,Male,90,1954-09-27,68.0,Sales Representative,Retail,Mass Customer,N,29585 Weeping Birch Avenue,NSW,Australia,2830,,
3604,Findlay,Lubman,Male,3,1971-04-09,52.0,VP Quality Control,Health,High Net Worth,N,4 Macpherson Drive,NSW,Australia,2560,,
3605,Andy,Risely,Male,54,1994-01-28,29.0,Internal Auditor,n/a,Mass Customer,N,75132 Portage Point,QLD,Australia,4555,,
3606,Jamima,Wainscot,Female,52,1957-02-09,66.0,Graphic Designer,n/a,High Net Worth,N,90969 Talmadge Place,VIC,Australia,3199,,
3607,Troy,Blaydes,Male,99,2001-05-22,22.0,Clinical Specialist,Health,Mass Customer,N,88 Ilene Crossing,NSW,Australia,2049,,
3608,Conway,Surgen,Male,86,1973-05-17,50.0,Nurse Practicioner,Agriculture,High Net Worth,N,154 Heffernan Trail,NSW,Australia,2038,,
3609,Chicky,Butterfield,Male,69,1997-09-02,25.0,Marketing Manager,Manufacturing,Mass Customer,N,4534 Stone Corner Terrace,NSW,Australia,2233,,
3610,Erl,Markel,Male,1,1987-03-29,36.0,Graphic Designer,Financial Services,High Net Worth,N,9 Declaration Crossing,VIC,Australia,3133,,
3611,Uriah,Chantree,Male,20,1970-04-10,53.0,Statistician II,n/a,Affluent Customer,N,2 Homewood Pass,QLD,Australia,4211,,
3612,Normand,Matous,Male,27,1979-11-27,43.0,NA,IT,High Net Worth,N,8279 Golf View Center,VIC,Australia,3127,,
3613,Fairfax,Pummery,Male,27,1972-04-21,51.0,Budget/Accounting Analyst II,Health,Mass Customer,N,65769 Hoard Plaza,VIC,Australia,3030,,
3614,Berkie,Gimber,Male,59,1961-06-23,62.0,Environmental Specialist,Retail,Affluent Customer,N,2 Havey Point,NSW,Australia,2759,,
3615,Junia,Napton,Female,63,1978-07-09,44.0,Safety Technician II,IT,Mass Customer,N,8582 Morrow Pass,QLD,Australia,4165,,
3616,Vale,Dagnan,Male,42,2001-04-02,22.0,Product Engineer,Property,High Net Worth,N,4643 Cambridge Circle,VIC,Australia,3064,,
3617,Jessa,Milnthorpe,Female,11,1990-05-06,33.0,Structural Analysis Engineer,Manufacturing,Mass Customer,N,2 Armistice Parkway,NSW,Australia,2193,,
3618,Evyn,Rouby,Male,2,1966-04-28,57.0,Statistician IV,Retail,Affluent Customer,N,23301 Bluestem Drive,VIC,Australia,3146,,
3619,Myranda,Cridland,Female,18,1996-02-17,27.0,Administrative Assistant IV,n/a,Mass Customer,N,6764 Commercial Avenue,NSW,Australia,2753,,
3620,Gerry,Ackhurst,Male,21,1991-07-30,31.0,Computer Systems Analyst II,Retail,Mass Customer,N,56747 Monument Avenue,QLD,Australia,4306,,
3621,Umeko,Hearfield,Female,13,1975-01-16,48.0,Developer IV,Health,High Net Worth,N,8 Harper Center,NSW,Australia,2650,,
3622,Anetta,Brosenius,Female,84,1983-09-02,39.0,Compensation Analyst,Financial Services,Mass Customer,N,422 Valley Edge Pass,NSW,Australia,2000,,
3623,Oren,Barwack,Male,56,1984-11-25,38.0,Senior Quality Engineer,Manufacturing,Affluent Customer,N,8651 Graceland Way,NSW,Australia,2830,,
3624,Lenka,,Female,54,1984-10-16,38.0,Cost Accountant,Financial Services,Mass Customer,N,6 Nobel Way,NSW,Australia,2322,,
3625,Cammie,Rubinfeld,Female,24,1953-11-30,69.0,VP Marketing,Manufacturing,High Net Worth,N,3 Burning Wood Pass,NSW,Australia,2322,,
3626,Cora,Hince,Female,86,1978-09-02,44.0,Senior Cost Accountant,Financial Services,Mass Customer,N,4 Westridge Circle,NSW,Australia,2763,,
3627,Loren,Pischof,Male,92,1961-08-12,61.0,Teacher,Health,High Net Worth,N,9284 Randy Alley,NSW,Australia,2217,,
3628,Sharron,Gaynes,Female,47,1974-10-17,48.0,Financial Advisor,Financial Services,Mass Customer,N,56 Sullivan Crossing,NSW,Australia,2768,,
3629,Vale,Starcks,Female,17,1976-10-29,46.0,Editor,Health,High Net Worth,N,3 Westridge Avenue,NSW,Australia,2810,,
3630,Jeni,Heymes,Female,16,1978-11-15,44.0,Tax Accountant,Property,Affluent Customer,N,3 Florence Drive,NSW,Australia,2151,,
3631,Mignonne,Barwood,Female,76,1962-07-01,60.0,Project Manager,IT,High Net Worth,N,897 Forest Dale Terrace,QLD,Australia,4035,,
3632,Elena,Sandys,Female,82,1990-03-27,33.0,Teacher,n/a,Mass Customer,N,91215 Doe Crossing Avenue,VIC,Australia,3805,,
3633,Donavon,Ainsby,Male,32,1983-04-18,40.0,Biostatistician III,Health,Mass Customer,N,38834 Green Center,NSW,Australia,2132,,
3634,Clemence,Kornas,Female,35,1963-06-01,60.0,Speech Pathologist,n/a,High Net Worth,N,678 Monterey Center,NSW,Australia,2759,,
3635,Elset,,Female,51,1977-07-06,45.0,VP Marketing,Retail,High Net Worth,N,1 Park Meadow Drive,NSW,Australia,2145,,
3636,Trudi,Bickerstasse,Female,42,1970-06-24,53.0,Director of Sales,Financial Services,Mass Customer,N,58 Hoepker Center,QLD,Australia,4343,,
3637,Luigi,Edgeworth,Male,84,1958-01-01,65.0,NA,Manufacturing,Affluent Customer,N,6415 4th Alley,NSW,Australia,2766,,
3638,Fifi,Dorrins,Female,73,1996-05-04,27.0,Associate Professor,Manufacturing,Mass Customer,N,5558 Northport Point,NSW,Australia,2087,,
3639,Megan,Perrygo,Female,49,1974-01-11,49.0,Food Chemist,Health,High Net Worth,N,71 Manley Way,NSW,Australia,2036,,
3640,Merralee,Forman,Female,64,1985-04-28,38.0,Staff Scientist,n/a,Mass Customer,N,6201 Schiller Drive,NSW,Australia,2502,,
3641,Wolfie,Hoyes,Male,78,1975-10-02,47.0,Civil Engineer,Manufacturing,Affluent Customer,N,5339 Paget Plaza,NSW,Australia,2190,,
3642,Ardith,Portigall,Female,39,1962-05-21,61.0,NA,n/a,Affluent Customer,N,26138 Katie Point,NSW,Australia,2800,,
3643,Bettye,Dumberrill,Female,62,1971-02-08,52.0,Technical Writer,n/a,Mass Customer,N,686 Scoville Drive,VIC,Australia,3012,,
3644,Peder,Frotton,Male,13,1968-01-18,55.0,Physical Therapy Assistant,Financial Services,High Net Worth,N,41 Bay Pass,NSW,Australia,2018,,
3645,Cozmo,Rylstone,Male,47,1961-07-04,61.0,Structural Analysis Engineer,Manufacturing,High Net Worth,N,155 Sunfield Way,VIC,Australia,3212,,
3646,Allene,Pauly,Female,0,1981-10-22,41.0,Social Worker,Health,Mass Customer,N,2809 Anderson Lane,VIC,Australia,3350,,
3647,Carlyle,Frape,Male,62,1971-11-07,51.0,Marketing Manager,n/a,Affluent Customer,N,4 Barby Point,QLD,Australia,4216,,
3648,Tracie,Bartolomeoni,Female,82,1954-02-21,69.0,Paralegal,Financial Services,Mass Customer,N,73 Eagan Hill,VIC,Australia,3040,,
3649,Jayne,Gawthrope,Female,66,1977-07-12,45.0,Office Assistant II,Property,Mass Customer,N,11 Ryan Hill,NSW,Australia,2229,,
3650,Darrelle,Rosas,Female,85,1999-10-21,23.0,Office Assistant I,IT,Mass Customer,N,6 Eliot Parkway,NSW,Australia,2045,,
3651,Baxie,,Male,91,1999-11-15,23.0,Human Resources Assistant I,Manufacturing,Mass Customer,N,4962 Wayridge Road,NSW,Australia,2220,,
3652,Aldrich,Camble,Male,20,1955-02-06,68.0,Nurse,Health,High Net Worth,N,9 Jenifer Avenue,NSW,Australia,2480,,
3653,Devlen,Perrett,Male,7,1991-01-04,32.0,Environmental Specialist,n/a,Mass Customer,N,7 Macpherson Way,QLD,Australia,4064,,
3654,Kenyon,Paddefield,U,78,,,Electrical Engineer,Manufacturing,Mass Customer,N,5437 Oak Alley,NSW,Australia,2024,,
3655,Waldemar,Mostin,Male,82,1974-06-01,49.0,NA,n/a,Mass Customer,N,13854 Artisan Avenue,QLD,Australia,4508,,
3656,Talia,Sidnell,Female,14,1976-12-24,46.0,NA,Property,Mass Customer,N,7415 Schlimgen Drive,NSW,Australia,2064,,
3657,Wyatan,Rogeon,Male,95,1961-07-24,61.0,NA,n/a,High Net Worth,N,249 Merchant Terrace,QLD,Australia,4211,,
3658,Bo,Vell,Male,15,1962-10-20,60.0,NA,Entertainment,Mass Customer,N,379 Scofield Pass,VIC,Australia,3101,,
3659,Farra,Catto,Female,76,1976-12-23,46.0,VP Sales,Financial Services,High Net Worth,N,6 Michigan Lane,QLD,Australia,4076,,
3660,Gradeigh,Hothersall,Male,99,1981-03-14,42.0,Administrative Assistant IV,Financial Services,Mass Customer,N,31 Packers Pass,NSW,Australia,2205,,
3661,Tadeas,Shitliff,Male,34,1965-12-18,57.0,Research Associate,Manufacturing,Mass Customer,N,772 Superior Street,NSW,Australia,2759,,
3662,Pippo,Cator,Male,79,1977-12-30,45.0,Community Outreach Specialist,Retail,Mass Customer,N,15093 Hallows Pass,VIC,Australia,3930,,
3663,Hermy,Casement,Male,62,1998-02-10,25.0,Information Systems Manager,n/a,Affluent Customer,N,954 Reinke Park,VIC,Australia,3101,,
3664,Faina,Czaja,Female,5,1990-02-23,33.0,Software Test Engineer I,Manufacturing,Mass Customer,N,11879 Surrey Court,NSW,Australia,2768,,
3665,Toma,Klaaasen,Female,19,1989-03-23,34.0,Dental Hygienist,Health,Mass Customer,N,7730 Oakridge Trail,VIC,Australia,3380,,
3666,Mathew,Marousek,Male,56,1957-03-27,66.0,Statistician II,Health,High Net Worth,N,91051 Cordelia Circle,VIC,Australia,3030,,
3667,Nettie,Goghin,Female,3,1983-02-06,40.0,Graphic Designer,Retail,Mass Customer,N,32 Larry Way,VIC,Australia,3073,,
3668,Katlin,Ragsdale,Female,79,1955-02-09,68.0,Desktop Support Technician,Property,Mass Customer,N,3173 Park Meadow Park,NSW,Australia,2261,,
3669,Maynard,Isaq,Male,11,1977-06-18,46.0,Design Engineer,Manufacturing,Affluent Customer,N,427 Talmadge Terrace,NSW,Australia,2486,,
3670,Leupold,Bernardini,Male,62,1977-03-20,46.0,NA,Financial Services,Affluent Customer,N,587 Rieder Court,QLD,Australia,4211,,
3671,Crystie,Deshorts,Female,98,1992-01-05,31.0,Programmer Analyst III,n/a,Affluent Customer,N,34775 Melrose Road,NSW,Australia,2152,,
3672,Werner,Yglesias,Male,32,1987-05-25,36.0,NA,IT,Mass Customer,N,61 Kennedy Park,NSW,Australia,2745,,
3673,Tobin,Fucher,Male,72,1979-09-28,43.0,NA,Manufacturing,Mass Customer,N,1 Upham Crossing,VIC,Australia,3041,,
3674,Rodger,Gores,Male,59,1998-12-24,24.0,Tax Accountant,Property,Mass Customer,N,106 Donald Way,VIC,Australia,3216,,
3675,Samuele,Heller,Male,88,1999-12-17,23.0,Analog Circuit Design manager,Property,Affluent Customer,N,3397 Ronald Regan Plaza,QLD,Australia,4511,,
3676,Derk,Willingale,Male,27,1965-12-15,57.0,Health Coach I,Health,Affluent Customer,N,2615 Declaration Court,NSW,Australia,2031,,
3677,Bartel,Fonteyne,Male,3,1986-07-11,36.0,Senior Financial Analyst,Financial Services,Mass Customer,N,900 Straubel Hill,NSW,Australia,2176,,
3678,Tonya,Worthington,Female,52,1969-08-06,53.0,Engineer IV,Manufacturing,Mass Customer,N,4314 Ridgeview Court,NSW,Australia,2176,,
3679,Murielle,Klimkov,Female,72,1992-05-05,31.0,Developer II,n/a,High Net Worth,N,6001 Calypso Park,NSW,Australia,2320,,
3680,Sawyere,Onele,Male,17,1983-08-11,39.0,Accountant I,Retail,High Net Worth,N,31 Declaration Drive,QLD,Australia,4500,,
3681,Doll,Benedicto,Female,90,1962-02-06,61.0,Community Outreach Specialist,Property,Mass Customer,N,8 Grover Parkway,NSW,Australia,2089,,
3682,Dukie,Asson,Male,94,1978-06-15,45.0,GIS Technical Architect,Financial Services,Mass Customer,N,7 Killdeer Junction,QLD,Australia,4306,,
3683,Lorain,Maliphant,Female,67,1957-03-30,66.0,Chief Design Engineer,n/a,Mass Customer,N,30122 Union Plaza,NSW,Australia,2066,,
3684,Jeffie,Mortell,Male,13,1974-04-25,49.0,Food Chemist,Health,High Net Worth,N,81 Carpenter Terrace,VIC,Australia,3321,,
3685,Solomon,Ruffles,Male,86,1989-06-12,34.0,Human Resources Manager,Financial Services,Affluent Customer,N,46 Hollow Ridge Way,NSW,Australia,2011,,
3686,Shirley,Siss,Female,20,1976-08-06,46.0,NA,Financial Services,High Net Worth,N,6468 West Park,VIC,Australia,3161,,
3687,Jessie,Wards,Male,84,1971-10-14,51.0,Software Engineer III,Manufacturing,Mass Customer,N,2 Barby Court,NSW,Australia,2133,,
3688,Fritz,Merchant,Male,87,1994-04-27,29.0,General Manager,IT,Affluent Customer,N,4 Rockefeller Plaza,VIC,Australia,3196,,
3689,Orel,Joncic,Female,26,1967-09-25,55.0,NA,Health,Mass Customer,N,00732 David Lane,VIC,Australia,3350,,
3690,Sheela,Nutton,Female,86,1957-05-11,66.0,Chemical Engineer,Manufacturing,Mass Customer,N,4 Hagan Hill,NSW,Australia,2197,,
3691,Mathew,Seid,Male,73,1973-08-16,49.0,Environmental Tech,Retail,Affluent Customer,N,47566 Old Gate Avenue,VIC,Australia,3064,,
3692,Linea,Kubica,Female,47,1961-11-05,61.0,Business Systems Development Analyst,n/a,High Net Worth,N,9738 Delaware Crossing,NSW,Australia,2753,,
3693,Brenna,Raft,Female,58,1985-01-19,38.0,NA,Manufacturing,Affluent Customer,N,5511 Clove Lane,VIC,Australia,3153,,
3694,Antoni,MacAllister,Male,91,1984-04-19,39.0,NA,Health,Mass Customer,N,526 Kipling Drive,VIC,Australia,3193,,
3695,Lem,Clamp,Male,33,1978-02-27,45.0,Account Coordinator,Entertainment,Affluent Customer,N,9585 Lakeland Avenue,NSW,Australia,2147,,
3696,Orlan,Dunning,Male,27,1962-12-11,60.0,Senior Financial Analyst,Financial Services,High Net Worth,N,19 Daystar Alley,NSW,Australia,2761,,
3697,Zebedee,Christal,Male,47,1978-10-10,44.0,Recruiting Manager,n/a,Mass Customer,N,2 Union Way,NSW,Australia,2035,,
3698,Devon,Baudic,Female,49,1995-10-03,27.0,Geological Engineer,Manufacturing,Mass Customer,N,88 Service Hill,QLD,Australia,4573,,
3699,Lillian,Somerfield,Female,40,1990-10-08,32.0,Recruiting Manager,Manufacturing,Mass Customer,N,856 Basil Drive,VIC,Australia,3064,,
3700,Lazar,Restall,Male,64,1971-09-06,51.0,Associate Professor,Entertainment,Mass Customer,N,00 Esker Point,QLD,Australia,4207,,
3701,Anstice,Dunsmuir,Female,93,1974-01-20,49.0,Physical Therapy Assistant,n/a,Affluent Customer,N,792 Clyde Gallagher Trail,NSW,Australia,2120,,
3702,Floyd,Meharry,Male,74,1993-02-18,30.0,Biostatistician IV,Health,Mass Customer,N,9719 Bobwhite Avenue,NSW,Australia,2289,,
3703,Kelvin,Oldford,Male,37,1973-06-18,50.0,Teacher,Property,Affluent Customer,N,36 Service Lane,NSW,Australia,2750,,
3704,Haslett,Ropars,Male,54,1975-05-08,48.0,Health Coach III,Health,High Net Worth,N,51158 Mitchell Place,VIC,Australia,3747,,
3705,Tedmund,Clawsley,Male,26,1971-12-04,51.0,NA,Manufacturing,Mass Customer,N,6 3rd Point,NSW,Australia,2256,,
3706,Darby,Jellett,Male,20,1966-04-03,57.0,Assistant Professor,Agriculture,Affluent Customer,N,828 Cascade Crossing,VIC,Australia,3196,,
3707,Marten,Posnette,Male,10,1993-05-16,30.0,Senior Editor,Retail,Mass Customer,N,2099 Elmside Parkway,VIC,Australia,3165,,
3708,Lois,Laskey,Female,72,1963-05-15,60.0,Cost Accountant,Financial Services,Mass Customer,N,6407 Pierstorff Center,QLD,Australia,4209,,
3709,Lilly,Roubay,Female,31,1955-03-31,68.0,GIS Technical Architect,Health,Mass Customer,N,18 Stephen Center,VIC,Australia,3189,,
3710,Sallyann,Stangoe,Female,12,1974-08-22,48.0,Physical Therapy Assistant,n/a,Mass Customer,N,5147 Kensington Pass,NSW,Australia,2204,,
3711,Ellene,Scinelli,Female,61,1961-05-04,62.0,Associate Professor,Manufacturing,Affluent Customer,N,7740 Crescent Oaks Circle,QLD,Australia,4350,,
3712,Esmeralda,Klousner,Female,22,1957-07-12,65.0,Recruiting Manager,Financial Services,Mass Customer,N,03742 Granby Parkway,NSW,Australia,2768,,
3713,Cynthy,Snoad,Female,72,1993-02-03,30.0,NA,Telecommunications,High Net Worth,N,37 Tennessee Way,QLD,Australia,4078,,
3714,Lemuel,Gerram,Male,83,1962-03-30,61.0,VP Sales,Manufacturing,Mass Customer,N,0616 Messerschmidt Place,NSW,Australia,2350,,
3715,Willow,Rusbridge,Female,19,1974-11-08,48.0,Computer Systems Analyst I,Agriculture,High Net Worth,N,25 Melvin Junction,VIC,Australia,3064,,
3716,Kari,Bamlett,Female,81,1998-08-24,24.0,NA,Retail,Affluent Customer,N,650 Barby Street,NSW,Australia,2023,,
3717,Arlin,Woollacott,Male,88,1958-12-07,64.0,Senior Financial Analyst,Financial Services,Mass Customer,N,63795 Logan Junction,VIC,Australia,3805,,
3718,Damiano,,U,22,,,Geologist IV,IT,Mass Customer,N,506 Tennyson Avenue,QLD,Australia,4118,,
3719,Dorette,Attridge,Female,26,1956-10-19,66.0,Sales Representative,Retail,Mass Customer,N,7 Shasta Terrace,NSW,Australia,2821,,
3720,Adelice,Tams,Female,23,1972-08-15,50.0,NA,n/a,Mass Customer,N,61 Shoshone Alley,VIC,Australia,3150,,
3721,Merrili,Potticary,Female,84,1994-10-13,28.0,Senior Quality Engineer,Financial Services,Mass Customer,N,3241 Rigney Place,VIC,Australia,3337,,
3722,Merilee,Hammerson,Female,69,1975-11-07,47.0,NA,Retail,Mass Customer,N,65885 Maple Hill,VIC,Australia,3072,,
3723,Justine,Pirt,Female,31,1993-10-22,29.0,Accountant II,Financial Services,High Net Worth,N,310 Cody Street,NSW,Australia,2125,,
3724,Griffith,Minor,Male,24,1976-03-23,47.0,NA,IT,Affluent Customer,N,7650 Stone Corner Avenue,VIC,Australia,3201,,
3725,Elisha,Venny,Male,37,1970-07-21,52.0,Research Assistant II,n/a,Mass Customer,N,6033 Blaine Court,NSW,Australia,2075,,
3726,Ange,Austick,Female,36,1976-06-17,47.0,GIS Technical Architect,Property,Mass Customer,N,515 Fallview Way,NSW,Australia,2484,,
3727,Eba,Youle,U,65,,,Assistant Professor,IT,Mass Customer,N,757 International Road,VIC,Australia,3158,,
3728,Chanda,Garmons,Female,27,1986-09-01,36.0,Technical Writer,Property,Affluent Customer,N,0 Declaration Center,NSW,Australia,2250,,
3729,Armand,McNish,Male,6,1960-12-16,62.0,Financial Analyst,Financial Services,Mass Customer,N,1 Parkside Avenue,VIC,Australia,3109,,
3730,Joann,Clemson,Female,85,1960-02-18,63.0,Junior Executive,Manufacturing,Affluent Customer,N,73128 Pearson Pass,QLD,Australia,4132,,
3731,Jandy,Rodgers,Female,91,1991-10-27,31.0,Chief Design Engineer,n/a,Mass Customer,N,1940 Morning Circle,NSW,Australia,2765,,
3732,Shawn,Hooge,Female,47,1992-06-07,31.0,Research Associate,Manufacturing,Mass Customer,N,18 Chinook Plaza,NSW,Australia,2756,,
3733,Shelden,Rodenburg,Male,70,1977-11-01,45.0,NA,n/a,Mass Customer,N,7912 Jana Lane,NSW,Australia,2194,,
3734,Trixi,Wickes,Female,46,1977-01-07,46.0,Help Desk Technician,Manufacturing,Mass Customer,N,534 Arrowood Trail,QLD,Australia,4212,,
3735,Cchaddie,Heffron,Male,91,1961-12-02,61.0,Senior Quality Engineer,Entertainment,Mass Customer,N,79 Butterfield Street,NSW,Australia,2016,,
3736,Charles,Brounfield,Male,64,1992-03-13,31.0,Senior Developer,Agriculture,Mass Customer,N,789 Alpine Lane,NSW,Australia,2390,,
3737,Elyssa,Witt,Female,86,1981-03-21,42.0,Design Engineer,Manufacturing,Affluent Customer,N,4178 Bartelt Parkway,NSW,Australia,2505,,
3738,Lucila,Smalls,Female,19,1959-12-19,63.0,Professor,Financial Services,High Net Worth,N,44 Londonderry Parkway,NSW,Australia,2164,,
3739,Gates,Nelthorpe,Female,59,1991-08-27,31.0,Environmental Tech,IT,High Net Worth,N,712 Sage Park,VIC,Australia,3149,,
3740,Rania,Poulter,Female,82,1979-12-03,43.0,Dental Hygienist,Health,Mass Customer,N,88987 Dexter Park,NSW,Australia,2806,,
3741,Mollee,Jeavons,Female,19,1970-02-01,53.0,Nurse,n/a,Affluent Customer,N,52 Helena Lane,NSW,Australia,2192,,
3742,Veda,Faill,Female,79,1961-11-09,61.0,Editor,Property,High Net Worth,N,3 High Crossing Parkway,VIC,Australia,3006,,
3743,Riki,Aimable,Female,85,1986-08-02,36.0,Tax Accountant,Property,Mass Customer,N,45 Fordem Court,VIC,Australia,3191,,
3744,Franchot,Loeber,Male,57,1981-01-05,42.0,NA,Financial Services,Mass Customer,N,82583 North Hill,NSW,Australia,2528,,
3745,Randy,Duligall,Female,90,1977-12-05,45.0,Dental Hygienist,Health,Mass Customer,N,79 Crescent Oaks Court,NSW,Australia,2806,,
3746,Thaddeus,McLurg,Male,64,1961-09-01,61.0,Developer II,n/a,Affluent Customer,N,1 Utah Alley,NSW,Australia,2232,,
3747,Valerye,Yukhtin,Female,8,1990-02-24,33.0,Web Developer IV,Manufacturing,Mass Customer,N,353 Donald Street,VIC,Australia,3199,,
3748,Maurise,Beal,Male,82,1956-01-10,67.0,Staff Scientist,n/a,Affluent Customer,N,86 Fairfield Alley,NSW,Australia,2558,,
3749,Blondelle,Swynley,Female,3,2001-04-21,22.0,NA,IT,Affluent Customer,N,33 Sugar Alley,NSW,Australia,2060,,
3750,Yanaton,Beacom,Male,78,1972-04-14,51.0,Chemical Engineer,Manufacturing,Affluent Customer,N,92 Northridge Park,NSW,Australia,2450,,
3751,Millicent,Nacci,Female,44,1978-12-28,44.0,Environmental Specialist,n/a,Affluent Customer,N,1 Algoma Trail,QLD,Australia,4213,,
3752,Peta,Nabarro,Female,67,1961-09-15,61.0,Administrative Assistant I,Agriculture,Affluent Customer,N,08261 Aberg Junction,NSW,Australia,2176,,
3753,Ebony,Peagrim,Female,16,1997-08-21,25.0,Office Assistant II,Manufacturing,Mass Customer,N,549 Randy Point,NSW,Australia,2560,,
3754,Emmy,MacGibbon,Female,74,1961-02-16,62.0,NA,Telecommunications,Mass Customer,N,09295 Judy Terrace,NSW,Australia,2753,,
3755,Stephen,Garnar,Male,38,1994-05-10,29.0,Chief Design Engineer,Financial Services,High Net Worth,N,78 Southridge Parkway,NSW,Australia,2257,,
3756,Barry,,Male,22,1977-07-08,45.0,NA,n/a,Affluent Customer,N,04 Oakridge Drive,QLD,Australia,4123,,
3757,Hyacinthia,Crain,Female,75,1999-09-12,23.0,Information Systems Manager,n/a,Affluent Customer,N,20101 Prentice Terrace,NSW,Australia,2074,,
3758,Naomi,Whiles,Female,71,1959-07-30,63.0,Recruiting Manager,Telecommunications,Mass Customer,N,498 Golf Parkway,NSW,Australia,2144,,
3759,Sue,Batstone,Female,68,1995-03-04,28.0,Programmer IV,Property,Mass Customer,N,23 West Crossing,VIC,Australia,3192,,
3760,Bryana,Vennart,Female,73,1976-06-09,47.0,NA,Financial Services,Mass Customer,N,011 Johnson Park,VIC,Australia,3121,,
3761,Zarla,Seyers,Female,87,1973-07-20,49.0,Biostatistician II,Telecommunications,Mass Customer,N,5 Atwood Crossing,NSW,Australia,2321,,
3762,Marinna,Ors,Female,48,1967-03-22,56.0,NA,Property,Mass Customer,N,28008 Mesta Lane,NSW,Australia,2767,,
3763,Law,Jore,Male,37,1981-01-27,42.0,Quality Control Specialist,n/a,Affluent Customer,N,1 Dixon Way,VIC,Australia,3072,,
3764,Nonie,Newson,Female,29,1957-05-06,66.0,Cost Accountant,Financial Services,Mass Customer,N,31446 5th Court,VIC,Australia,3064,,
3765,Bobbe,Lomaz,Female,20,1963-06-01,60.0,Automation Specialist IV,Property,Mass Customer,N,8397 Holy Cross Parkway,NSW,Australia,2087,,
3766,Marcos,Algar,Male,47,1970-04-13,53.0,Desktop Support Technician,Financial Services,Mass Customer,N,85958 Bartillon Way,VIC,Australia,3201,,
3767,Man,Bigglestone,Male,25,1982-09-14,40.0,Web Developer IV,n/a,High Net Worth,N,877 Corben Center,NSW,Australia,2500,,
3768,Christina,Grevatt,Female,44,1971-01-17,52.0,Senior Financial Analyst,Financial Services,Mass Customer,N,6 Maple Wood Junction,QLD,Australia,4012,,
3769,Kerry,Wooldridge,Male,40,1993-01-19,30.0,Desktop Support Technician,Health,High Net Worth,N,5304 Oneill Pass,NSW,Australia,2117,,
3770,Caddric,Ruddiforth,Male,54,1988-02-02,35.0,Legal Assistant,Agriculture,Mass Customer,N,884 Packers Junction,NSW,Australia,2034,,
3771,Pippy,Matysiak,Female,78,1974-09-08,48.0,Electrical Engineer,Manufacturing,Mass Customer,N,95 East Road,NSW,Australia,2093,,
3772,Anselma,Rennie,Female,45,1999-02-07,24.0,Physical Therapy Assistant,Manufacturing,Mass Customer,N,9932 Atwood Center,NSW,Australia,2011,,
3773,Wadsworth,Ruselin,Male,44,1976-02-06,47.0,Accountant I,n/a,Affluent Customer,N,1929 Crowley Drive,QLD,Australia,4034,,
3774,Elizabeth,Christy,Female,38,1998-11-07,24.0,Statistician I,Property,High Net Worth,N,70 West Plaza,VIC,Australia,3020,,
3775,Avie,Cleator,Female,16,1985-02-13,38.0,NA,Health,Affluent Customer,N,7 Norway Maple Avenue,QLD,Australia,4172,,
3776,Kennie,Baszniak,Male,46,1977-05-02,46.0,Recruiter,Retail,Mass Customer,N,54285 Annamark Way,VIC,Australia,3977,,
3777,Letty,Giacobelli,Female,13,1969-06-12,54.0,Cost Accountant,Financial Services,High Net Worth,N,761 Carioca Drive,QLD,Australia,4226,,
3778,Ilaire,Redborn,Male,99,1971-06-09,52.0,Dental Hygienist,Health,High Net Worth,N,69131 Kipling Alley,VIC,Australia,3351,,
3779,Ulick,Daspar,U,68,,,,IT,Affluent Customer,N,3052 Green Drive,VIC,Australia,3142,,
3780,Mitchel,Bellefant,Male,10,1993-11-01,29.0,Desktop Support Technician,Financial Services,High Net Worth,N,33331 Corry Road,NSW,Australia,2560,,
3781,Karalee,Hosten,Female,30,1961-10-16,61.0,Graphic Designer,Retail,Mass Customer,N,69 Porter Parkway,QLD,Australia,4128,,
3782,Elijah,Drillot,Male,12,1973-06-13,50.0,Environmental Specialist,Financial Services,Mass Customer,N,934 Dwight Park,NSW,Australia,2280,,
3783,Eachelle,Girardey,Female,61,1974-08-29,48.0,Compensation Analyst,Financial Services,Mass Customer,N,27784 Hansons Trail,VIC,Australia,3078,,
3784,Davie,Moscon,Male,56,1983-06-04,40.0,NA,Financial Services,High Net Worth,N,464 Acker Way,NSW,Australia,2756,,
3785,Fernande,Jahan,Female,93,1969-04-09,54.0,Compensation Analyst,Financial Services,Affluent Customer,N,53533 Dakota Pass,NSW,Australia,2077,,
3786,Barnie,Blenkensop,Male,12,1985-12-28,37.0,Systems Administrator IV,n/a,High Net Worth,N,546 Summerview Center,NSW,Australia,2074,,
3787,Mariejeanne,Kelling,Female,1,1965-10-06,57.0,Systems Administrator III,Manufacturing,High Net Worth,N,1 Carey Crossing,NSW,Australia,2047,,
3788,Wilie,Glanton,Female,73,1962-07-21,60.0,Environmental Specialist,Financial Services,Mass Customer,N,7524 David Place,NSW,Australia,2850,,
3789,Conn,Westberg,Male,52,1956-08-08,66.0,Civil Engineer,Manufacturing,Mass Customer,N,7 Granby Crossing,VIC,Australia,3083,,
3790,Kurtis,Morson,Male,91,1959-05-31,64.0,Senior Editor,Retail,Mass Customer,Y,8681 Dennis Pass,VIC,Australia,3215,,
3791,Bertrand,Sissons,Male,17,1993-05-26,30.0,Quality Control Specialist,Health,Affluent Customer,N,1 Pankratz Circle,VIC,Australia,3083,,
3792,Ingunna,Loxston,Female,81,1976-04-16,47.0,VP Marketing,Financial Services,Affluent Customer,N,9904 Oakridge Parkway,QLD,Australia,4370,,
3793,Shannen,Pitcock,Female,49,1957-05-12,66.0,Engineer IV,n/a,Affluent Customer,N,249 Anderson Street,NSW,Australia,2153,,
3794,Dorrie,Paige,Female,47,1994-07-06,28.0,NA,IT,Mass Customer,N,3463 Merchant Trail,VIC,Australia,3152,,
3795,Taylor,Dollimore,Male,88,1956-06-24,67.0,Systems Administrator III,Agriculture,High Net Worth,N,699 Hudson Road,NSW,Australia,2138,,
3796,Morgen,Sieghart,Male,51,1965-07-27,57.0,Paralegal,Financial Services,Mass Customer,N,9 Dwight Drive,NSW,Australia,2710,,
3797,Kriste,Oldall,Female,76,1979-08-18,43.0,Occupational Therapist,Health,Affluent Customer,N,13 Colorado Lane,NSW,Australia,2099,,
3798,Yorker,Dennison,Male,13,1968-02-22,55.0,NA,Manufacturing,Mass Customer,N,39946 Kenwood Court,VIC,Australia,3070,,
3799,Violetta,Monnery,Female,94,1971-01-28,52.0,Tax Accountant,Property,High Net Worth,N,72204 Springs Way,VIC,Australia,3104,,
3800,Morena,Ayer,Female,19,1980-10-28,42.0,Environmental Tech,n/a,High Net Worth,N,365 Jenifer Point,QLD,Australia,4116,,
3801,Auberta,Andrault,Female,76,1971-03-06,52.0,Research Nurse,Health,Mass Customer,N,53 Texas Road,NSW,Australia,2262,,
3802,Leila,Elcombe,Female,9,1970-10-27,52.0,Chief Design Engineer,Telecommunications,High Net Worth,N,6 Morningstar Park,NSW,Australia,2324,,
3803,Josepha,Finder,Female,54,1961-05-13,62.0,Dental Hygienist,Health,Mass Customer,N,6901 Russell Street,VIC,Australia,3977,,
3804,Andria,Keays,Female,23,1986-08-21,36.0,NA,Manufacturing,Mass Customer,N,26 Barby Terrace,NSW,Australia,2263,,
3805,Margaret,McSperrin,Female,52,1977-08-16,45.0,Software Test Engineer II,Property,Affluent Customer,N,23541 Dayton Drive,NSW,Australia,2177,,
3806,Ado,Gailor,Male,1,1954-02-08,69.0,NA,Property,Mass Customer,N,81 Pine View Avenue,QLD,Australia,4208,,
3807,Bibby,Goman,Female,73,1976-05-21,47.0,Analyst Programmer,Retail,Mass Customer,N,91 Dennis Plaza,QLD,Australia,4127,,
3808,Cal,Wilber,Male,66,1969-10-11,53.0,Recruiting Manager,Manufacturing,Mass Customer,N,43 Hollow Ridge Center,VIC,Australia,3215,,
3809,Angelita,Itzcovichch,Female,44,1955-09-08,67.0,VP Quality Control,Manufacturing,Affluent Customer,N,045 Debs Pass,VIC,Australia,3145,,
3810,Cacilie,Grimoldby,Female,22,1974-09-05,48.0,Food Chemist,Health,Affluent Customer,N,73 Debra Terrace,NSW,Australia,2141,,
3811,Etta,Leele,Female,60,1997-03-19,26.0,NA,Financial Services,High Net Worth,N,96899 Hermina Circle,NSW,Australia,2062,,
3812,Sophie,Druhan,Female,91,1977-07-04,45.0,VP Product Management,Retail,Mass Customer,N,38 Trailsway Parkway,NSW,Australia,2118,,
3813,Skelly,Caudell,Male,12,1979-04-13,44.0,Media Manager IV,IT,Mass Customer,N,22171 Bayside Parkway,NSW,Australia,2880,,
3814,Constancia,Gebbe,Female,10,1983-07-01,39.0,VP Product Management,Financial Services,Mass Customer,N,6011 Knutson Way,VIC,Australia,3065,,
3815,Jayson,Gasparro,Male,99,1981-04-19,42.0,Librarian,Entertainment,Mass Customer,N,0127 East Court,VIC,Australia,3199,,
3816,Farra,Klimkiewich,Female,93,1969-10-26,53.0,Safety Technician I,Property,Mass Customer,N,1 Fordem Road,NSW,Australia,2144,,
3817,Tuckie,,Male,65,1957-05-02,66.0,VP Product Management,Manufacturing,High Net Worth,N,7681 Waywood Alley,VIC,Australia,3860,,
3818,Erny,Andryushin,Male,5,1964-08-08,58.0,Sales Representative,Retail,Mass Customer,N,9 Donald Junction,NSW,Australia,2046,,
3819,Alvan,Phillput,Male,62,1978-06-29,44.0,Staff Accountant I,n/a,High Net Worth,N,47855 Tomscot Parkway,NSW,Australia,2226,,
3820,Maren,Ruske,Female,65,1980-03-08,43.0,Business Systems Development Analyst,IT,Mass Customer,N,394 Russell Avenue,NSW,Australia,2209,,
3821,Cassandra,Cescotti,Female,96,1988-03-27,35.0,VP Marketing,Manufacturing,Affluent Customer,N,86 Claremont Junction,NSW,Australia,2135,,
3822,Conny,Speechley,Male,37,1959-03-09,64.0,NA,Manufacturing,High Net Worth,N,2 Transport Plaza,NSW,Australia,2658,,
3823,Corabel,Todd,Female,5,1964-12-02,58.0,Budget/Accounting Analyst II,Retail,Affluent Customer,N,20 Susan Court,VIC,Australia,3015,,
3824,Giffard,Stollman,Male,33,1994-11-21,28.0,NA,Property,Mass Customer,N,838 Redwing Street,NSW,Australia,2428,,
3825,Cinda,Rounds,Female,82,1978-10-12,44.0,Recruiting Manager,Health,Mass Customer,N,9 West Crossing,NSW,Australia,2446,,
3826,Marlow,Balffye,Male,33,1978-09-25,44.0,NA,Health,Mass Customer,N,22105 Arrowood Crossing,VIC,Australia,3124,,
3827,Cherida,Whyffen,Female,10,1976-09-05,46.0,NA,Retail,Affluent Customer,N,9240 Green Avenue,VIC,Australia,3810,,
3828,Tessy,Beefon,Female,81,1992-05-12,31.0,Dental Hygienist,Health,Mass Customer,N,0964 Bayside Park,VIC,Australia,3136,,
3829,Cornie,Hillhouse,Male,68,1980-09-01,42.0,Account Coordinator,n/a,Mass Customer,N,9717 Main Parkway,VIC,Australia,3052,,
3830,Jareb,Filippucci,Male,92,1954-10-31,68.0,Sales Representative,Retail,High Net Worth,N,4123 Eliot Alley,QLD,Australia,4306,,
3831,Kory,Mabson,Male,10,1971-06-09,52.0,Librarian,Entertainment,Affluent Customer,N,36708 Algoma Junction,NSW,Australia,2170,,
3832,Sarajane,Mortimer,Female,30,1973-09-26,49.0,Safety Technician III,Financial Services,High Net Worth,N,3 Mandrake Parkway,NSW,Australia,2118,,
3833,Jamie,Staziker,Female,88,1985-12-10,37.0,Account Coordinator,Manufacturing,Mass Customer,N,78 Declaration Center,NSW,Australia,2209,,
3834,Bianca,Ricket,Female,59,1972-10-31,50.0,Compensation Analyst,Financial Services,Mass Customer,N,57866 Dawn Plaza,VIC,Australia,3029,,
3835,Jorgan,Crosoer,Male,19,1959-02-02,64.0,Project Manager,n/a,Affluent Customer,N,0172 Vidon Place,VIC,Australia,3183,,
3836,Jolee,Stearndale,Female,16,1995-01-25,28.0,Electrical Engineer,Manufacturing,Affluent Customer,N,89 Delaware Crossing,VIC,Australia,3754,,
3837,Alysa,McDiarmid,Female,26,1990-01-17,33.0,Professor,n/a,Mass Customer,N,34 Packers Trail,VIC,Australia,3168,,
3838,Mil,Clemitt,Female,59,1987-03-24,36.0,Sales Associate,Financial Services,Affluent Customer,N,019 Huxley Drive,VIC,Australia,3807,,
3839,Wallie,Christauffour,Female,78,1992-04-25,31.0,Account Executive,Manufacturing,High Net Worth,N,862 Ilene Circle,NSW,Australia,2206,,
3840,Marc,Torrans,Male,27,1962-09-30,60.0,NA,n/a,High Net Worth,N,420 Twin Pines Crossing,VIC,Australia,3338,,
3841,Barnebas,Munro,Male,64,1990-01-24,33.0,Desktop Support Technician,Manufacturing,Affluent Customer,N,5131 Northview Hill,VIC,Australia,3177,,
3842,Van,Durnell,Male,24,1971-07-11,51.0,Staff Accountant II,n/a,Mass Customer,N,713 Redwing Crossing,NSW,Australia,2121,,
3843,Mahmoud,Ligerton,Male,0,1989-06-06,34.0,Senior Financial Analyst,Financial Services,Mass Customer,N,9570 Sundown Trail,QLD,Australia,4073,,
3844,Clotilda,Oret,Female,87,1987-12-06,35.0,NA,Manufacturing,Affluent Customer,N,72258 Bayside Court,QLD,Australia,4211,,
3845,Bonnie,Goracci,Female,72,1955-06-07,68.0,Legal Assistant,Manufacturing,Mass Customer,N,31 Melvin Park,QLD,Australia,4163,,
3846,Nariko,McClymont,Female,57,1956-03-12,67.0,Geologist III,Manufacturing,Mass Customer,N,9 Duke Alley,QLD,Australia,4557,,
3847,Erinn,Ewing,Female,8,1961-02-12,62.0,Analyst Programmer,Health,Mass Customer,N,38473 Waubesa Alley,NSW,Australia,2759,,
3848,Luca,Cabotto,Male,4,1958-01-13,65.0,Structural Engineer,n/a,High Net Worth,N,0056 Corry Center,NSW,Australia,2220,,
3849,Marice,Morrice,Female,2,1968-01-01,55.0,Database Administrator III,Property,Mass Customer,N,99476 Mitchell Street,NSW,Australia,2508,,
3850,Alexandro,McCullock,Male,55,2000-01-07,23.0,Accountant III,n/a,Mass Customer,N,37 Hintze Center,QLD,Australia,4011,,
3851,Fowler,Bauduccio,Male,5,1994-11-30,28.0,Senior Sales Associate,Manufacturing,High Net Worth,N,33061 Fremont Lane,QLD,Australia,4720,,
3852,Zerk,Merrien,Male,44,1982-02-04,41.0,Help Desk Operator,n/a,Mass Customer,N,56 Trailsway Street,QLD,Australia,4575,,
3853,Kerri,Marrington,Female,91,1975-06-26,48.0,Accounting Assistant IV,n/a,Mass Customer,N,5748 Porter Circle,QLD,Australia,4352,,
3854,Melody,Ivanilov,Female,47,1996-01-16,27.0,VP Quality Control,Property,High Net Worth,N,341 Katie Junction,QLD,Australia,4817,,
3855,Brnaby,Doughtery,Male,89,1965-02-26,58.0,General Manager,n/a,Mass Customer,N,20370 Fordem Pass,QLD,Australia,4825,,
3856,Shane,Haseldine,Female,74,1992-04-24,31.0,Accounting Assistant III,Property,Affluent Customer,N,30 Prairie Rose Road,NSW,Australia,2761,,
3857,Tanner,McCuthais,Male,64,1985-11-26,37.0,Structural Engineer,Financial Services,Mass Customer,N,79 Holy Cross Hill,NSW,Australia,2145,,
3858,Sabina,Tarbin,Female,57,1998-08-31,24.0,Librarian,Entertainment,Mass Customer,N,6489 Pennsylvania Road,NSW,Australia,2164,,
3859,Boonie,Searle,Male,81,1956-03-20,67.0,Software Consultant,Manufacturing,Mass Customer,N,274 Bultman Park,NSW,Australia,2566,,
3860,Sheila-kathryn,Conklin,Female,14,1986-04-05,37.0,Mechanical Systems Engineer,n/a,Affluent Customer,N,832 Moulton Trail,NSW,Australia,2560,,
3861,Thayne,Canepe,Male,87,1968-12-16,54.0,Junior Executive,Retail,Affluent Customer,N,1628 Bonner Hill,NSW,Australia,2480,,
3862,Casey,Kett,Female,1,1996-09-22,26.0,Structural Engineer,Health,Mass Customer,N,0618 5th Place,VIC,Australia,3189,,
3863,Virgilio,Haverty,Male,30,1985-12-06,37.0,Quality Control Specialist,Retail,High Net Worth,N,4662 Clemons Road,QLD,Australia,4270,,
3864,Ilyssa,Piaggia,Female,23,1963-08-27,59.0,Help Desk Technician,n/a,Mass Customer,N,0 Arapahoe Court,QLD,Australia,4305,,
3865,Urbanus,Fuxman,Male,49,1978-03-15,45.0,NA,Manufacturing,Mass Customer,N,3748 Lake View Lane,NSW,Australia,2590,,
3866,Theressa,Morfield,Female,56,1990-07-18,32.0,Structural Engineer,Health,Mass Customer,N,3720 Anniversary Court,QLD,Australia,4812,,
3867,Carmelia,Klimentyonok,Female,14,1998-10-09,24.0,Geologist II,IT,Mass Customer,N,85 Trailsway Road,VIC,Australia,3175,,
3868,Rica,Corrado,Female,60,1997-06-19,26.0,Social Worker,Health,Affluent Customer,N,388 Karstens Drive,NSW,Australia,2428,,
3869,Amalie,Isabell,Female,58,1974-12-22,48.0,Analog Circuit Design manager,Manufacturing,Affluent Customer,N,6 Swallow Park,NSW,Australia,2165,,
3870,Fidelia,Cess,Female,31,1984-10-13,38.0,Social Worker,Health,Mass Customer,N,80070 Mockingbird Center,NSW,Australia,2289,,
3871,Magda,Shugg,Female,80,1983-11-13,39.0,Recruiting Manager,n/a,Mass Customer,N,6 Veith Road,QLD,Australia,4118,,
3872,Wilma,Budcock,Female,14,1957-05-15,66.0,Sales Representative,Retail,High Net Worth,N,1323 Maywood Plaza,NSW,Australia,2226,,
3873,Sascha,Paolozzi,Male,32,1978-12-05,44.0,Compensation Analyst,Financial Services,Mass Customer,N,17504 Spohn Center,NSW,Australia,2756,,
3874,Bendicty,Juste,Male,47,1963-08-14,59.0,Actuary,Financial Services,Mass Customer,N,02084 Rockefeller Crossing,NSW,Australia,2150,,
3875,Berti,Arnould,Male,2,1985-07-27,37.0,Electrical Engineer,Manufacturing,Mass Customer,N,16 Montana Way,NSW,Australia,2478,,
3876,Willow,Cutmere,Female,22,1967-05-16,56.0,Internal Auditor,Financial Services,High Net Worth,N,2 Victoria Crossing,VIC,Australia,3280,,
3877,Georgine,Poutress,Female,55,1971-01-28,52.0,Account Coordinator,n/a,High Net Worth,N,0733 Comanche Crossing,NSW,Australia,2304,,
3878,Waldon,Digges,Male,99,1978-02-24,45.0,Programmer III,n/a,Mass Customer,N,75322 Prentice Court,VIC,Australia,3046,,
3879,Vin,Attack,Male,74,1979-08-28,43.0,Payment Adjustment Coordinator,n/a,High Net Worth,N,2 Gerald Street,NSW,Australia,2071,,
3880,Donella,Disley,Female,77,1968-01-13,55.0,Web Designer I,Manufacturing,Mass Customer,N,2079 Del Sol Hill,NSW,Australia,2761,,
3881,Olivie,Nazair,Female,50,1971-01-12,52.0,NA,Financial Services,Affluent Customer,N,9 Columbus Pass,NSW,Australia,2327,,
3882,Nona,Tubb,Female,18,1976-11-05,46.0,Human Resources Assistant III,Health,Mass Customer,N,465 Russell Court,NSW,Australia,2282,,
3883,Nissa,Conrad,U,35,,,Legal Assistant,IT,Mass Customer,N,344 Dayton Drive,NSW,Australia,2148,,
3884,Sibley,Thirlwall,Female,69,1986-02-06,37.0,Web Designer II,Manufacturing,High Net Worth,N,7 Beilfuss Center,NSW,Australia,2550,,
3885,Asher,,Male,55,1978-06-17,45.0,Actuary,Financial Services,Mass Customer,N,78 Barnett Alley,NSW,Australia,2154,,
3886,Fidela,Haresign,Female,74,1996-03-26,27.0,Recruiting Manager,Manufacturing,Affluent Customer,N,4 Emmet Avenue,QLD,Australia,4300,,
3887,Dulcie,Nealon,Female,66,1964-07-16,58.0,Computer Systems Analyst IV,n/a,Affluent Customer,N,1728 Springview Lane,QLD,Australia,4509,,
3888,Lusa,Vigers,Female,4,1987-09-13,35.0,Programmer Analyst I,IT,High Net Worth,N,25413 Delaware Pass,VIC,Australia,3150,,
3889,Dunn,Ziem,Male,39,1975-08-09,47.0,General Manager,Retail,Affluent Customer,N,23217 Waubesa Pass,NSW,Australia,2705,,
3890,Mavra,Padell,Female,72,1962-05-25,61.0,Physical Therapy Assistant,Retail,Mass Customer,N,013 Mendota Parkway,NSW,Australia,2558,,
3891,Amalea,Elcy,Female,61,1977-08-01,45.0,Staff Accountant II,Retail,High Net Worth,N,7482 Hanson Park,NSW,Australia,2567,,
3892,Roma,Finlater,Male,19,1978-01-29,45.0,Staff Scientist,n/a,Mass Customer,N,2428 Sloan Circle,NSW,Australia,2763,,
3893,Hadria,Moles,Female,7,1996-11-18,26.0,NA,n/a,High Net Worth,N,34329 Heffernan Plaza,VIC,Australia,3178,,
3894,Burgess,Diaper,Male,70,1982-02-02,41.0,Health Coach II,IT,Affluent Customer,N,15 Duke Plaza,VIC,Australia,3013,,
3895,Reginald,Struys,Male,18,1994-09-06,28.0,Business Systems Development Analyst,IT,Affluent Customer,N,4368 Dayton Street,NSW,Australia,2753,,
3896,Perla,Blakiston,Female,3,1979-10-15,43.0,Tax Accountant,n/a,Mass Customer,N,3 Shasta Circle,NSW,Australia,2165,,
3897,Vanni,McAloren,Female,36,1967-06-24,56.0,Junior Executive,Manufacturing,High Net Worth,N,6 Calypso Parkway,QLD,Australia,4161,,
3898,Demetrius,Youdell,Male,91,1958-12-27,64.0,Registered Nurse,Health,Mass Customer,N,2 Cambridge Point,VIC,Australia,3173,,
3899,Rex,Gittings,Male,23,1955-12-28,67.0,Research Associate,Health,Affluent Customer,N,55876 Knutson Point,VIC,Australia,3057,,
3900,Garland,Wildsmith,Female,78,1986-09-01,36.0,GIS Technical Architect,Financial Services,Mass Customer,N,14 Bunting Alley,NSW,Australia,2073,,
3901,Evelina,Bavin,Female,98,1974-05-14,49.0,Marketing Manager,Agriculture,High Net Worth,N,8458 Stang Parkway,NSW,Australia,2671,,
3902,Angelia,McPake,Female,2,1961-02-11,62.0,Payment Adjustment Coordinator,Manufacturing,Affluent Customer,N,60 Towne Pass,NSW,Australia,2877,,
3903,Dayna,Cawthera,Female,69,1981-02-13,42.0,Research Assistant III,n/a,Mass Customer,N,5 Rutledge Center,QLD,Australia,4311,,
3904,Arabelle,Nevill,Female,15,1977-12-17,45.0,Sales Representative,Retail,Affluent Customer,N,9 Blaine Place,VIC,Australia,3756,,
3905,Leodora,Cowill,Female,72,1967-10-22,55.0,Product Engineer,Agriculture,High Net Worth,N,24688 Hollow Ridge Way,VIC,Australia,3064,,
3906,Bronny,Claige,Male,87,1982-01-29,41.0,Cost Accountant,Financial Services,High Net Worth,N,32876 American Ash Avenue,NSW,Australia,2099,,
3907,Adriana,Heam,Female,8,1996-01-11,27.0,Technical Writer,n/a,High Net Worth,N,18 Bay Place,NSW,Australia,2176,,
3908,Dolf,Serridge,Male,64,1999-06-09,24.0,Junior Executive,Health,High Net Worth,N,4 Hanover Junction,VIC,Australia,3192,,
3909,Micheil,McGeorge,Male,1,1987-10-04,35.0,NA,Manufacturing,High Net Worth,N,0 Darwin Junction,NSW,Australia,2747,,
3910,Hall,Leyfield,Male,38,1980-09-10,42.0,VP Sales,IT,Mass Customer,N,5251 Merrick Court,VIC,Australia,3103,,
3911,Valeda,Ezele,Female,81,1954-05-25,69.0,Recruiting Manager,n/a,Mass Customer,N,801 Shasta Crossing,NSW,Australia,2539,,
3912,Ryon,Darridon,Male,89,1986-10-27,36.0,Social Worker,Health,Affluent Customer,N,55 Anzinger Drive,QLD,Australia,4152,,
3913,Phylys,Neenan,Female,11,1959-12-29,63.0,Community Outreach Specialist,Retail,Mass Customer,N,13768 Commercial Trail,NSW,Australia,2155,,
3914,Izabel,Roelofs,Female,79,1988-05-21,35.0,Assistant Manager,Entertainment,Affluent Customer,N,109 Kipling Road,NSW,Australia,2156,,
3915,Cybil,Brombell,Female,17,1959-06-23,64.0,Statistician I,Financial Services,Affluent Customer,N,47 Spenser Circle,NSW,Australia,2770,,
3916,Myrtia,,Female,31,1958-10-17,64.0,NA,Retail,Affluent Customer,N,15051 Monterey Street,NSW,Australia,2756,,
3917,Artemas,Kyncl,Male,79,1997-12-26,25.0,Chemical Engineer,Manufacturing,Mass Customer,N,7365 Carioca Hill,QLD,Australia,4680,,
3918,Rosalia,Skedge,Female,52,1977-07-05,45.0,Junior Executive,n/a,High Net Worth,N,42 Maryland Plaza,NSW,Australia,2486,,
3919,Traci,Beeckx,Female,38,1963-07-30,59.0,Cost Accountant,Financial Services,High Net Worth,N,802 Bashford Hill,VIC,Australia,3150,,
3920,Filbert,Deetlefs,Male,90,1961-01-21,62.0,Environmental Specialist,Telecommunications,Mass Customer,N,12548 Eagan Court,NSW,Australia,2768,,
3921,Gaby,Lozano,Female,93,1976-03-09,47.0,Mechanical Systems Engineer,Manufacturing,High Net Worth,N,24167 Montana Place,NSW,Australia,2065,,
3922,Frans,Whitecross,Male,90,1981-05-29,42.0,Tax Accountant,Financial Services,Mass Customer,N,0 Southridge Drive,QLD,Australia,4311,,
3923,Shay,Rayer,Male,90,1978-01-04,45.0,Product Engineer,Financial Services,High Net Worth,N,1 Banding Way,QLD,Australia,4218,,
3924,Perry,Lampert,Male,72,1976-07-03,46.0,Editor,Property,High Net Worth,N,259 Union Junction,VIC,Australia,3107,,
3925,Cally,Chaim,Female,81,1978-11-25,44.0,Statistician I,n/a,High Net Worth,N,7727 Merrick Parkway,NSW,Australia,2099,,
3926,Allistir,Heckney,Male,24,1954-09-04,68.0,Account Executive,Manufacturing,Mass Customer,N,3015 Bowman Alley,NSW,Australia,2777,,
3927,Conway,,Male,29,1978-01-07,45.0,Electrical Engineer,Manufacturing,Mass Customer,N,2 Annamark Park,NSW,Australia,2170,,
3928,Kristin,Way,Female,71,1982-04-16,41.0,NA,Property,Affluent Customer,N,38 Steensland Circle,NSW,Australia,2234,,
3929,Jacqui,Fortnam,Female,50,1989-10-18,33.0,NA,n/a,Affluent Customer,N,80 Northland Place,QLD,Australia,4178,,
3930,Blancha,Baldi,Female,43,1988-01-06,35.0,NA,Financial Services,High Net Worth,N,104 Kingsford Park,NSW,Australia,2154,,
3931,Kylie,Epine,U,19,,,,IT,High Net Worth,N,22 Mifflin Junction,NSW,Australia,2096,,
3932,Hadley,Veracruysse,Male,85,1986-07-10,36.0,Senior Editor,Financial Services,Mass Customer,N,60272 Montana Drive,NSW,Australia,2223,,
3933,Chiarra,Cops,Female,65,1983-07-05,39.0,NA,n/a,High Net Worth,N,730 Judy Drive,VIC,Australia,3939,,
3934,Cherice,Wehner,Female,38,1977-11-25,45.0,Sales Associate,Manufacturing,Mass Customer,N,1269 Esch Parkway,QLD,Australia,4078,,
3935,Teodor,Alfonsini,U,72,,,,IT,High Net Worth,N,3 Kedzie Center,VIC,Australia,3106,,
3936,Rodd,Spare,Male,57,1960-05-04,63.0,Paralegal,Financial Services,Affluent Customer,N,67473 Nova Avenue,VIC,Australia,3089,,
3937,Brennen,Mularkey,Male,81,1978-06-07,45.0,Tax Accountant,Property,Mass Customer,N,866 Canary Drive,NSW,Australia,2750,,
3938,Dulcy,Wormleighton,Female,25,1973-08-06,49.0,Account Executive,Financial Services,High Net Worth,N,20 Dwight Junction,NSW,Australia,2768,,
3939,Georges,Dumbelton,Male,67,1981-06-25,42.0,NA,Manufacturing,Affluent Customer,N,0900 Northport Point,NSW,Australia,2085,,
3940,Anna,Warmington,Female,9,1977-11-18,45.0,Sales Representative,Retail,Mass Customer,N,572 Buena Vista Plaza,NSW,Australia,2111,,
3941,Cinnamon,Batram,Female,27,1978-05-03,45.0,Technical Writer,Manufacturing,Mass Customer,N,695 Anthes Crossing,QLD,Australia,4350,,
3942,Barbie,Gergler,Female,82,1965-04-02,58.0,Administrative Officer,Manufacturing,Mass Customer,N,62 Luster Avenue,NSW,Australia,2036,,
3943,Adler,Dredge,Male,19,1997-12-30,25.0,VP Accounting,Financial Services,Affluent Customer,N,819 Basil Plaza,QLD,Australia,4053,,
3944,Urbain,Sinnock,Male,28,1973-05-04,50.0,Engineer III,IT,Affluent Customer,N,81 Monument Avenue,NSW,Australia,2126,,
3945,Lazarus,Donaghy,Male,77,1994-10-21,28.0,NA,Retail,High Net Worth,N,093 Mallard Hill,QLD,Australia,4034,,
3946,Wylie,FitzGilbert,Male,85,1960-06-23,63.0,NA,Retail,High Net Worth,N,903 Sauthoff Plaza,NSW,Australia,2565,,
3947,Tanitansy,McTrustam,Female,26,1970-05-12,53.0,GIS Technical Architect,n/a,Mass Customer,N,9796 Pearson Hill,NSW,Australia,2223,,
3948,Roberto,Beinke,Male,44,1986-06-22,37.0,Occupational Therapist,Health,Mass Customer,N,950 Algoma Circle,VIC,Australia,3108,,
3949,Costa,Sleightholm,Male,24,2001-12-19,21.0,Web Designer IV,Manufacturing,High Net Worth,N,28 Toban Center,VIC,Australia,3756,,
3950,Alic,Juniper,Male,72,1968-09-07,54.0,Senior Financial Analyst,Financial Services,High Net Worth,N,147 Brickson Park Drive,QLD,Australia,4017,,
3951,Ephrem,Hollerin,Male,39,1975-02-10,48.0,Quality Control Specialist,n/a,Affluent Customer,N,75251 Marquette Lane,QLD,Australia,4122,,
3952,Di,Borsnall,Female,96,1968-05-09,55.0,NA,Manufacturing,Affluent Customer,N,72 Briar Crest Hill,VIC,Australia,3148,,
3953,Allyson,Simak,Female,79,1999-06-18,24.0,Help Desk Operator,Health,Affluent Customer,N,201 Valley Edge Park,VIC,Australia,3030,,
3954,Archaimbaud,McAteer,Male,63,2000-02-03,23.0,Human Resources Assistant III,Financial Services,High Net Worth,N,6031 Susan Terrace,QLD,Australia,4118,,
3955,Dido,Austick,Female,87,1970-08-05,52.0,Geologist II,Agriculture,Mass Customer,N,724 Erie Way,VIC,Australia,3500,,
3956,Hector,Poundsford,Male,54,1957-01-17,66.0,Administrative Assistant III,Retail,Mass Customer,N,86906 Hauk Trail,QLD,Australia,4163,,
3957,Bernice,Scotchforth,Female,4,1978-07-20,44.0,Business Systems Development Analyst,n/a,High Net Worth,N,85999 Cherokee Street,NSW,Australia,2086,,
3958,Pincus,Woodard,Male,8,1970-04-27,53.0,Actuary,Financial Services,Affluent Customer,N,50774 Dennis Park,VIC,Australia,3631,,
3959,Dannie,Sowray,Male,76,1992-12-07,30.0,NA,n/a,Mass Customer,N,64 Trailsway Place,VIC,Australia,3802,,
3960,Hobart,Burgan,Male,6,2000-03-16,23.0,NA,Property,Mass Customer,N,95228 Forster Road,VIC,Australia,3085,,
3961,Gertie,Caser,Female,11,1992-07-05,30.0,Recruiter,Health,High Net Worth,N,388 Shoshone Trail,NSW,Australia,2234,,
3962,Benoit,,Male,17,1977-10-06,45.0,Project Manager,Agriculture,High Net Worth,N,67 Lakewood Gardens Circle,NSW,Australia,2506,,
3963,Ardelle,Dasent,Female,10,1954-08-22,68.0,Software Test Engineer II,n/a,Mass Customer,N,98 Transport Plaza,NSW,Australia,2470,,
3964,Aubrey,Souten,Female,28,1956-07-21,66.0,Sales Associate,Manufacturing,High Net Worth,N,35 Larry Plaza,NSW,Australia,2093,,
3965,Susannah,Dumphy,Female,39,1984-07-24,38.0,Speech Pathologist,Manufacturing,Mass Customer,N,9 Hooker Street,NSW,Australia,2770,,
3966,Astrix,Sigward,Female,53,1968-09-15,54.0,Geologist I,n/a,Mass Customer,N,4 Debra Hill,VIC,Australia,3106,,
3967,Lillis,Dobrowolski,Female,90,1978-04-18,45.0,Senior Editor,Manufacturing,Affluent Customer,N,41 Superior Crossing,NSW,Australia,2747,,
3968,Alexandra,Kroch,Female,99,1977-12-22,45.0,NA,Property,High Net Worth,N,721 Morrow Plaza,NSW,Australia,2069,,
3969,Randee,Penchen,Female,93,1977-07-16,45.0,Accountant II,Manufacturing,Affluent Customer,N,8578 Mifflin Pass,NSW,Australia,2170,,
3970,Modesty,Storks,Female,73,1969-11-27,53.0,Sales Representative,Retail,High Net Worth,N,02 Fair Oaks Lane,VIC,Australia,3977,,
3971,Analise,Asbrey,Female,2,1979-01-14,44.0,Desktop Support Technician,Financial Services,High Net Worth,N,910 Becker Pass,NSW,Australia,2526,,
3972,Maribelle,Schaffel,Female,6,1979-03-28,44.0,NA,Retail,Mass Customer,N,08 Dennis Crossing,VIC,Australia,3184,,
3973,Carolan,Jorez,Female,24,1963-07-13,59.0,Editor,Manufacturing,High Net Worth,N,4 Express Plaza,NSW,Australia,2191,,
3974,Misha,Ranklin,Female,82,1961-02-11,62.0,Technical Writer,n/a,Affluent Customer,N,81609 Vernon Terrace,VIC,Australia,3934,,
3975,Dianemarie,Kidgell,Female,2,1971-08-11,51.0,Administrative Assistant I,Entertainment,Affluent Customer,N,37 Hintze Court,NSW,Australia,2168,,
3976,Gretel,Chrystal,Female,0,1957-11-20,65.0,Internal Auditor,n/a,Affluent Customer,N,07 Morning Court,VIC,Australia,3805,,
3977,Katrinka,Beken,Female,31,1965-08-21,57.0,Biostatistician II,Manufacturing,Mass Customer,N,327 Loeprich Street,VIC,Australia,3187,,
3978,Kathlin,Robker,Female,4,1972-03-02,51.0,Developer II,Financial Services,Mass Customer,N,5106 Northridge Drive,NSW,Australia,2560,,
3979,Kleon,Adam,Male,67,1974-07-13,48.0,NA,Financial Services,Mass Customer,N,9754 High Crossing Terrace,NSW,Australia,2148,,
3980,Nils,McGebenay,Male,41,1964-01-16,59.0,Web Designer I,Manufacturing,Mass Customer,N,7 Meadow Vale Court,NSW,Australia,2114,,
3981,Konstance,Draye,Female,34,1994-09-10,28.0,Quality Control Specialist,Health,Mass Customer,N,80260 Morning Road,VIC,Australia,3178,,
3982,Maurita,O'Kinedy,Female,89,1962-06-02,61.0,General Manager,Manufacturing,Mass Customer,N,38017 Briar Crest Drive,NSW,Australia,2165,,
3983,Jarred,Lyste,Male,19,1965-04-21,58.0,Graphic Designer,n/a,Mass Customer,N,60 Morningstar Center,NSW,Australia,2126,,
3984,Thadeus,Buxsey,Male,74,1960-02-16,63.0,Librarian,Entertainment,Affluent Customer,N,218 Stuart Junction,NSW,Australia,2223,,
3985,Caryn,Padbury,Female,44,1998-06-21,25.0,Web Developer IV,Property,Mass Customer,N,9 Butterfield Lane,QLD,Australia,4077,,
3986,Oralle,Petrello,Female,1,1976-12-01,46.0,Social Worker,Health,Mass Customer,N,614 Burning Wood Way,NSW,Australia,2148,,
3987,Beckie,Wakeham,Female,18,1964-05-29,59.0,NA,Agriculture,Mass Customer,N,9 Grover Point,QLD,Australia,4218,,
3988,Ammamaria,Ashburne,Female,97,1994-07-14,28.0,Automation Specialist IV,Health,Mass Customer,N,565 Bunting Park,NSW,Australia,2076,,
3989,Nicolas,Burdass,Male,75,1999-06-23,24.0,Environmental Specialist,Agriculture,Affluent Customer,N,9461 Saint Paul Trail,NSW,Australia,2428,,
3990,Reynard,Hagger,Male,99,1998-03-05,25.0,Desktop Support Technician,Health,High Net Worth,N,5204 Delaware Pass,NSW,Australia,2560,,
3991,Rolph,Sweetnam,Male,61,1985-08-06,37.0,Chief Design Engineer,Manufacturing,Mass Customer,N,24 Scott Pass,QLD,Australia,4300,,
3992,Germain,Tireman,Male,99,1980-04-02,43.0,Database Administrator IV,Manufacturing,Affluent Customer,N,8 Randy Parkway,NSW,Australia,2209,,
3993,Andi,Dumelow,Female,6,1974-12-05,48.0,Librarian,Entertainment,Mass Customer,N,681 Elmside Place,VIC,Australia,3750,,
3994,Stephie,Byars,Female,5,1989-04-07,34.0,Structural Analysis Engineer,Manufacturing,Affluent Customer,N,2918 Summer Ridge Hill,VIC,Australia,3030,,
3995,Rusty,Iapico,Male,93,1975-12-12,47.0,Staff Scientist,Manufacturing,Mass Customer,N,613 Erie Lane,NSW,Australia,2088,,
3996,Rosalia,Halgarth,Female,8,1975-08-09,47.0,VP Product Management,Health,Mass Customer,N,0 Transport Center,VIC,Australia,3977,,
3997,Blanch,Nisuis,Female,87,2001-07-13,21.0,Statistician II,Manufacturing,High Net Worth,N,4 Dovetail Crossing,NSW,Australia,2350,,
3998,Sarene,Woolley,U,60,,,Assistant Manager,IT,High Net Worth,N,736 Roxbury Junction,NSW,Australia,2540,,
3999,Patrizius,,Male,11,1973-10-24,49.0,NA,Manufacturing,Affluent Customer,N,1482 Hauk Trail,VIC,Australia,3064,,
4000,Kippy,Oldland,Male,76,1991-11-05,31.0,Software Engineer IV,n/a,Affluent Customer,N,57042 Village Green Point,QLD,Australia,4511,,
