User_ID,Predicted_Item_ID
0,"[89, 56, 83, 22, 75, 53, 70, 24, 18, 96]"
1,"[2, 56, 89, 86, 22, 83, 61, 53, 75, 50]"
2,"[2, 56, 89, 61, 86, 22, 50, 83, 53, 90]"
3,"[2, 89, 56, 83, 22, 86, 75, 53, 38, 70]"
4,"[2, 56, 89, 83, 86, 22, 75, 53, 70, 61]"
5,"[2, 56, 89, 86, 61, 83, 50, 53, 75, 90]"
6,"[2, 56, 83, 22, 86, 75, 38, 53, 70, 24]"
7,"[2, 89, 56, 83, 86, 22, 75, 53, 70, 18]"
8,"[2, 89, 56, 83, 86, 22, 75, 53, 70, 38]"
9,"[2, 89, 56, 83, 86, 22, 75, 53, 70, 38]"
10,"[2, 89, 56, 83, 22, 86, 75, 53, 38, 70]"
11,"[2, 89, 86, 22, 83, 61, 53, 75, 50, 70]"
12,"[89, 56, 83, 86, 22, 75, 53, 70, 38, 18]"
13,"[2, 89, 56, 83, 86, 22, 75, 53, 38, 70]"
14,"[2, 56, 89, 83, 86, 22, 75, 53, 61, 18]"
15,"[2, 89, 56, 83, 22, 86, 75, 38, 53, 70]"
16,"[2, 56, 89, 86, 22, 83, 61, 53, 75, 70]"
17,"[2, 56, 89, 83, 86, 22, 75, 53, 70, 18]"
18,"[2, 89, 56, 83, 86, 22, 75, 53, 70, 38]"
19,"[56, 83, 22, 86, 75, 38, 70, 18, 24, 96]"
20,"[2, 89, 83, 56, 75, 86, 38, 24, 70, 96]"
21,"[2, 56, 89, 86, 22, 83, 61, 53, 50, 75]"
22,"[2, 89, 56, 83, 22, 86, 75, 53, 38, 70]"
23,"[2, 89, 56, 83, 86, 22, 75, 53, 38, 18]"
24,"[2, 89, 56, 83, 22, 86, 75, 70, 24, 18]"
25,"[2, 56, 89, 86, 22, 61, 83, 50, 53, 75]"
26,"[2, 56, 89, 61, 86, 50, 83, 53, 90, 75]"
27,"[2, 89, 56, 83, 22, 86, 75, 53, 38, 70]"
28,"[2, 89, 56, 83, 22, 86, 75, 38, 53, 70]"
29,"[2, 56, 89, 86, 22, 83, 61, 53, 75, 50]"
30,"[2, 56, 61, 89, 50, 86, 90, 53, 83, 75]"
31,"[2, 89, 56, 83, 22, 75, 53, 70, 18, 24]"
32,"[56, 89, 86, 22, 83, 61, 53, 75, 50, 70]"
33,"[2, 89, 83, 56, 75, 22, 86, 24, 53, 18]"
34,"[2, 89, 56, 83, 86, 75, 53, 38, 70, 18]"
35,"[2, 89, 56, 83, 22, 86, 75, 38, 53, 70]"
36,"[2, 56, 89, 86, 22, 83, 53, 75, 61, 70]"
37,"[2, 89, 83, 22, 86, 75, 38, 70, 18, 24]"
38,"[2, 89, 56, 83, 22, 86, 75, 53, 38, 70]"
39,"[56, 89, 86, 61, 22, 83, 50, 53, 90, 75]"
40,"[2, 89, 56, 83, 86, 22, 75, 70, 38, 18]"
41,"[2, 89, 56, 83, 22, 86, 75, 38, 53, 70]"
42,"[2, 89, 56, 83, 22, 86, 75, 38, 70, 18]"
43,"[2, 89, 56, 83, 86, 22, 75, 53, 70, 38]"
44,"[2, 89, 56, 22, 86, 75, 38, 53, 70, 18]"
45,"[2, 89, 56, 83, 22, 86, 38, 53, 70, 24]"
46,"[2, 89, 56, 83, 22, 86, 75, 38, 53, 70]"
47,"[2, 89, 56, 83, 86, 22, 75, 53, 70, 38]"
48,"[2, 89, 56, 83, 22, 86, 75, 38, 53, 70]"
49,"[2, 89, 56, 83, 22, 86, 75, 53, 38, 70]"
50,"[2, 56, 89, 83, 22, 75, 53, 70, 18, 38]"
51,"[2, 89, 56, 83, 22, 86, 53, 38, 70, 18]"
52,"[2, 89, 56, 83, 22, 86, 75, 53, 38, 70]"
53,"[2, 56, 89, 61, 86, 22, 50, 83, 53, 90]"
54,"[2, 56, 89, 61, 86, 50, 22, 53, 83, 75]"
55,"[2, 89, 56, 83, 22, 86, 75, 53, 38, 70]"
56,"[2, 56, 89, 83, 86, 22, 75, 53, 70, 18]"
57,"[2, 56, 86, 22, 83, 61, 53, 75, 50, 70]"
58,"[56, 89, 86, 22, 83, 61, 53, 75, 50, 70]"
59,"[2, 89, 56, 83, 22, 86, 75, 53, 70, 18]"
60,"[2, 89, 56, 83, 86, 22, 75, 53, 70, 38]"
61,"[56, 89, 83, 86, 22, 75, 53, 70, 61, 18]"
62,"[2, 56, 89, 61, 86, 22, 50, 83, 53, 90]"
63,"[2, 89, 56, 83, 22, 86, 75, 53, 38, 70]"
64,"[2, 89, 56, 83, 86, 22, 75, 53, 70, 18]"
65,"[2, 56, 61, 50, 89, 86, 22, 90, 53, 83]"
66,"[2, 89, 56, 83, 86, 22, 75, 18, 38, 61]"
67,"[89, 56, 83, 86, 22, 75, 53, 70, 38, 24]"
68,"[2, 56, 89, 86, 22, 83, 61, 53, 75, 50]"
69,"[56, 83, 22, 86, 75, 53, 38, 70, 18, 24]"
70,"[2, 89, 56, 83, 86, 75, 70, 38, 18, 24]"
71,"[2, 56, 89, 86, 22, 83, 61, 53, 75, 50]"
72,"[2, 56, 61, 50, 89, 86, 22, 90, 53, 83]"
73,"[2, 89, 56, 83, 22, 86, 75, 53, 38, 70]"
74,"[2, 89, 83, 56, 22, 75, 86, 38, 24, 53]"
75,"[2, 56, 89, 86, 83, 22, 75, 53, 61, 70]"
76,"[2, 56, 83, 86, 22, 75, 53, 70, 38, 18]"
77,"[2, 89, 56, 83, 22, 86, 75, 53, 38, 70]"
78,"[2, 89, 56, 83, 86, 22, 75, 53, 70, 18]"
79,"[2, 56, 89, 86, 83, 75, 53, 61, 70, 18]"
80,"[2, 89, 56, 83, 86, 22, 75, 53, 70, 38]"
81,"[2, 89, 56, 83, 22, 75, 86, 38, 53, 24]"
82,"[2, 56, 89, 83, 22, 75, 53, 70, 61, 18]"
83,"[2, 56, 83, 22, 86, 75, 38, 53, 70, 24]"
84,"[2, 89, 56, 83, 22, 86, 75, 38, 53, 70]"
85,"[89, 56, 83, 22, 86, 75, 38, 53, 70, 18]"
86,"[2, 56, 89, 86, 22, 83, 61, 53, 75, 50]"
87,"[2, 56, 89, 86, 22, 83, 61, 53, 75, 50]"
88,"[2, 89, 56, 83, 22, 86, 75, 38, 53, 70]"
89,"[2, 56, 89, 86, 83, 22, 53, 75, 61, 70]"
90,"[2, 56, 89, 86, 83, 22, 53, 75, 61, 70]"
91,"[2, 89, 56, 83, 22, 75, 53, 38, 70, 18]"
92,"[2, 89, 56, 83, 86, 22, 75, 53, 70, 38]"
93,"[2, 89, 56, 83, 22, 86, 75, 38, 53, 70]"
94,"[2, 56, 89, 61, 86, 22, 50, 83, 53, 90]"
95,"[2, 56, 89, 86, 22, 83, 61, 53, 75, 50]"
96,"[2, 89, 56, 83, 22, 75, 53, 38, 70, 18]"
97,"[56, 89, 86, 22, 83, 53, 75, 61, 70, 50]"
98,"[89, 56, 83, 22, 75, 38, 53, 70, 18, 24]"
99,"[2, 56, 89, 83, 86, 22, 75, 53, 70, 18]"
100,"[2, 56, 89, 86, 22, 83, 61, 53, 75, 50]"
101,"[2, 61, 89, 86, 50, 22, 90, 53, 83, 75]"
102,"[2, 56, 89, 86, 61, 22, 83, 50, 53, 90]"
103,"[89, 56, 83, 22, 86, 75, 53, 70, 24, 18]"
104,"[2, 89, 56, 83, 22, 86, 75, 53, 38, 70]"
105,"[2, 56, 89, 86, 22, 83, 53, 61, 75, 70]"
106,"[2, 89, 56, 83, 86, 22, 75, 53, 70, 18]"
107,"[2, 89, 56, 86, 22, 75, 53, 70, 38, 61]"
108,"[2, 56, 89, 86, 22, 83, 50, 53, 75, 90]"
109,"[2, 89, 56, 83, 22, 86, 38, 53, 70, 18]"
110,"[2, 89, 56, 83, 22, 86, 75, 53, 38, 70]"
111,"[2, 89, 83, 56, 75, 22, 86, 24, 53, 70]"
112,"[2, 56, 89, 86, 61, 83, 53, 75, 70, 18]"
113,"[2, 56, 86, 83, 22, 75, 53, 70, 61, 18]"
114,"[2, 56, 89, 86, 22, 61, 83, 53, 50, 75]"
115,"[2, 56, 89, 86, 83, 22, 75, 53, 61, 70]"
116,"[2, 89, 56, 83, 86, 22, 75, 53, 70, 18]"
117,"[2, 56, 89, 83, 86, 22, 75, 53, 70, 61]"
118,"[2, 89, 56, 83, 86, 22, 75, 53, 70, 38]"
119,"[89, 56, 83, 22, 86, 75, 38, 53, 70, 18]"
120,"[2, 56, 89, 86, 22, 83, 61, 53, 75, 70]"
121,"[2, 89, 56, 83, 22, 86, 75, 38, 70, 24]"
122,"[2, 56, 89, 22, 83, 61, 53, 75, 50, 70]"
123,"[2, 56, 89, 86, 83, 22, 75, 53, 61, 70]"
124,"[2, 56, 89, 61, 86, 22, 50, 83, 53, 90]"
125,"[2, 89, 56, 83, 22, 75, 53, 70, 38, 18]"
126,"[2, 89, 56, 83, 22, 86, 75, 53, 38, 70]"
127,"[2, 89, 56, 83, 22, 75, 53, 70, 38, 61]"
128,"[89, 56, 83, 86, 22, 75, 53, 70, 38, 18]"
129,"[2, 89, 56, 83, 22, 86, 75, 53, 38, 70]"
130,"[2, 89, 56, 83, 22, 86, 75, 38, 53, 70]"
131,"[2, 56, 89, 86, 22, 83, 53, 75, 50, 18]"
132,"[56, 83, 22, 86, 75, 38, 70, 18, 24, 96]"
133,"[2, 89, 56, 83, 22, 86, 75, 53, 70, 24]"
134,"[2, 89, 56, 83, 86, 22, 75, 53, 70, 38]"
135,"[2, 56, 89, 86, 22, 83, 61, 53, 75, 50]"
136,"[2, 89, 83, 75, 22, 38, 86, 24, 53, 70]"
137,"[2, 89, 56, 83, 86, 22, 75, 53, 70, 18]"
138,"[89, 56, 83, 22, 86, 75, 53, 70, 18, 24]"
139,"[2, 56, 89, 61, 86, 22, 50, 83, 53, 90]"
140,"[2, 89, 56, 86, 22, 75, 53, 38, 70, 18]"
141,"[2, 56, 83, 86, 22, 75, 53, 70, 38, 18]"
142,"[2, 89, 56, 83, 86, 22, 75, 53, 70, 38]"
143,"[2, 56, 86, 22, 83, 53, 75, 61, 70, 50]"
144,"[2, 89, 56, 83, 22, 86, 75, 38, 53, 70]"
145,"[2, 56, 89, 61, 86, 22, 50, 83, 53, 90]"
146,"[2, 89, 56, 83, 86, 75, 53, 70, 38, 18]"
147,"[2, 89, 56, 83, 86, 75, 53, 70, 38, 18]"
148,"[2, 56, 89, 86, 22, 83, 61, 53, 75, 50]"
149,"[56, 89, 86, 22, 83, 53, 61, 75, 70, 50]"
150,"[2, 56, 89, 86, 22, 83, 53, 61, 75, 70]"
151,"[2, 89, 56, 83, 22, 86, 75, 53, 38, 70]"
152,"[2, 89, 56, 83, 86, 75, 53, 70, 38, 18]"
153,"[2, 56, 89, 61, 86, 22, 50, 83, 53, 90]"
154,"[2, 56, 61, 50, 89, 86, 22, 90, 53, 83]"
155,"[2, 56, 89, 86, 22, 61, 83, 53, 50, 75]"
156,"[2, 56, 89, 61, 86, 22, 50, 83, 53, 90]"
157,"[2, 56, 89, 86, 22, 83, 61, 53, 50, 75]"
158,"[2, 89, 83, 56, 22, 75, 86, 38, 53, 70]"
159,"[89, 56, 83, 22, 86, 75, 38, 53, 70, 24]"
160,"[2, 89, 56, 83, 22, 86, 75, 38, 53, 70]"
161,"[2, 56, 89, 61, 86, 22, 50, 83, 90, 75]"
162,"[2, 56, 89, 86, 22, 83, 61, 53, 75, 50]"
163,"[2, 89, 56, 22, 86, 75, 38, 53, 70, 24]"
164,"[2, 89, 56, 83, 22, 86, 75, 53, 24, 18]"
165,"[2, 89, 56, 83, 22, 75, 86, 38, 53, 70]"
166,"[2, 89, 56, 22, 75, 86, 53, 24, 70, 18]"
167,"[2, 89, 56, 83, 86, 22, 75, 53, 70, 38]"
168,"[2, 89, 56, 86, 22, 75, 53, 70, 18, 24]"
169,"[89, 83, 56, 22, 75, 38, 53, 24, 70, 18]"
170,"[2, 56, 89, 22, 61, 83, 53, 50, 75, 70]"
171,"[2, 56, 89, 86, 61, 22, 83, 50, 53, 75]"
172,"[2, 89, 56, 83, 22, 86, 53, 70, 18, 24]"
173,"[2, 89, 56, 83, 86, 22, 75, 53, 70, 38]"
174,"[2, 56, 83, 22, 86, 38, 53, 70, 18, 24]"
175,"[2, 89, 56, 83, 86, 22, 75, 53, 38, 70]"
176,"[2, 56, 89, 86, 22, 83, 61, 50, 75, 70]"
177,"[2, 89, 56, 83, 22, 86, 75, 53, 38, 70]"
178,"[2, 89, 56, 83, 86, 22, 75, 53, 70, 18]"
179,"[2, 89, 56, 83, 22, 75, 53, 38, 70, 18]"
180,"[2, 89, 56, 83, 22, 86, 75, 53, 38, 70]"
181,"[2, 89, 56, 83, 86, 22, 75, 53, 70, 38]"
182,"[2, 56, 89, 86, 83, 22, 75, 53, 61, 70]"
183,"[2, 56, 61, 50, 89, 86, 22, 90, 53, 83]"
184,"[2, 56, 89, 86, 83, 22, 75, 53, 70, 61]"
185,"[2, 89, 56, 83, 86, 22, 75, 53, 70, 38]"
186,"[2, 56, 89, 86, 22, 83, 61, 53, 75, 50]"
187,"[2, 56, 89, 86, 83, 22, 75, 53, 70, 61]"
188,"[2, 89, 83, 86, 22, 75, 53, 18, 61, 24]"
189,"[89, 56, 83, 22, 86, 75, 38, 53, 70, 18]"
190,"[2, 89, 56, 83, 22, 86, 75, 53, 70, 24]"
191,"[2, 56, 89, 86, 22, 61, 83, 53, 50, 75]"
192,"[2, 89, 83, 56, 22, 75, 86, 38, 53, 70]"
193,"[2, 89, 56, 22, 86, 75, 38, 53, 70, 18]"
194,"[2, 56, 89, 86, 22, 83, 61, 53, 75, 50]"
195,"[2, 56, 89, 86, 83, 75, 53, 70, 61, 18]"
196,"[2, 89, 56, 83, 22, 86, 75, 38, 53, 70]"
197,"[2, 89, 83, 56, 22, 75, 86, 38, 53, 70]"
198,"[2, 56, 83, 86, 22, 75, 53, 70, 61, 18]"
199,"[2, 56, 89, 86, 22, 83, 61, 75, 50, 70]"
200,"[2, 89, 56, 83, 86, 22, 75, 53, 70, 18]"
201,"[2, 89, 56, 83, 86, 22, 75, 53, 70, 38]"
202,"[2, 89, 56, 83, 22, 86, 53, 70, 18, 24]"
203,"[2, 89, 56, 83, 22, 86, 75, 38, 53, 18]"
204,"[2, 56, 89, 61, 86, 22, 50, 83, 53, 90]"
205,"[2, 89, 83, 56, 22, 75, 86, 38, 53, 24]"
206,"[2, 89, 56, 83, 86, 22, 75, 53, 38, 70]"
207,"[2, 89, 56, 83, 22, 86, 75, 53, 38, 70]"
208,"[2, 56, 89, 86, 83, 22, 53, 75, 61, 70]"
209,"[2, 89, 56, 83, 22, 86, 75, 53, 38, 70]"
210,"[2, 56, 89, 86, 22, 83, 61, 53, 75, 50]"
211,"[2, 89, 56, 83, 22, 86, 75, 53, 38, 18]"
212,"[2, 89, 56, 83, 22, 86, 75, 38, 70, 18]"
213,"[2, 89, 56, 83, 86, 22, 75, 53, 70, 38]"
214,"[2, 56, 89, 61, 86, 22, 50, 83, 53, 90]"
215,"[2, 89, 56, 83, 22, 86, 75, 53, 38, 70]"
216,"[2, 89, 56, 83, 22, 86, 75, 38, 70, 18]"
217,"[2, 56, 89, 86, 22, 83, 61, 53, 75, 50]"
218,"[2, 56, 89, 61, 86, 22, 50, 83, 53, 90]"
219,"[2, 89, 56, 86, 22, 75, 70, 18, 38, 61]"
220,"[2, 56, 89, 86, 22, 83, 61, 53, 75, 70]"
221,"[2, 56, 89, 83, 86, 22, 75, 70, 61, 18]"
222,"[2, 89, 56, 83, 22, 86, 75, 38, 53, 70]"
223,"[2, 56, 89, 83, 86, 22, 75, 53, 70, 61]"
224,"[2, 56, 89, 86, 83, 75, 61, 70, 18, 38]"
225,"[2, 89, 56, 83, 86, 22, 75, 53, 38, 18]"
226,"[2, 89, 56, 83, 22, 86, 75, 38, 53, 70]"
227,"[2, 89, 83, 56, 22, 75, 86, 38, 53, 24]"
228,"[2, 56, 89, 86, 83, 22, 75, 53, 61, 70]"
229,"[89, 56, 83, 86, 22, 75, 53, 70, 38, 18]"
230,"[2, 89, 56, 83, 86, 22, 75, 53, 70, 38]"
231,"[2, 89, 83, 56, 22, 86, 38, 53, 24, 70]"
232,"[2, 89, 56, 83, 22, 86, 75, 53, 38, 70]"
233,"[2, 56, 89, 86, 83, 22, 53, 75, 61, 70]"
234,"[2, 89, 56, 83, 22, 86, 75, 53, 38, 70]"
235,"[2, 89, 56, 83, 86, 22, 75, 53, 70, 38]"
236,"[2, 56, 89, 86, 22, 83, 75, 61, 70, 50]"
237,"[2, 89, 56, 83, 86, 22, 75, 53, 70, 38]"
238,"[2, 89, 56, 83, 22, 86, 75, 38, 53, 70]"
239,"[2, 89, 56, 83, 86, 75, 53, 70, 18, 24]"
240,"[2, 89, 56, 83, 22, 86, 75, 38, 53, 70]"
241,"[56, 89, 86, 83, 22, 75, 53, 70, 18, 50]"
242,"[2, 89, 56, 83, 22, 86, 75, 38, 53, 70]"
243,"[56, 89, 86, 22, 83, 61, 75, 50, 70, 90]"
244,"[2, 89, 83, 86, 22, 75, 53, 70, 18, 38]"
245,"[2, 89, 56, 83, 86, 22, 75, 53, 70, 38]"
246,"[2, 89, 56, 83, 22, 86, 75, 38, 53, 70]"
247,"[2, 89, 83, 56, 75, 22, 86, 24, 96, 70]"
248,"[2, 89, 83, 86, 22, 75, 53, 70, 18, 61]"
249,"[2, 89, 56, 83, 86, 22, 75, 53, 70, 38]"
250,"[2, 56, 89, 83, 86, 22, 75, 53, 70, 61]"
251,"[2, 56, 89, 83, 86, 22, 75, 53, 70, 18]"
252,"[2, 89, 56, 83, 22, 75, 53, 38, 70, 18]"
253,"[2, 89, 83, 56, 22, 75, 86, 38, 53, 70]"
254,"[2, 89, 83, 86, 22, 75, 53, 70, 18, 38]"
255,"[2, 56, 83, 22, 86, 75, 53, 38, 70, 18]"
256,"[2, 89, 56, 83, 86, 22, 75, 53, 70, 38]"
257,"[2, 56, 89, 86, 83, 22, 75, 53, 61, 70]"
258,"[2, 56, 89, 86, 83, 22, 75, 53, 70, 61]"
259,"[2, 56, 89, 86, 22, 83, 53, 75, 61, 70]"
260,"[2, 56, 89, 86, 83, 22, 75, 53, 70, 18]"
261,"[2, 89, 56, 83, 86, 22, 75, 53, 38, 70]"
262,"[2, 56, 89, 61, 86, 22, 50, 83, 53, 90]"
263,"[2, 89, 83, 22, 86, 75, 53, 38, 70, 18]"
264,"[2, 89, 83, 56, 22, 75, 86, 38, 53, 24]"
265,"[2, 56, 89, 86, 83, 22, 53, 75, 61, 70]"
266,"[2, 89, 56, 83, 22, 86, 75, 38, 53, 70]"
267,"[2, 89, 56, 83, 22, 86, 75, 53, 38, 70]"
268,"[2, 56, 89, 86, 83, 22, 75, 53, 61, 70]"
269,"[2, 56, 61, 50, 89, 86, 22, 90, 53, 83]"
270,"[2, 89, 56, 83, 86, 22, 75, 53, 38, 18]"
271,"[2, 89, 83, 56, 75, 86, 38, 53, 24, 70]"
272,"[2, 56, 86, 22, 83, 61, 53, 50, 75, 70]"
273,"[2, 56, 89, 61, 86, 22, 50, 83, 53, 90]"
274,"[2, 89, 56, 83, 22, 86, 75, 53, 38, 70]"
275,"[2, 56, 89, 86, 22, 83, 61, 53, 75, 70]"
276,"[2, 89, 56, 83, 86, 22, 75, 53, 70, 38]"
277,"[2, 89, 56, 83, 86, 22, 53, 70, 18, 38]"
278,"[2, 56, 61, 50, 89, 86, 22, 90, 53, 75]"
279,"[2, 56, 89, 86, 22, 83, 61, 53, 75, 50]"
280,"[2, 89, 56, 83, 86, 22, 75, 53, 38, 70]"
281,"[2, 56, 89, 61, 86, 22, 50, 83, 53, 90]"
282,"[2, 89, 56, 83, 22, 86, 75, 53, 70, 18]"
283,"[89, 56, 83, 86, 22, 75, 53, 70, 38, 18]"
284,"[2, 89, 56, 83, 86, 75, 53, 70, 18, 24]"
285,"[89, 56, 83, 22, 86, 75, 53, 38, 70, 18]"
286,"[2, 56, 89, 86, 22, 83, 61, 53, 75, 50]"
287,"[2, 56, 89, 83, 86, 22, 75, 53, 70, 61]"
288,"[2, 89, 56, 83, 22, 86, 75, 38, 53, 70]"
289,"[2, 89, 56, 22, 86, 75, 38, 53, 70, 18]"
290,"[2, 56, 89, 83, 86, 22, 75, 53, 70, 18]"
291,"[2, 56, 61, 50, 89, 86, 22, 90, 53, 83]"
292,"[2, 56, 61, 89, 86, 50, 22, 53, 83, 75]"
293,"[2, 56, 89, 86, 22, 83, 61, 53, 75, 50]"
294,"[89, 56, 83, 22, 86, 75, 38, 53, 70, 24]"
295,"[2, 89, 56, 83, 22, 86, 75, 53, 38, 70]"
296,"[2, 56, 89, 61, 86, 22, 50, 83, 53, 90]"
297,"[2, 89, 83, 56, 22, 75, 86, 38, 53, 24]"
298,"[2, 89, 56, 83, 86, 22, 75, 53, 70, 18]"
299,"[2, 56, 89, 22, 53, 61, 75, 70, 50, 18]"
300,"[2, 89, 56, 83, 22, 86, 75, 53, 38, 18]"
301,"[2, 89, 56, 83, 22, 86, 75, 38, 70, 18]"
302,"[2, 89, 56, 86, 22, 75, 53, 38, 18, 24]"
303,"[2, 89, 56, 83, 22, 86, 75, 53, 38, 70]"
304,"[2, 56, 83, 86, 22, 75, 53, 70, 38, 18]"
305,"[2, 89, 56, 83, 22, 86, 75, 38, 53, 70]"
306,"[2, 56, 89, 86, 83, 22, 75, 53, 61, 70]"
307,"[2, 89, 56, 83, 86, 22, 75, 53, 70, 38]"
308,"[2, 89, 56, 83, 22, 86, 75, 38, 53, 70]"
309,"[2, 56, 89, 83, 86, 22, 75, 53, 70, 18]"
310,"[2, 89, 83, 56, 22, 86, 38, 53, 24, 70]"
311,"[2, 89, 56, 83, 86, 22, 75, 53, 70, 38]"
312,"[2, 89, 83, 56, 75, 38, 22, 86, 96, 70]"
313,"[2, 89, 83, 86, 22, 75, 53, 38, 70, 24]"
314,"[56, 89, 22, 83, 61, 53, 75, 70, 50, 18]"
315,"[2, 89, 56, 83, 22, 86, 75, 38, 53, 70]"
316,"[2, 56, 89, 86, 22, 83, 61, 53, 75, 50]"
317,"[2, 89, 56, 86, 22, 75, 53, 70, 18, 38]"
318,"[89, 56, 83, 86, 22, 75, 53, 38, 18, 24]"
319,"[2, 89, 56, 83, 22, 86, 75, 53, 38, 70]"
320,"[2, 89, 86, 83, 22, 53, 75, 61, 70, 18]"
321,"[2, 89, 56, 83, 22, 86, 75, 38, 53, 70]"
322,"[2, 56, 89, 61, 86, 22, 50, 83, 53, 90]"
323,"[2, 89, 56, 83, 22, 86, 75, 53, 38, 70]"
324,"[2, 89, 56, 83, 86, 22, 75, 53, 70, 38]"
325,"[2, 56, 89, 61, 86, 22, 50, 83, 53, 90]"
326,"[2, 56, 89, 86, 22, 61, 83, 53, 50, 75]"
327,"[2, 56, 89, 86, 22, 83, 53, 75, 61, 70]"
328,"[2, 89, 56, 83, 22, 86, 75, 38, 53, 70]"
329,"[2, 89, 56, 83, 86, 22, 75, 53, 70, 38]"
330,"[2, 89, 56, 83, 22, 86, 38, 53, 70, 18]"
331,"[2, 56, 89, 61, 86, 22, 50, 83, 53, 90]"
332,"[2, 56, 89, 86, 22, 83, 61, 53, 75, 50]"
333,"[2, 89, 56, 83, 22, 86, 38, 53, 70, 18]"
334,"[2, 89, 56, 83, 22, 86, 75, 38, 53, 70]"
335,"[2, 89, 56, 83, 22, 86, 75, 53, 38, 70]"
336,"[2, 89, 56, 83, 22, 86, 75, 53, 38, 70]"
337,"[2, 89, 56, 83, 22, 86, 38, 53, 70, 18]"
338,"[2, 89, 56, 83, 86, 22, 75, 53, 38, 18]"
339,"[2, 56, 89, 86, 22, 83, 53, 75, 70, 18]"
340,"[2, 89, 56, 83, 86, 22, 75, 53, 70, 38]"
341,"[2, 56, 89, 61, 86, 22, 50, 83, 53, 90]"
342,"[2, 89, 56, 83, 22, 86, 75, 53, 38, 70]"
343,"[2, 83, 56, 75, 22, 38, 86, 24, 53, 70]"
344,"[2, 89, 83, 86, 22, 75, 53, 70, 38, 18]"
345,"[2, 56, 89, 86, 83, 75, 53, 70, 61, 18]"
346,"[2, 56, 89, 83, 86, 22, 75, 53, 70, 61]"
347,"[2, 89, 56, 83, 22, 86, 75, 53, 38, 70]"
348,"[2, 56, 61, 89, 50, 22, 90, 53, 83, 75]"
349,"[2, 89, 83, 22, 86, 75, 38, 53, 24, 18]"
350,"[2, 56, 83, 86, 22, 75, 53, 70, 18, 61]"
351,"[2, 89, 56, 83, 22, 86, 75, 53, 38, 70]"
352,"[2, 56, 89, 61, 86, 22, 50, 83, 53, 90]"
353,"[2, 56, 89, 86, 22, 83, 61, 53, 75, 70]"
354,"[2, 89, 56, 83, 22, 86, 75, 53, 38, 70]"
355,"[2, 89, 56, 83, 22, 75, 53, 70, 18, 24]"
356,"[2, 89, 56, 83, 86, 22, 75, 53, 70, 38]"
357,"[2, 89, 56, 83, 86, 22, 75, 53, 70, 18]"
358,"[2, 89, 56, 83, 86, 22, 75, 53, 38, 70]"
359,"[2, 89, 56, 83, 22, 75, 38, 53, 70, 24]"
360,"[2, 89, 56, 83, 22, 86, 75, 38, 53, 70]"
361,"[2, 89, 56, 86, 22, 75, 53, 70, 38, 18]"
362,"[2, 89, 56, 83, 22, 86, 75, 53, 38, 18]"
363,"[2, 56, 61, 50, 89, 86, 22, 90, 53, 83]"
364,"[2, 89, 56, 83, 22, 86, 75, 38, 70, 18]"
365,"[2, 56, 89, 86, 22, 83, 61, 53, 75, 50]"
366,"[2, 56, 89, 86, 22, 50, 83, 53, 90, 75]"
367,"[2, 89, 83, 56, 75, 38, 22, 86, 24, 96]"
368,"[56, 83, 22, 86, 75, 53, 38, 70, 18, 24]"
369,"[2, 56, 89, 61, 86, 22, 50, 83, 53, 90]"
370,"[2, 89, 56, 83, 22, 86, 75, 38, 53, 18]"
371,"[2, 89, 56, 83, 86, 75, 53, 38, 18, 24]"
372,"[2, 89, 56, 83, 86, 22, 75, 53, 38, 70]"
373,"[2, 56, 89, 86, 22, 61, 83, 53, 50, 75]"
374,"[2, 89, 56, 83, 86, 22, 75, 53, 70, 38]"
375,"[2, 56, 83, 22, 86, 75, 38, 53, 70, 18]"
376,"[2, 56, 89, 83, 86, 22, 75, 61, 18, 38]"
377,"[2, 56, 89, 86, 22, 83, 61, 53, 75, 70]"
378,"[2, 56, 89, 86, 22, 61, 83, 53, 50, 75]"
379,"[2, 56, 89, 86, 83, 22, 75, 53, 70, 18]"
380,"[2, 89, 56, 83, 86, 22, 75, 53, 70, 38]"
381,"[2, 56, 89, 22, 83, 61, 53, 75, 50, 70]"
382,"[2, 89, 56, 83, 22, 86, 75, 53, 38, 70]"
383,"[2, 56, 89, 61, 86, 22, 50, 83, 53, 90]"
384,"[2, 89, 56, 83, 86, 22, 75, 53, 38, 70]"
385,"[2, 89, 56, 83, 86, 22, 75, 53, 38, 70]"
386,"[2, 56, 89, 86, 83, 22, 75, 53, 70, 61]"
387,"[2, 89, 56, 83, 22, 86, 75, 38, 70, 18]"
388,"[89, 56, 83, 86, 22, 75, 53, 70, 38, 18]"
389,"[2, 56, 83, 22, 86, 75, 53, 38, 70, 18]"
390,"[2, 89, 56, 83, 86, 22, 75, 70, 38, 18]"
391,"[2, 89, 56, 83, 22, 86, 75, 38, 53, 70]"
392,"[2, 89, 56, 83, 86, 22, 75, 53, 70, 38]"
393,"[89, 56, 83, 86, 22, 75, 53, 38, 18, 24]"
394,"[89, 56, 83, 22, 86, 75, 38, 53, 70, 18]"
395,"[56, 83, 86, 22, 75, 53, 70, 38, 18, 24]"
396,"[2, 56, 89, 86, 83, 22, 75, 53, 70, 61]"
397,"[2, 56, 83, 22, 86, 75, 53, 38, 70, 18]"
398,"[2, 89, 56, 83, 86, 22, 75, 70, 38, 18]"
399,"[2, 56, 89, 22, 83, 61, 53, 75, 50, 70]"
400,"[2, 89, 56, 86, 75, 53, 70, 38, 18, 24]"
401,"[2, 89, 56, 83, 86, 22, 75, 53, 70, 38]"
402,"[2, 56, 89, 86, 61, 22, 83, 50, 53, 75]"
403,"[2, 89, 56, 83, 86, 75, 53, 70, 18, 38]"
404,"[56, 89, 86, 83, 22, 75, 53, 70, 18, 38]"
405,"[2, 56, 89, 61, 86, 22, 50, 83, 53, 90]"
406,"[2, 56, 89, 86, 83, 75, 53, 70, 61, 18]"
407,"[2, 89, 56, 83, 22, 86, 75, 53, 70, 24]"
408,"[2, 89, 56, 83, 22, 86, 75, 53, 38, 70]"
409,"[2, 89, 56, 83, 86, 75, 38, 53, 70, 18]"
410,"[2, 89, 56, 83, 22, 75, 86, 38, 70, 24]"
411,"[2, 89, 56, 22, 86, 75, 53, 38, 70, 24]"
412,"[2, 56, 89, 86, 22, 53, 75, 61, 70, 50]"
413,"[2, 89, 56, 83, 86, 22, 75, 53, 70, 38]"
414,"[2, 89, 56, 83, 22, 86, 75, 38, 53, 70]"
415,"[2, 89, 56, 83, 22, 86, 75, 53, 38, 70]"
416,"[2, 89, 56, 22, 75, 86, 38, 53, 70, 24]"
417,"[2, 56, 89, 83, 86, 22, 75, 53, 70, 18]"
418,"[2, 89, 56, 83, 86, 75, 53, 38, 70, 18]"
419,"[2, 89, 56, 83, 22, 86, 75, 38, 53, 70]"
420,"[2, 89, 56, 83, 86, 22, 75, 53, 70, 38]"
421,"[2, 56, 89, 61, 86, 22, 50, 83, 53, 90]"
422,"[2, 56, 83, 22, 86, 75, 38, 53, 70, 24]"
423,"[2, 89, 56, 83, 22, 86, 75, 38, 53, 70]"
424,"[56, 61, 89, 50, 86, 22, 90, 53, 83, 70]"
425,"[2, 56, 89, 61, 22, 83, 50, 53, 75, 90]"
426,"[2, 56, 89, 86, 22, 83, 61, 53, 75, 50]"
427,"[2, 89, 56, 83, 86, 22, 75, 53, 70, 38]"
428,"[2, 89, 56, 83, 22, 75, 86, 53, 70, 24]"
429,"[2, 89, 56, 83, 86, 22, 75, 53, 70, 38]"
430,"[2, 89, 56, 83, 22, 86, 75, 53, 70, 18]"
431,"[56, 89, 61, 86, 22, 50, 83, 53, 90, 75]"
432,"[89, 56, 83, 22, 86, 75, 38, 70, 18, 24]"
433,"[2, 89, 56, 83, 86, 22, 75, 53, 70, 38]"
434,"[2, 89, 56, 83, 22, 86, 75, 38, 53, 70]"
435,"[2, 83, 56, 75, 22, 38, 86, 24, 96, 70]"
436,"[2, 89, 56, 22, 86, 38, 53, 70, 18, 24]"
437,"[2, 89, 56, 83, 86, 22, 75, 53, 70, 38]"
438,"[2, 56, 89, 86, 83, 22, 53, 75, 61, 70]"
439,"[2, 89, 56, 83, 86, 75, 53, 70, 38, 18]"
440,"[2, 56, 89, 86, 83, 22, 75, 53, 70, 61]"
441,"[2, 89, 56, 83, 86, 22, 75, 53, 70, 18]"
442,"[2, 56, 89, 86, 22, 83, 61, 53, 50, 70]"
443,"[2, 56, 89, 83, 86, 22, 75, 53, 70, 18]"
444,"[2, 56, 89, 86, 83, 22, 53, 75, 61, 70]"
445,"[2, 89, 56, 83, 86, 22, 75, 53, 38, 24]"
446,"[2, 89, 56, 83, 86, 22, 75, 53, 70, 38]"
447,"[2, 56, 89, 86, 83, 22, 75, 53, 61, 70]"
448,"[2, 56, 83, 22, 75, 86, 38, 53, 70, 24]"
449,"[2, 89, 56, 83, 22, 86, 75, 53, 38, 70]"
450,"[2, 89, 56, 83, 22, 86, 53, 38, 70, 18]"
451,"[2, 89, 56, 83, 86, 22, 75, 53, 70, 38]"
452,"[89, 56, 83, 86, 22, 75, 53, 70, 38, 18]"
453,"[2, 89, 56, 83, 22, 86, 75, 38, 53, 70]"
454,"[2, 89, 56, 83, 22, 86, 75, 53, 38, 70]"
455,"[2, 89, 56, 83, 86, 22, 75, 53, 70, 18]"
456,"[2, 89, 56, 83, 22, 86, 75, 38, 70, 24]"
457,"[2, 89, 56, 83, 22, 86, 75, 38, 70, 18]"
458,"[89, 56, 83, 86, 22, 75, 53, 70, 38, 18]"
459,"[2, 89, 56, 83, 86, 22, 75, 53, 70, 38]"
460,"[2, 56, 83, 22, 75, 86, 38, 70, 24, 96]"
461,"[2, 56, 89, 61, 86, 22, 50, 83, 53, 90]"
462,"[2, 89, 83, 22, 86, 75, 53, 38, 24, 95]"
463,"[2, 56, 89, 86, 22, 83, 61, 53, 75, 70]"
464,"[2, 89, 56, 83, 86, 22, 75, 53, 70, 38]"
465,"[2, 89, 56, 83, 22, 75, 86, 38, 53, 70]"
466,"[2, 89, 56, 83, 22, 86, 75, 53, 70, 18]"
467,"[2, 56, 61, 89, 86, 50, 22, 53, 83, 75]"
468,"[2, 56, 22, 75, 86, 38, 53, 24, 70, 18]"
469,"[2, 89, 56, 83, 22, 86, 75, 38, 53, 70]"
470,"[2, 89, 56, 83, 86, 22, 75, 53, 70, 38]"
471,"[2, 89, 56, 83, 22, 86, 75, 53, 38, 70]"
472,"[2, 89, 56, 83, 86, 22, 75, 53, 70, 38]"
473,"[2, 56, 61, 89, 86, 50, 22, 53, 90, 83]"
474,"[2, 89, 56, 83, 22, 86, 75, 53, 38, 70]"
475,"[2, 56, 89, 83, 86, 22, 75, 53, 70, 61]"
476,"[2, 56, 83, 22, 86, 38, 70, 24, 18, 95]"
477,"[2, 89, 56, 83, 86, 22, 75, 53, 70, 38]"
478,"[2, 56, 89, 86, 22, 61, 83, 53, 50, 75]"
479,"[56, 89, 86, 61, 22, 83, 53, 75, 90, 70]"
480,"[2, 56, 89, 61, 22, 83, 50, 53, 75, 90]"
481,"[2, 89, 56, 83, 22, 86, 75, 53, 38, 18]"
482,"[56, 89, 86, 22, 83, 61, 75, 50, 70, 18]"
483,"[2, 89, 86, 22, 83, 61, 53, 75, 50, 70]"
484,"[2, 89, 56, 83, 22, 86, 75, 53, 38, 70]"
485,"[89, 56, 83, 22, 86, 38, 53, 70, 24, 18]"
486,"[2, 89, 56, 83, 22, 86, 75, 38, 53, 70]"
487,"[2, 56, 89, 86, 22, 61, 83, 53, 50, 75]"
488,"[2, 89, 56, 83, 86, 22, 75, 70, 38, 18]"
489,"[2, 56, 89, 86, 83, 22, 75, 53, 61, 70]"
490,"[89, 83, 86, 22, 75, 53, 70, 38, 18, 24]"
491,"[2, 89, 56, 83, 86, 22, 75, 53, 70, 38]"
492,"[2, 89, 56, 75, 22, 38, 86, 53, 70, 18]"
493,"[2, 89, 56, 83, 22, 75, 38, 53, 70, 18]"
494,"[2, 89, 56, 83, 22, 86, 75, 53, 38, 70]"
495,"[2, 89, 83, 86, 22, 75, 53, 38, 18, 61]"
496,"[2, 56, 89, 61, 86, 22, 50, 83, 53, 90]"
497,"[2, 56, 89, 86, 22, 83, 53, 75, 61, 50]"
498,"[2, 56, 89, 86, 22, 83, 53, 75, 61, 70]"
499,"[2, 89, 56, 83, 86, 22, 75, 53, 70, 38]"
500,"[2, 89, 56, 83, 22, 86, 75, 53, 70, 18]"
501,"[2, 89, 83, 56, 75, 22, 86, 38, 24, 70]"
502,"[2, 89, 56, 83, 22, 86, 75, 53, 38, 70]"
503,"[56, 89, 86, 61, 22, 83, 50, 53, 90, 75]"
504,"[2, 56, 89, 86, 22, 83, 61, 53, 75, 50]"
505,"[56, 89, 86, 22, 83, 53, 61, 75, 70, 50]"
506,"[2, 56, 89, 61, 86, 22, 50, 83, 90, 75]"
507,"[2, 56, 89, 86, 22, 83, 53, 75, 61, 70]"
508,"[2, 89, 56, 83, 22, 86, 75, 53, 38, 70]"
509,"[2, 89, 56, 83, 22, 86, 75, 53, 38, 70]"
510,"[89, 56, 83, 22, 86, 75, 38, 53, 70, 18]"
511,"[2, 56, 89, 61, 86, 22, 50, 83, 53, 90]"
512,"[2, 89, 56, 22, 86, 75, 53, 38, 70, 18]"
513,"[2, 89, 56, 86, 22, 75, 53, 70, 38, 18]"
514,"[2, 89, 61, 86, 22, 50, 83, 53, 90, 75]"
515,"[2, 56, 89, 86, 22, 83, 61, 53, 75, 50]"
516,"[2, 89, 56, 83, 86, 22, 75, 53, 38, 70]"
517,"[2, 89, 56, 22, 86, 75, 53, 38, 70, 18]"
518,"[2, 56, 83, 22, 86, 75, 38, 53, 70, 24]"
519,"[2, 56, 89, 61, 86, 22, 50, 83, 53, 90]"
520,"[2, 56, 89, 86, 22, 61, 83, 53, 50, 75]"
521,"[2, 56, 89, 86, 22, 83, 61, 53, 50, 75]"
522,"[2, 89, 56, 83, 22, 86, 75, 53, 38, 70]"
523,"[2, 89, 56, 83, 86, 75, 53, 70, 38, 18]"
524,"[2, 89, 56, 83, 86, 22, 75, 53, 70, 38]"
525,"[2, 89, 56, 83, 86, 22, 75, 53, 70, 38]"
526,"[89, 56, 83, 86, 22, 75, 53, 70, 38, 18]"
527,"[2, 89, 56, 83, 86, 75, 53, 70, 38, 18]"
528,"[2, 56, 89, 86, 22, 83, 61, 53, 75, 70]"
529,"[2, 89, 56, 83, 86, 22, 75, 53, 70, 38]"
530,"[2, 56, 89, 86, 83, 22, 53, 75, 61, 18]"
531,"[2, 89, 56, 83, 86, 22, 75, 53, 70, 38]"
532,"[2, 89, 56, 83, 22, 86, 75, 38, 70, 18]"
533,"[2, 56, 89, 86, 22, 83, 53, 61, 75, 70]"
534,"[2, 56, 89, 86, 22, 83, 61, 53, 50, 75]"
535,"[2, 56, 89, 86, 22, 83, 61, 53, 75, 50]"
536,"[2, 89, 56, 83, 22, 86, 75, 53, 38, 70]"
537,"[56, 89, 86, 61, 22, 83, 50, 53, 90, 75]"
538,"[2, 56, 89, 86, 83, 22, 75, 53, 70, 61]"
539,"[2, 89, 56, 86, 22, 75, 53, 70, 38, 18]"
540,"[56, 61, 89, 50, 86, 22, 90, 53, 83, 75]"
541,"[2, 89, 83, 22, 86, 75, 38, 53, 70, 18]"
542,"[2, 56, 89, 86, 83, 22, 75, 53, 61, 70]"
543,"[2, 89, 56, 83, 22, 86, 75, 53, 38, 70]"
544,"[2, 89, 56, 83, 22, 86, 75, 53, 38, 70]"
545,"[2, 89, 56, 83, 86, 22, 75, 53, 70, 38]"
546,"[2, 89, 56, 83, 86, 75, 53, 70, 38, 24]"
547,"[2, 89, 56, 83, 22, 86, 75, 53, 38, 70]"
548,"[2, 89, 56, 83, 22, 86, 75, 38, 53, 70]"
549,"[2, 56, 89, 86, 22, 83, 61, 53, 75, 50]"
550,"[2, 89, 86, 22, 83, 61, 53, 75, 50, 70]"
551,"[2, 89, 56, 83, 22, 75, 53, 38, 18, 24]"
552,"[2, 56, 89, 86, 22, 83, 61, 53, 75, 50]"
553,"[2, 89, 56, 83, 86, 75, 53, 70, 18, 61]"
554,"[2, 56, 89, 86, 22, 61, 53, 50, 75, 70]"
555,"[2, 89, 56, 83, 22, 75, 53, 70, 18, 38]"
556,"[2, 56, 89, 61, 86, 22, 50, 83, 53, 90]"
557,"[2, 56, 89, 86, 83, 22, 75, 53, 70, 61]"
558,"[2, 56, 89, 61, 86, 22, 50, 83, 53, 90]"
559,"[2, 89, 56, 83, 22, 86, 75, 53, 38, 70]"
560,"[2, 89, 83, 22, 75, 86, 38, 53, 24, 70]"
561,"[2, 89, 56, 83, 86, 22, 75, 53, 70, 38]"
562,"[2, 89, 56, 83, 22, 38, 53, 70, 24, 18]"
563,"[56, 89, 22, 83, 53, 61, 75, 70, 50, 18]"
564,"[2, 56, 89, 86, 22, 75, 53, 70, 61, 18]"
565,"[2, 56, 89, 86, 83, 22, 53, 61, 70, 18]"
566,"[56, 89, 86, 61, 22, 83, 53, 75, 90, 70]"
567,"[2, 89, 56, 83, 22, 86, 75, 38, 53, 70]"
568,"[2, 56, 89, 86, 83, 22, 75, 53, 61, 70]"
569,"[2, 89, 56, 83, 86, 53, 70, 38, 18, 24]"
570,"[2, 56, 83, 86, 22, 75, 53, 70, 38, 18]"
571,"[2, 56, 89, 86, 61, 83, 50, 53, 90, 75]"
572,"[89, 56, 75, 22, 38, 86, 24, 96, 70, 53]"
573,"[2, 56, 89, 61, 86, 22, 50, 83, 53, 90]"
574,"[2, 56, 89, 86, 22, 83, 50, 53, 75, 90]"
575,"[89, 56, 86, 22, 75, 70, 38, 18, 61, 24]"
576,"[2, 89, 56, 83, 22, 86, 75, 38, 53, 70]"
577,"[56, 89, 86, 61, 22, 83, 50, 53, 90, 75]"
578,"[2, 56, 89, 86, 22, 83, 61, 53, 75, 70]"
579,"[89, 86, 22, 83, 53, 75, 61, 70, 50, 18]"
580,"[2, 89, 56, 83, 22, 86, 75, 53, 38, 70]"
581,"[2, 56, 89, 86, 22, 83, 61, 53, 75, 50]"
582,"[2, 56, 89, 86, 83, 53, 75, 61, 70, 18]"
583,"[2, 89, 56, 83, 86, 22, 75, 53, 70, 38]"
584,"[2, 89, 56, 83, 22, 86, 75, 53, 70, 18]"
585,"[89, 56, 83, 86, 22, 53, 70, 38, 18, 61]"
586,"[2, 89, 56, 83, 22, 75, 86, 38, 53, 70]"
587,"[89, 56, 83, 86, 22, 75, 70, 38, 18, 61]"
588,"[2, 89, 56, 83, 22, 86, 75, 38, 53, 70]"
589,"[2, 89, 56, 83, 22, 86, 75, 38, 53, 70]"
590,"[2, 56, 89, 86, 83, 22, 53, 75, 61, 70]"
591,"[2, 89, 56, 83, 22, 86, 75, 53, 70, 18]"
592,"[2, 89, 56, 83, 22, 86, 75, 38, 53, 70]"
593,"[2, 89, 56, 86, 22, 75, 53, 70, 38, 18]"
594,"[2, 89, 56, 83, 86, 22, 75, 53, 70, 38]"
595,"[2, 89, 83, 56, 22, 75, 86, 38, 53, 70]"
596,"[2, 56, 89, 86, 22, 75, 53, 70, 61, 18]"
597,"[2, 56, 89, 86, 83, 22, 75, 53, 70, 61]"
598,"[2, 56, 89, 22, 83, 61, 53, 50, 75, 70]"
599,"[2, 56, 89, 61, 86, 22, 50, 83, 53, 90]"
600,"[2, 89, 56, 83, 22, 86, 75, 38, 70, 18]"
601,"[2, 89, 56, 83, 22, 86, 75, 38, 53, 70]"
602,"[2, 89, 56, 83, 22, 86, 75, 53, 38, 70]"
603,"[2, 56, 89, 61, 86, 22, 50, 83, 53, 90]"
604,"[2, 56, 89, 86, 22, 83, 61, 53, 75, 50]"
605,"[2, 56, 89, 86, 22, 83, 61, 53, 75, 50]"
606,"[2, 89, 56, 83, 22, 75, 53, 70, 38, 18]"
607,"[2, 89, 56, 83, 22, 86, 75, 38, 53, 70]"
608,"[56, 89, 86, 22, 83, 53, 61, 75, 70, 50]"
609,"[2, 89, 56, 83, 86, 22, 75, 53, 70, 38]"
610,"[89, 56, 83, 22, 75, 53, 70, 38, 18, 24]"
611,"[89, 56, 83, 22, 86, 75, 38, 53, 70, 18]"
612,"[2, 89, 56, 83, 86, 22, 75, 53, 70, 38]"
613,"[2, 56, 89, 86, 22, 83, 61, 53, 75, 70]"
614,"[2, 89, 56, 83, 22, 86, 75, 53, 38, 70]"
615,"[2, 89, 83, 86, 75, 53, 38, 70, 18, 24]"
616,"[89, 56, 83, 86, 22, 75, 70, 38, 18, 24]"
617,"[2, 89, 56, 83, 86, 22, 75, 53, 38, 70]"
618,"[2, 89, 83, 22, 75, 86, 38, 53, 24, 70]"
619,"[2, 89, 56, 83, 22, 86, 75, 38, 53, 70]"
620,"[2, 89, 56, 83, 86, 22, 53, 70, 38, 18]"
621,"[2, 89, 56, 83, 86, 75, 38, 70, 18, 24]"
622,"[2, 56, 89, 86, 22, 61, 53, 75, 70, 50]"
623,"[2, 56, 89, 86, 83, 53, 75, 70, 18, 38]"
624,"[2, 56, 89, 86, 83, 22, 75, 53, 61, 70]"
625,"[2, 56, 61, 89, 86, 50, 22, 90, 53, 83]"
626,"[2, 89, 56, 83, 22, 86, 75, 38, 70, 24]"
627,"[2, 56, 89, 86, 83, 22, 53, 75, 61, 70]"
628,"[2, 89, 56, 83, 22, 75, 86, 53, 24, 96]"
629,"[2, 89, 56, 83, 86, 22, 75, 53, 38, 18]"
630,"[2, 56, 89, 86, 22, 83, 53, 75, 90, 70]"
631,"[2, 89, 56, 83, 86, 22, 75, 53, 38, 70]"
632,"[2, 56, 89, 86, 22, 83, 61, 53, 75, 70]"
633,"[2, 89, 56, 83, 86, 75, 38, 70, 18, 24]"
634,"[2, 56, 89, 86, 22, 83, 53, 75, 70, 50]"
635,"[2, 56, 89, 86, 83, 22, 75, 53, 61, 70]"
636,"[2, 89, 56, 83, 86, 22, 75, 53, 70, 38]"
637,"[2, 89, 56, 83, 22, 75, 53, 38, 70, 18]"
638,"[2, 89, 56, 83, 22, 86, 75, 53, 38, 70]"
639,"[2, 89, 56, 83, 86, 22, 75, 53, 70, 38]"
640,"[2, 56, 89, 86, 22, 83, 61, 53, 75, 50]"
641,"[2, 56, 89, 86, 83, 22, 53, 75, 61, 70]"
642,"[2, 89, 56, 83, 86, 22, 75, 53, 70, 38]"
643,"[2, 89, 56, 83, 22, 86, 75, 53, 38, 70]"
644,"[2, 89, 56, 83, 86, 22, 75, 53, 70, 18]"
645,"[2, 56, 89, 86, 83, 75, 53, 70, 61, 18]"
646,"[2, 89, 56, 22, 75, 38, 53, 70, 18, 24]"
647,"[56, 89, 86, 22, 83, 61, 53, 75, 50, 70]"
648,"[2, 89, 56, 83, 22, 75, 53, 70, 38, 18]"
649,"[2, 89, 56, 83, 86, 75, 53, 18, 24, 96]"
650,"[2, 83, 56, 22, 86, 24, 70, 53, 96, 18]"
651,"[2, 56, 89, 86, 83, 22, 75, 53, 70, 61]"
652,"[2, 89, 56, 83, 22, 86, 75, 53, 38, 70]"
653,"[2, 56, 89, 86, 22, 61, 83, 53, 50, 75]"
654,"[2, 56, 89, 86, 22, 83, 53, 75, 61, 18]"
655,"[2, 89, 83, 86, 22, 75, 53, 70, 38, 18]"
656,"[2, 56, 89, 86, 22, 83, 61, 53, 75, 50]"
657,"[2, 56, 86, 22, 83, 53, 61, 75, 70, 50]"
658,"[2, 89, 56, 83, 86, 22, 75, 53, 70, 38]"
659,"[2, 56, 89, 86, 22, 83, 61, 53, 75, 50]"
660,"[2, 89, 83, 22, 86, 53, 38, 70, 18, 24]"
661,"[2, 89, 56, 83, 22, 75, 53, 70, 38, 18]"
662,"[2, 89, 56, 83, 22, 86, 75, 38, 53, 70]"
663,"[2, 89, 56, 83, 86, 22, 75, 53, 70, 38]"
664,"[2, 89, 56, 83, 22, 86, 75, 53, 38, 70]"
665,"[2, 89, 56, 83, 86, 22, 75, 53, 70, 38]"
666,"[2, 56, 89, 86, 61, 83, 50, 53, 90, 75]"
667,"[2, 56, 89, 86, 83, 22, 75, 53, 61, 70]"
668,"[2, 56, 89, 86, 22, 83, 61, 53, 75, 50]"
669,"[2, 89, 83, 86, 22, 53, 70, 18, 38, 50]"
670,"[2, 89, 56, 83, 22, 86, 75, 53, 38, 18]"
671,"[2, 89, 56, 83, 22, 86, 75, 38, 53, 70]"
672,"[2, 89, 56, 83, 86, 22, 75, 53, 70, 38]"
673,"[2, 89, 56, 83, 86, 22, 75, 53, 70, 38]"
674,"[2, 89, 56, 83, 22, 86, 75, 38, 53, 70]"
675,"[2, 89, 56, 83, 22, 86, 75, 53, 38, 70]"
676,"[2, 56, 83, 86, 22, 75, 53, 70, 61, 18]"
677,"[2, 56, 89, 86, 22, 83, 61, 53, 50, 75]"
678,"[2, 56, 89, 86, 22, 83, 61, 53, 75, 50]"
679,"[2, 89, 56, 83, 22, 86, 75, 38, 53, 70]"
680,"[2, 89, 56, 83, 22, 86, 75, 53, 38, 70]"
681,"[2, 56, 89, 86, 22, 83, 61, 50, 75, 70]"
682,"[2, 89, 56, 86, 22, 75, 53, 70, 38, 18]"
683,"[2, 89, 83, 56, 22, 75, 86, 38, 24, 53]"
684,"[2, 56, 89, 86, 61, 83, 50, 53, 75, 90]"
685,"[2, 56, 89, 86, 83, 22, 75, 53, 61, 70]"
686,"[2, 56, 89, 86, 83, 22, 53, 75, 61, 70]"
687,"[2, 56, 89, 86, 22, 83, 61, 53, 75, 70]"
688,"[2, 56, 86, 22, 83, 53, 75, 70, 50, 18]"
689,"[2, 89, 56, 83, 22, 86, 75, 53, 38, 70]"
690,"[56, 89, 86, 22, 83, 61, 53, 75, 50, 70]"
691,"[56, 22, 86, 75, 53, 38, 70, 18, 24, 96]"
692,"[2, 56, 89, 86, 83, 22, 75, 53, 61, 70]"
693,"[2, 89, 56, 83, 86, 75, 53, 38, 70, 18]"
694,"[2, 56, 89, 86, 22, 83, 61, 53, 50, 75]"
695,"[2, 89, 56, 83, 22, 86, 75, 53, 38, 70]"
696,"[2, 89, 56, 83, 22, 86, 75, 53, 38, 18]"
697,"[2, 89, 56, 83, 22, 86, 75, 53, 38, 70]"
698,"[2, 89, 83, 56, 22, 75, 86, 38, 24, 70]"
699,"[2, 89, 83, 56, 22, 75, 86, 38, 70, 18]"
700,"[2, 89, 56, 83, 86, 22, 75, 53, 70, 38]"
701,"[2, 89, 56, 83, 86, 22, 75, 53, 70, 18]"
702,"[2, 89, 56, 83, 22, 86, 75, 38, 53, 18]"
703,"[2, 89, 56, 22, 86, 75, 38, 53, 70, 18]"
704,"[2, 56, 83, 22, 86, 75, 53, 70, 24, 18]"
705,"[2, 56, 89, 86, 22, 83, 61, 53, 75, 50]"
706,"[2, 89, 56, 83, 22, 86, 75, 38, 53, 70]"
707,"[2, 89, 56, 22, 86, 75, 38, 53, 70, 18]"
708,"[2, 89, 56, 83, 22, 75, 86, 53, 70, 24]"
709,"[2, 83, 86, 22, 75, 53, 70, 38, 18, 24]"
710,"[2, 89, 56, 83, 86, 22, 75, 53, 70, 38]"
711,"[2, 89, 56, 86, 22, 75, 53, 70, 18, 38]"
712,"[2, 89, 83, 56, 22, 86, 24, 53, 70, 18]"
713,"[2, 56, 89, 86, 22, 61, 83, 53, 50, 75]"
714,"[2, 89, 56, 83, 86, 22, 75, 53, 70, 18]"
715,"[2, 56, 89, 86, 83, 22, 75, 53, 61, 70]"
716,"[2, 89, 56, 83, 22, 86, 75, 53, 38, 18]"
717,"[2, 89, 56, 83, 22, 86, 75, 38, 53, 70]"
718,"[2, 89, 56, 83, 22, 86, 75, 38, 53, 70]"
719,"[2, 89, 56, 83, 86, 22, 75, 53, 70, 18]"
720,"[2, 56, 89, 86, 22, 83, 53, 75, 61, 70]"
721,"[2, 89, 56, 83, 86, 22, 75, 53, 70, 38]"
722,"[2, 56, 89, 86, 83, 22, 75, 53, 70, 61]"
723,"[2, 89, 56, 83, 86, 22, 75, 53, 70, 38]"
724,"[56, 89, 86, 22, 83, 61, 53, 75, 50, 70]"
725,"[2, 89, 56, 83, 22, 75, 53, 70, 38, 18]"
726,"[2, 56, 89, 61, 86, 22, 50, 83, 53, 90]"
727,"[2, 89, 56, 83, 22, 86, 75, 38, 53, 24]"
728,"[2, 89, 56, 83, 22, 75, 38, 53, 70, 24]"
729,"[2, 89, 56, 83, 86, 22, 75, 53, 70, 38]"
730,"[2, 89, 61, 86, 22, 50, 83, 53, 90, 75]"
731,"[2, 89, 56, 83, 86, 75, 38, 53, 70, 24]"
732,"[2, 89, 56, 22, 86, 75, 38, 70, 24, 18]"
733,"[56, 61, 89, 50, 86, 22, 90, 53, 83, 75]"
734,"[2, 56, 89, 86, 22, 61, 83, 53, 50, 75]"
735,"[56, 89, 83, 86, 22, 75, 53, 70, 61, 18]"
736,"[2, 56, 89, 86, 22, 83, 53, 75, 70, 50]"
737,"[2, 56, 61, 50, 89, 86, 22, 90, 53, 83]"
738,"[2, 89, 83, 22, 75, 38, 53, 70, 18, 24]"
739,"[2, 89, 56, 83, 22, 86, 75, 38, 53, 70]"
740,"[2, 89, 56, 83, 86, 22, 75, 53, 70, 38]"
741,"[2, 56, 89, 86, 22, 83, 53, 75, 61, 70]"
742,"[2, 89, 56, 83, 22, 86, 75, 53, 38, 70]"
743,"[2, 56, 89, 86, 83, 22, 75, 53, 70, 61]"
744,"[2, 89, 56, 83, 22, 86, 75, 38, 53, 70]"
745,"[2, 89, 83, 86, 22, 75, 38, 70, 18, 24]"
746,"[2, 89, 56, 83, 86, 22, 75, 53, 70, 38]"
747,"[2, 89, 83, 22, 86, 75, 38, 53, 70, 18]"
748,"[2, 89, 56, 83, 22, 86, 75, 38, 70, 24]"
749,"[2, 89, 56, 83, 22, 86, 75, 53, 38, 70]"
750,"[2, 89, 56, 83, 86, 22, 75, 53, 70, 18]"
751,"[2, 89, 56, 83, 22, 86, 75, 53, 38, 70]"
752,"[2, 89, 56, 83, 22, 86, 75, 38, 70, 24]"
753,"[2, 56, 61, 50, 89, 86, 22, 90, 53, 83]"
754,"[2, 89, 83, 22, 75, 53, 70, 38, 18, 61]"
755,"[2, 89, 56, 83, 86, 75, 53, 38, 70, 24]"
756,"[2, 56, 89, 83, 22, 75, 53, 70, 61, 18]"
757,"[2, 56, 89, 83, 86, 22, 75, 53, 70, 61]"
758,"[2, 56, 89, 86, 83, 22, 75, 53, 70, 61]"
759,"[2, 56, 89, 86, 22, 83, 61, 53, 75, 50]"
760,"[2, 56, 89, 86, 83, 61, 53, 75, 70, 50]"
761,"[2, 89, 56, 83, 22, 86, 75, 38, 53, 70]"
762,"[2, 56, 89, 86, 83, 22, 53, 75, 61, 18]"
763,"[2, 56, 89, 61, 86, 22, 50, 83, 53, 90]"
764,"[56, 83, 86, 22, 75, 53, 70, 38, 18, 24]"
765,"[2, 89, 56, 83, 22, 86, 75, 38, 53, 70]"
766,"[2, 89, 56, 86, 75, 38, 53, 70, 24, 18]"
767,"[2, 56, 83, 22, 86, 75, 38, 53, 70, 18]"
768,"[2, 89, 56, 83, 22, 75, 53, 70, 38, 18]"
769,"[2, 89, 56, 83, 22, 75, 86, 38, 53, 70]"
770,"[56, 83, 86, 22, 75, 53, 38, 70, 18, 24]"
771,"[2, 89, 56, 83, 86, 22, 75, 53, 38, 70]"
772,"[2, 56, 83, 22, 86, 75, 38, 53, 70, 24]"
773,"[2, 89, 56, 86, 22, 75, 53, 70, 38, 18]"
774,"[2, 89, 56, 83, 86, 22, 75, 53, 70, 38]"
775,"[2, 89, 56, 83, 22, 86, 75, 53, 38, 70]"
776,"[2, 56, 89, 86, 22, 83, 53, 75, 61, 70]"
777,"[2, 56, 89, 86, 22, 83, 61, 53, 75, 50]"
778,"[2, 89, 56, 83, 86, 22, 75, 53, 38, 70]"
779,"[2, 56, 89, 61, 86, 22, 50, 83, 53, 90]"
780,"[2, 89, 56, 83, 86, 22, 75, 53, 70, 38]"
781,"[2, 56, 89, 86, 22, 83, 61, 53, 75, 50]"
782,"[2, 56, 89, 86, 22, 83, 61, 53, 75, 50]"
783,"[2, 89, 56, 83, 22, 75, 53, 70, 38, 18]"
784,"[2, 56, 89, 86, 22, 83, 53, 75, 50, 70]"
785,"[2, 89, 56, 83, 86, 22, 75, 53, 70, 18]"
786,"[2, 56, 89, 86, 22, 61, 83, 53, 50, 75]"
787,"[2, 56, 89, 86, 61, 22, 83, 50, 53, 75]"
788,"[2, 56, 89, 86, 83, 22, 53, 75, 61, 70]"
789,"[2, 56, 89, 86, 61, 83, 53, 50, 75, 90]"
790,"[2, 56, 89, 86, 22, 61, 83, 53, 50, 75]"
791,"[2, 56, 89, 86, 83, 75, 53, 61, 18, 50]"
792,"[2, 56, 89, 86, 22, 83, 61, 53, 50, 70]"
793,"[2, 89, 56, 83, 22, 86, 75, 53, 38, 70]"
794,"[2, 56, 89, 86, 22, 83, 53, 61, 75, 70]"
795,"[2, 89, 56, 83, 86, 22, 75, 53, 70, 38]"
796,"[2, 89, 56, 83, 22, 86, 75, 53, 38, 70]"
797,"[2, 89, 56, 83, 86, 22, 75, 53, 70, 38]"
798,"[2, 89, 56, 83, 22, 86, 75, 38, 53, 70]"
799,"[2, 56, 83, 86, 22, 75, 53, 70, 38, 18]"
800,"[2, 56, 61, 50, 89, 86, 22, 90, 53, 83]"
801,"[2, 89, 56, 83, 22, 86, 75, 53, 38, 70]"
802,"[2, 89, 56, 83, 86, 22, 75, 53, 70, 18]"
803,"[2, 89, 56, 83, 22, 86, 75, 38, 53, 70]"
804,"[2, 56, 89, 86, 83, 22, 75, 53, 61, 70]"
805,"[2, 89, 56, 83, 22, 75, 38, 53, 70, 18]"
806,"[2, 56, 89, 83, 22, 53, 75, 61, 70, 18]"
807,"[2, 89, 56, 83, 86, 22, 75, 53, 38, 70]"
808,"[2, 89, 56, 83, 86, 22, 75, 53, 38, 70]"
809,"[2, 89, 86, 83, 22, 75, 53, 70, 61, 18]"
810,"[2, 89, 83, 56, 38, 22, 86, 24, 96, 70]"
811,"[2, 56, 83, 22, 86, 75, 53, 38, 70, 18]"
812,"[2, 56, 89, 86, 22, 83, 53, 75, 50, 70]"
813,"[2, 89, 56, 83, 22, 86, 75, 38, 53, 70]"
814,"[2, 56, 89, 86, 83, 22, 75, 53, 61, 70]"
815,"[2, 56, 89, 86, 22, 61, 83, 53, 50, 75]"
816,"[2, 56, 89, 86, 22, 83, 61, 53, 75, 50]"
817,"[2, 89, 56, 83, 22, 86, 75, 53, 38, 70]"
818,"[2, 89, 56, 83, 22, 86, 75, 53, 38, 70]"
819,"[2, 56, 89, 86, 22, 83, 53, 61, 75, 70]"
820,"[2, 56, 89, 86, 83, 61, 53, 75, 50, 70]"
821,"[2, 89, 83, 22, 86, 75, 53, 38, 70, 18]"
822,"[2, 56, 89, 86, 83, 22, 75, 53, 70, 61]"
823,"[2, 56, 89, 86, 22, 83, 61, 53, 75, 50]"
824,"[2, 89, 56, 83, 86, 22, 75, 53, 70, 38]"
825,"[2, 56, 89, 86, 83, 22, 53, 75, 61, 70]"
826,"[2, 89, 56, 83, 22, 86, 75, 53, 38, 18]"
827,"[2, 89, 56, 83, 22, 86, 75, 38, 53, 70]"
828,"[2, 56, 89, 86, 83, 22, 75, 53, 70, 61]"
829,"[2, 89, 56, 83, 22, 86, 75, 38, 70, 24]"
830,"[2, 56, 89, 83, 86, 22, 75, 53, 70, 18]"
831,"[2, 89, 56, 83, 86, 22, 75, 53, 70, 18]"
832,"[2, 89, 56, 83, 22, 75, 53, 38, 70, 18]"
833,"[2, 89, 56, 83, 86, 22, 75, 53, 70, 18]"
834,"[2, 89, 56, 83, 86, 22, 75, 53, 70, 38]"
835,"[2, 89, 56, 83, 22, 86, 75, 53, 38, 70]"
836,"[2, 56, 89, 83, 86, 22, 75, 53, 70, 18]"
837,"[2, 89, 56, 83, 86, 22, 75, 70, 38, 18]"
838,"[2, 56, 61, 50, 89, 22, 90, 53, 83, 75]"
839,"[2, 89, 86, 22, 83, 53, 50, 75, 90, 70]"
840,"[2, 56, 83, 86, 22, 75, 53, 38, 70, 18]"
841,"[2, 89, 83, 86, 22, 75, 53, 70, 38, 18]"
842,"[2, 89, 56, 83, 86, 22, 75, 53, 70, 38]"
843,"[2, 56, 83, 86, 22, 75, 53, 70, 38, 18]"
844,"[2, 89, 56, 83, 22, 86, 75, 53, 38, 70]"
845,"[2, 89, 56, 83, 22, 86, 75, 53, 38, 70]"
846,"[2, 89, 56, 83, 22, 86, 75, 38, 53, 70]"
847,"[2, 56, 61, 50, 89, 86, 22, 90, 53, 83]"
848,"[2, 89, 56, 83, 86, 22, 75, 53, 70, 38]"
849,"[2, 89, 56, 83, 22, 86, 38, 53, 70, 18]"
850,"[2, 89, 56, 83, 86, 22, 75, 53, 70, 18]"
851,"[2, 56, 89, 86, 61, 83, 50, 53, 90, 75]"
852,"[2, 89, 83, 22, 75, 86, 38, 53, 70, 24]"
853,"[2, 56, 86, 22, 83, 61, 53, 75, 50, 70]"
854,"[2, 56, 89, 86, 22, 83, 53, 75, 61, 70]"
855,"[2, 56, 89, 86, 22, 83, 61, 53, 75, 50]"
856,"[2, 56, 86, 22, 83, 61, 53, 75, 70, 50]"
857,"[2, 89, 56, 83, 86, 22, 75, 53, 70, 38]"
858,"[2, 89, 56, 83, 86, 22, 75, 53, 70, 38]"
859,"[2, 56, 89, 86, 22, 83, 61, 53, 75, 50]"
860,"[2, 89, 56, 83, 22, 86, 75, 53, 70, 18]"
861,"[2, 89, 56, 83, 86, 22, 75, 53, 70, 18]"
862,"[2, 56, 89, 86, 83, 61, 53, 75, 50, 70]"
863,"[2, 89, 56, 83, 86, 22, 75, 70, 38, 24]"
864,"[2, 56, 89, 86, 83, 22, 53, 75, 61, 70]"
865,"[2, 89, 56, 83, 86, 22, 75, 53, 70, 38]"
866,"[89, 56, 83, 22, 86, 75, 38, 53, 70, 18]"
867,"[2, 89, 83, 86, 22, 75, 53, 70, 38, 18]"
868,"[2, 56, 89, 86, 61, 22, 83, 50, 53, 75]"
869,"[2, 89, 86, 22, 83, 61, 53, 75, 50, 90]"
870,"[2, 89, 56, 83, 22, 86, 75, 38, 53, 70]"
871,"[2, 56, 61, 50, 89, 86, 22, 90, 53, 83]"
872,"[2, 56, 89, 86, 22, 83, 53, 61, 75, 70]"
873,"[2, 56, 89, 86, 83, 22, 75, 53, 61, 70]"
874,"[2, 89, 56, 86, 22, 75, 53, 70, 18, 38]"
875,"[2, 89, 56, 83, 22, 86, 75, 38, 53, 70]"
876,"[2, 56, 83, 22, 86, 75, 38, 53, 24, 18]"
877,"[2, 56, 89, 86, 83, 22, 75, 53, 61, 70]"
878,"[2, 89, 56, 83, 22, 86, 75, 53, 38, 70]"
879,"[2, 83, 56, 22, 75, 86, 38, 24, 53, 70]"
880,"[2, 56, 89, 86, 22, 83, 61, 53, 75, 50]"
881,"[89, 56, 83, 22, 86, 75, 53, 38, 70, 18]"
882,"[2, 89, 56, 83, 86, 22, 75, 53, 70, 18]"
883,"[2, 56, 61, 86, 22, 50, 83, 53, 90, 75]"
884,"[2, 89, 56, 83, 86, 22, 75, 53, 70, 38]"
885,"[2, 89, 56, 83, 86, 22, 75, 53, 70, 38]"
886,"[2, 89, 56, 83, 86, 22, 75, 53, 70, 38]"
887,"[2, 89, 56, 86, 22, 75, 53, 70, 18, 38]"
888,"[2, 89, 56, 83, 86, 22, 75, 53, 70, 38]"
889,"[2, 89, 56, 83, 86, 22, 75, 53, 18, 38]"
890,"[2, 56, 83, 86, 75, 53, 38, 70, 18, 24]"
891,"[2, 89, 56, 83, 86, 22, 75, 53, 70, 38]"
892,"[2, 89, 83, 56, 22, 75, 86, 38, 53, 70]"
893,"[2, 89, 56, 83, 86, 22, 75, 53, 38, 70]"
894,"[2, 89, 56, 83, 22, 75, 86, 38, 53, 70]"
895,"[2, 56, 89, 61, 86, 22, 50, 83, 53, 90]"
896,"[2, 56, 89, 86, 83, 22, 75, 53, 70, 61]"
897,"[2, 89, 56, 83, 22, 86, 75, 38, 53, 70]"
898,"[2, 89, 56, 22, 86, 75, 38, 53, 70, 24]"
899,"[2, 89, 56, 83, 86, 22, 75, 53, 70, 38]"
900,"[2, 56, 89, 86, 61, 83, 50, 53, 90, 70]"
901,"[2, 89, 83, 22, 75, 53, 70, 38, 24, 61]"
902,"[2, 89, 56, 83, 86, 22, 75, 53, 70, 18]"
903,"[2, 56, 89, 86, 22, 61, 83, 53, 50, 75]"
904,"[2, 89, 56, 83, 86, 22, 53, 70, 38, 18]"
905,"[2, 89, 83, 86, 22, 75, 53, 70, 38, 18]"
906,"[2, 89, 56, 86, 22, 75, 53, 70, 18, 24]"
907,"[2, 89, 56, 83, 22, 86, 75, 38, 53, 70]"
908,"[2, 89, 56, 83, 22, 86, 75, 53, 38, 70]"
909,"[2, 89, 83, 56, 75, 22, 38, 86, 24, 70]"
910,"[2, 89, 83, 86, 22, 75, 53, 70, 38, 61]"
911,"[2, 89, 56, 83, 86, 75, 38, 53, 70, 24]"
912,"[2, 56, 89, 86, 83, 22, 53, 75, 61, 70]"
913,"[2, 89, 56, 83, 86, 22, 75, 53, 70, 38]"
914,"[2, 89, 56, 22, 75, 86, 38, 53, 70, 24]"
915,"[2, 56, 89, 86, 83, 22, 53, 75, 61, 18]"
916,"[2, 89, 56, 83, 22, 86, 75, 38, 53, 70]"
917,"[2, 89, 56, 83, 86, 22, 75, 53, 70, 38]"
918,"[2, 89, 56, 83, 22, 86, 75, 53, 70, 18]"
919,"[2, 56, 83, 22, 86, 75, 38, 53, 70, 24]"
920,"[2, 89, 56, 83, 86, 22, 75, 53, 70, 38]"
921,"[2, 56, 89, 86, 22, 83, 61, 53, 75, 50]"
922,"[2, 89, 56, 83, 86, 22, 75, 53, 38, 70]"
923,"[2, 89, 56, 83, 22, 86, 75, 53, 38, 70]"
924,"[2, 89, 56, 83, 86, 22, 75, 53, 70, 38]"
925,"[2, 89, 83, 22, 86, 75, 38, 53, 70, 24]"
926,"[2, 56, 89, 83, 86, 22, 75, 53, 70, 18]"
927,"[89, 83, 86, 22, 75, 53, 70, 18, 38, 61]"
928,"[2, 56, 89, 86, 22, 83, 61, 53, 75, 50]"
929,"[2, 89, 56, 83, 86, 22, 75, 53, 70, 38]"
930,"[56, 89, 83, 86, 22, 75, 70, 61, 18, 38]"
931,"[2, 89, 56, 83, 86, 22, 75, 53, 70, 18]"
932,"[2, 89, 56, 83, 86, 22, 75, 53, 70, 18]"
933,"[2, 56, 89, 86, 22, 83, 53, 75, 61, 70]"
934,"[2, 56, 83, 86, 22, 75, 53, 70, 38, 18]"
935,"[2, 89, 83, 56, 22, 75, 86, 38, 53, 70]"
936,"[2, 56, 89, 86, 22, 83, 61, 53, 75, 50]"
937,"[2, 56, 89, 86, 83, 22, 53, 75, 61, 70]"
938,"[2, 56, 89, 61, 86, 22, 50, 83, 53, 90]"
939,"[2, 89, 56, 83, 86, 22, 75, 53, 70, 18]"
940,"[2, 89, 56, 83, 22, 86, 75, 38, 53, 70]"
941,"[2, 56, 89, 86, 83, 22, 75, 70, 61, 18]"
942,"[2, 89, 56, 83, 86, 22, 75, 53, 70, 38]"
943,"[2, 89, 56, 83, 86, 22, 75, 53, 38, 18]"
944,"[2, 56, 89, 61, 86, 22, 50, 83, 53, 90]"
945,"[2, 89, 56, 83, 86, 75, 53, 70, 24, 18]"
946,"[2, 89, 56, 83, 86, 22, 75, 53, 70, 38]"
947,"[2, 89, 56, 86, 22, 75, 53, 70, 38, 18]"
948,"[2, 56, 89, 83, 86, 22, 75, 53, 70, 18]"
949,"[2, 89, 56, 83, 86, 22, 75, 53, 70, 38]"
950,"[2, 89, 56, 83, 86, 22, 75, 53, 70, 38]"
951,"[2, 89, 56, 83, 86, 22, 75, 53, 70, 18]"
952,"[2, 89, 56, 83, 22, 86, 75, 38, 53, 70]"
953,"[2, 89, 86, 61, 22, 83, 50, 53, 90, 75]"
954,"[2, 89, 56, 83, 22, 86, 75, 38, 53, 70]"
955,"[2, 56, 89, 86, 83, 22, 75, 53, 70, 61]"
956,"[89, 56, 83, 22, 86, 75, 53, 38, 70, 18]"
957,"[2, 89, 56, 83, 22, 75, 38, 53, 70, 18]"
958,"[2, 56, 61, 50, 89, 86, 22, 90, 53, 83]"
959,"[2, 89, 56, 83, 22, 86, 53, 38, 70, 18]"
960,"[2, 89, 56, 83, 22, 86, 75, 38, 53, 70]"
961,"[2, 89, 56, 83, 22, 86, 75, 53, 38, 70]"
962,"[2, 56, 89, 61, 86, 22, 50, 83, 53, 90]"
963,"[2, 89, 56, 83, 22, 86, 75, 53, 38, 18]"
964,"[56, 89, 86, 22, 83, 53, 75, 61, 70, 50]"
965,"[2, 89, 56, 83, 22, 86, 75, 38, 70, 18]"
966,"[2, 89, 56, 83, 86, 75, 53, 38, 70, 18]"
967,"[2, 56, 89, 61, 86, 22, 50, 83, 53, 90]"
968,"[2, 89, 83, 56, 22, 75, 86, 53, 70, 24]"
969,"[2, 89, 56, 83, 22, 86, 38, 53, 70, 24]"
970,"[2, 89, 56, 83, 22, 86, 75, 53, 38, 70]"
971,"[2, 56, 89, 86, 83, 22, 75, 53, 61, 70]"
972,"[2, 89, 56, 83, 22, 86, 75, 38, 53, 70]"
973,"[2, 89, 56, 83, 22, 86, 75, 53, 38, 70]"
974,"[2, 89, 56, 83, 86, 22, 75, 53, 70, 38]"
975,"[2, 89, 56, 83, 22, 86, 75, 53, 70, 24]"
976,"[2, 89, 56, 83, 22, 86, 75, 53, 70, 18]"
977,"[2, 89, 56, 83, 86, 22, 75, 53, 70, 18]"
978,"[2, 89, 56, 83, 86, 22, 75, 53, 70, 18]"
979,"[2, 89, 86, 83, 22, 75, 53, 61, 70, 18]"
980,"[2, 56, 89, 86, 22, 83, 61, 53, 50, 75]"
981,"[2, 56, 89, 86, 22, 83, 53, 61, 75, 70]"
982,"[2, 89, 56, 83, 22, 86, 75, 53, 38, 70]"
983,"[2, 89, 56, 83, 86, 22, 75, 53, 70, 38]"
984,"[2, 89, 56, 83, 86, 22, 75, 53, 70, 38]"
985,"[2, 89, 56, 83, 22, 75, 53, 70, 38, 18]"
986,"[2, 56, 89, 86, 22, 83, 61, 53, 75, 70]"
987,"[2, 89, 86, 22, 83, 61, 53, 75, 50, 70]"
988,"[2, 89, 83, 86, 22, 53, 70, 18, 61, 38]"
989,"[2, 56, 89, 86, 22, 61, 83, 53, 50, 75]"
990,"[2, 89, 56, 83, 22, 86, 75, 38, 53, 70]"
991,"[2, 89, 56, 83, 86, 22, 75, 53, 70, 38]"
992,"[2, 56, 61, 89, 86, 22, 90, 53, 83, 75]"
993,"[2, 56, 83, 22, 86, 75, 38, 53, 70, 18]"
994,"[2, 89, 56, 83, 22, 86, 75, 38, 53, 70]"
995,"[2, 89, 83, 86, 75, 53, 70, 38, 18, 61]"
996,"[2, 56, 89, 83, 86, 22, 75, 53, 70, 61]"
997,"[2, 56, 83, 22, 86, 75, 53, 70, 18, 24]"
998,"[2, 89, 83, 86, 22, 75, 53, 70, 38, 18]"
999,"[2, 89, 56, 83, 22, 86, 75, 38, 53, 70]"
1000,"[2, 56, 89, 86, 61, 22, 50, 83, 53, 90]"
1001,"[2, 89, 56, 83, 86, 75, 53, 38, 70, 18]"
1002,"[2, 89, 56, 83, 22, 86, 75, 38, 53, 70]"
1003,"[2, 56, 89, 61, 86, 22, 50, 83, 53, 90]"
1004,"[56, 89, 86, 61, 22, 83, 50, 53, 90, 75]"
1005,"[2, 89, 56, 86, 22, 75, 53, 70, 38, 18]"
1006,"[2, 89, 56, 83, 53, 38, 70, 18, 24, 96]"
1007,"[2, 89, 56, 83, 22, 86, 75, 70, 18, 24]"
1008,"[2, 56, 89, 86, 22, 83, 61, 53, 50, 75]"
1009,"[2, 56, 89, 86, 83, 22, 53, 75, 61, 70]"
1010,"[2, 56, 89, 86, 22, 83, 61, 53, 75, 50]"
1011,"[2, 89, 83, 56, 22, 75, 86, 38, 53, 24]"
1012,"[2, 56, 89, 86, 22, 83, 61, 53, 75, 50]"
1013,"[2, 89, 56, 83, 86, 22, 75, 53, 70, 38]"
1014,"[2, 89, 56, 83, 86, 75, 38, 70, 18, 24]"
1015,"[2, 89, 56, 83, 86, 22, 75, 53, 70, 38]"
1016,"[2, 89, 83, 56, 22, 75, 86, 53, 24, 70]"
1017,"[2, 89, 56, 83, 86, 22, 75, 53, 70, 38]"
1018,"[2, 56, 89, 86, 22, 83, 61, 53, 75, 70]"
1019,"[2, 89, 56, 83, 86, 22, 75, 53, 70, 38]"
1020,"[2, 56, 89, 86, 22, 61, 53, 50, 75, 70]"
1021,"[89, 56, 83, 22, 86, 38, 53, 70, 18, 24]"
1022,"[2, 56, 61, 89, 86, 22, 90, 53, 83, 75]"
1023,"[2, 89, 56, 86, 22, 75, 53, 70, 38, 18]"
1024,"[2, 89, 56, 83, 86, 22, 75, 53, 70, 18]"
1025,"[2, 56, 89, 86, 22, 83, 61, 53, 75, 50]"
1026,"[2, 56, 89, 61, 86, 22, 50, 83, 53, 90]"
1027,"[2, 89, 56, 83, 86, 22, 75, 53, 70, 38]"
1028,"[89, 56, 83, 86, 22, 75, 53, 70, 38, 18]"
1029,"[2, 89, 56, 83, 22, 75, 53, 70, 18, 24]"
1030,"[2, 89, 56, 83, 22, 86, 75, 38, 70, 18]"
1031,"[2, 56, 89, 86, 22, 83, 61, 53, 70, 50]"
1032,"[2, 89, 56, 83, 86, 22, 75, 70, 38, 18]"
1033,"[2, 56, 89, 86, 22, 83, 61, 53, 75, 50]"
1034,"[2, 56, 89, 61, 86, 50, 22, 53, 83, 90]"
1035,"[2, 89, 83, 56, 75, 22, 38, 86, 24, 96]"
1036,"[2, 89, 56, 83, 86, 22, 75, 53, 70, 38]"
1037,"[2, 89, 56, 83, 86, 22, 75, 53, 70, 18]"
1038,"[2, 89, 83, 86, 22, 75, 53, 70, 38, 18]"
1039,"[2, 89, 86, 61, 22, 83, 50, 53, 75, 90]"
1040,"[2, 89, 56, 83, 22, 86, 75, 53, 38, 24]"
1041,"[2, 89, 56, 83, 22, 86, 75, 53, 38, 70]"
1042,"[2, 89, 56, 83, 86, 22, 75, 53, 70, 38]"
1043,"[2, 89, 83, 56, 75, 22, 38, 86, 24, 96]"
1044,"[89, 56, 83, 86, 22, 75, 53, 70, 18, 24]"
1045,"[2, 89, 56, 83, 22, 86, 75, 53, 38, 70]"
1046,"[2, 56, 89, 86, 83, 22, 53, 75, 61, 70]"
1047,"[2, 56, 89, 86, 22, 83, 61, 53, 75, 50]"
1048,"[2, 89, 56, 83, 86, 22, 75, 70, 38, 18]"
1049,"[2, 56, 89, 61, 86, 22, 50, 83, 53, 90]"
1050,"[2, 89, 83, 22, 75, 86, 38, 53, 70, 24]"
1051,"[2, 56, 89, 86, 83, 22, 75, 53, 61, 70]"
1052,"[2, 89, 56, 83, 22, 75, 38, 53, 70, 24]"
1053,"[2, 56, 89, 86, 22, 83, 61, 53, 75, 50]"
1054,"[2, 89, 56, 83, 86, 22, 75, 53, 70, 38]"
1055,"[2, 89, 56, 83, 22, 86, 75, 53, 38, 70]"
1056,"[2, 89, 56, 83, 22, 86, 75, 53, 38, 70]"
1057,"[2, 89, 83, 56, 75, 22, 38, 86, 24, 70]"
1058,"[2, 56, 89, 83, 22, 75, 53, 70, 61, 18]"
1059,"[2, 89, 56, 22, 75, 86, 53, 70, 24, 18]"
1060,"[2, 89, 56, 83, 86, 75, 53, 38, 70, 18]"
1061,"[2, 56, 89, 86, 22, 83, 61, 53, 75, 50]"
1062,"[2, 56, 89, 86, 22, 83, 61, 53, 75, 50]"
1063,"[2, 56, 89, 86, 83, 22, 75, 53, 61, 70]"
1064,"[2, 89, 56, 83, 22, 86, 75, 38, 53, 18]"
1065,"[2, 56, 61, 89, 86, 22, 90, 53, 83, 75]"
1066,"[2, 56, 89, 86, 22, 83, 61, 53, 75, 50]"
1067,"[2, 56, 89, 86, 22, 83, 61, 53, 50, 75]"
1068,"[2, 89, 56, 83, 22, 86, 75, 38, 53, 70]"
1069,"[2, 89, 83, 56, 75, 22, 38, 86, 24, 53]"
1070,"[2, 89, 56, 83, 22, 86, 75, 53, 38, 70]"
1071,"[2, 56, 89, 61, 86, 22, 50, 83, 53, 90]"
1072,"[2, 89, 56, 83, 22, 86, 75, 38, 53, 70]"
1073,"[2, 56, 89, 86, 22, 83, 61, 53, 75, 50]"
1074,"[2, 56, 89, 86, 22, 83, 53, 50, 75, 70]"
1075,"[2, 89, 86, 22, 83, 61, 53, 50, 75, 70]"
1076,"[2, 89, 56, 83, 86, 22, 75, 70, 18, 24]"
1077,"[2, 89, 56, 83, 22, 86, 75, 38, 53, 70]"
1078,"[2, 56, 89, 86, 22, 83, 61, 53, 75, 50]"
1079,"[2, 89, 56, 83, 22, 86, 75, 53, 70, 24]"
1080,"[2, 56, 89, 86, 83, 22, 75, 53, 61, 70]"
1081,"[2, 56, 83, 22, 86, 75, 53, 38, 70, 18]"
1082,"[2, 56, 89, 86, 22, 83, 61, 53, 75, 50]"
1083,"[2, 89, 56, 83, 86, 75, 53, 70, 18, 24]"
1084,"[2, 56, 89, 83, 86, 22, 75, 53, 70, 18]"
1085,"[2, 89, 56, 83, 22, 86, 75, 53, 38, 70]"
1086,"[2, 89, 56, 83, 22, 86, 75, 53, 38, 70]"
1087,"[2, 56, 89, 61, 86, 22, 50, 83, 53, 90]"
1088,"[2, 56, 89, 86, 83, 75, 53, 61, 70, 18]"
1089,"[2, 89, 56, 83, 86, 22, 75, 70, 38, 18]"
1090,"[2, 56, 89, 86, 22, 83, 61, 53, 75, 50]"
1091,"[2, 56, 86, 83, 22, 75, 53, 70, 61, 18]"
1092,"[2, 56, 89, 86, 83, 22, 75, 53, 70, 61]"
1093,"[2, 56, 83, 86, 22, 75, 53, 70, 18, 38]"
1094,"[2, 89, 56, 83, 86, 22, 75, 53, 70, 38]"
1095,"[2, 89, 83, 56, 75, 22, 86, 24, 96, 70]"
1096,"[2, 89, 56, 83, 86, 22, 75, 53, 70, 38]"
1097,"[2, 89, 56, 83, 22, 86, 75, 38, 53, 70]"
1098,"[2, 89, 83, 56, 22, 75, 86, 38, 53, 24]"
1099,"[2, 89, 56, 83, 22, 86, 75, 38, 53, 70]"
1100,"[2, 89, 56, 83, 22, 86, 75, 53, 38, 18]"
1101,"[2, 56, 89, 86, 22, 83, 61, 53, 75, 70]"
1102,"[2, 56, 89, 86, 22, 83, 61, 53, 75, 50]"
1103,"[2, 89, 56, 83, 22, 75, 38, 53, 70, 24]"
1104,"[89, 56, 83, 86, 22, 53, 70, 38, 18, 24]"
1105,"[2, 89, 86, 22, 83, 53, 75, 61, 70, 50]"
1106,"[2, 89, 38, 22, 86, 24, 96, 70, 53, 18]"
1107,"[2, 56, 89, 86, 22, 83, 61, 53, 75, 50]"
1108,"[2, 56, 89, 86, 22, 83, 61, 75, 70, 50]"
1109,"[2, 89, 56, 83, 86, 22, 75, 53, 70, 38]"
1110,"[2, 89, 56, 83, 86, 22, 75, 53, 70, 18]"
1111,"[2, 56, 89, 61, 86, 22, 50, 83, 53, 90]"
1112,"[2, 56, 89, 61, 86, 22, 50, 83, 53, 90]"
1113,"[2, 89, 56, 83, 22, 86, 75, 53, 38, 70]"
1114,"[2, 56, 89, 86, 22, 83, 61, 53, 75, 50]"
1115,"[2, 56, 89, 86, 83, 22, 53, 75, 61, 70]"
1116,"[2, 56, 89, 86, 83, 22, 75, 53, 61, 70]"
1117,"[2, 89, 83, 86, 22, 75, 53, 70, 18, 38]"
1118,"[2, 89, 56, 83, 22, 86, 75, 38, 53, 70]"
1119,"[2, 56, 89, 86, 83, 22, 53, 75, 61, 70]"
1120,"[2, 89, 56, 83, 22, 86, 75, 53, 38, 70]"
1121,"[2, 89, 56, 83, 22, 86, 75, 53, 38, 70]"
1122,"[2, 56, 89, 83, 86, 22, 75, 53, 70, 18]"
1123,"[2, 56, 83, 22, 86, 38, 53, 70, 18, 24]"
1124,"[2, 89, 56, 83, 86, 70, 18, 24, 96, 95]"
1125,"[2, 89, 56, 83, 86, 22, 75, 53, 70, 18]"
1126,"[2, 56, 89, 86, 61, 22, 83, 53, 75, 90]"
1127,"[2, 56, 89, 86, 22, 83, 53, 75, 61, 70]"
1128,"[2, 56, 89, 83, 86, 22, 75, 53, 70, 18]"
1129,"[2, 56, 89, 61, 86, 22, 50, 83, 53, 90]"
1130,"[2, 56, 89, 61, 86, 22, 50, 83, 53, 90]"
1131,"[2, 89, 56, 83, 86, 22, 75, 53, 70, 38]"
1132,"[2, 89, 56, 83, 86, 22, 75, 53, 70, 38]"
1133,"[2, 56, 89, 86, 83, 61, 53, 75, 50, 70]"
1134,"[2, 89, 56, 83, 22, 86, 75, 38, 53, 70]"
1135,"[2, 89, 56, 83, 22, 86, 75, 53, 38, 70]"
1136,"[2, 89, 83, 86, 22, 75, 53, 70, 38, 18]"
1137,"[2, 89, 83, 56, 22, 75, 86, 38, 53, 24]"
1138,"[2, 89, 56, 83, 86, 22, 75, 53, 70, 38]"
1139,"[2, 56, 89, 86, 22, 83, 61, 53, 75, 70]"
1140,"[2, 56, 89, 61, 86, 22, 50, 83, 53, 90]"
1141,"[2, 56, 89, 86, 22, 83, 61, 53, 75, 50]"
1142,"[2, 89, 56, 83, 86, 75, 38, 53, 70, 18]"
1143,"[2, 89, 56, 83, 22, 86, 75, 53, 70, 18]"
1144,"[2, 89, 56, 83, 86, 22, 75, 70, 18, 38]"
1145,"[2, 56, 89, 86, 22, 83, 53, 61, 75, 70]"
1146,"[2, 89, 83, 22, 86, 38, 53, 70, 24, 18]"
1147,"[2, 89, 56, 83, 22, 86, 75, 38, 53, 70]"
1148,"[2, 89, 56, 83, 86, 22, 75, 53, 70, 38]"
1149,"[2, 89, 56, 83, 22, 86, 75, 53, 38, 70]"
1150,"[2, 56, 89, 61, 86, 50, 83, 53, 90, 75]"
1151,"[89, 56, 83, 22, 75, 53, 70, 38, 18, 61]"
1152,"[2, 56, 89, 86, 22, 83, 61, 53, 75, 70]"
1153,"[2, 56, 89, 61, 86, 22, 50, 83, 53, 90]"
1154,"[2, 56, 89, 86, 22, 83, 53, 75, 70, 50]"
1155,"[2, 89, 83, 86, 22, 75, 53, 70, 38, 18]"
1156,"[2, 89, 56, 83, 86, 75, 38, 53, 70, 18]"
1157,"[2, 56, 89, 83, 22, 75, 53, 61, 70, 18]"
1158,"[2, 56, 89, 86, 83, 22, 75, 70, 61, 18]"
1159,"[2, 89, 56, 83, 22, 86, 75, 38, 53, 70]"
1160,"[2, 56, 83, 86, 22, 75, 53, 70, 38, 18]"
1161,"[89, 56, 83, 86, 22, 75, 53, 70, 38, 18]"
1162,"[2, 56, 89, 83, 86, 22, 75, 53, 70, 61]"
1163,"[2, 56, 83, 22, 75, 53, 70, 38, 18, 61]"
1164,"[2, 89, 56, 83, 22, 75, 38, 53, 70, 24]"
1165,"[56, 83, 86, 22, 75, 70, 38, 18, 24, 95]"
1166,"[2, 56, 89, 86, 22, 83, 61, 53, 75, 50]"
1167,"[2, 56, 89, 86, 22, 61, 83, 53, 50, 75]"
1168,"[2, 56, 61, 50, 89, 86, 22, 90, 53, 83]"
1169,"[2, 56, 89, 22, 83, 61, 53, 75, 50, 70]"
1170,"[2, 89, 56, 83, 22, 86, 75, 53, 70, 18]"
1171,"[2, 56, 89, 61, 86, 22, 50, 83, 53, 90]"
1172,"[89, 83, 86, 75, 53, 70, 38, 18, 61, 24]"
1173,"[2, 89, 56, 86, 22, 75, 53, 70, 38, 18]"
1174,"[2, 56, 89, 61, 86, 22, 50, 83, 53, 90]"
1175,"[2, 89, 86, 22, 83, 61, 53, 75, 70, 50]"
1176,"[2, 56, 89, 86, 22, 83, 61, 53, 50, 75]"
1177,"[2, 89, 56, 83, 22, 86, 75, 53, 38, 70]"
1178,"[2, 56, 89, 86, 22, 61, 83, 53, 50, 75]"
1179,"[2, 89, 56, 83, 22, 75, 38, 53, 70, 18]"
1180,"[2, 56, 89, 86, 83, 61, 53, 50, 75, 70]"
1181,"[2, 89, 56, 83, 22, 86, 75, 53, 38, 70]"
1182,"[2, 89, 86, 22, 75, 53, 38, 70, 18, 24]"
1183,"[2, 56, 86, 22, 83, 61, 53, 75, 70, 50]"
1184,"[2, 89, 56, 83, 86, 22, 75, 53, 70, 38]"
1185,"[2, 56, 89, 83, 86, 75, 70, 18, 61, 38]"
1186,"[2, 56, 89, 86, 22, 61, 83, 50, 53, 75]"
1187,"[89, 56, 83, 22, 86, 75, 38, 53, 70, 18]"
1188,"[2, 89, 56, 83, 22, 86, 75, 38, 53, 70]"
1189,"[2, 56, 89, 86, 83, 22, 75, 53, 61, 70]"
1190,"[2, 89, 56, 83, 86, 22, 75, 53, 70, 38]"
1191,"[2, 89, 56, 22, 75, 86, 38, 53, 70, 24]"
1192,"[2, 56, 89, 86, 83, 22, 75, 53, 61, 70]"
1193,"[2, 89, 56, 83, 22, 86, 75, 38, 53, 70]"
1194,"[2, 56, 89, 61, 86, 22, 50, 83, 53, 90]"
1195,"[2, 56, 89, 61, 86, 22, 50, 83, 53, 90]"
1196,"[2, 89, 56, 22, 75, 86, 38, 53, 24, 70]"
1197,"[2, 89, 56, 22, 86, 75, 38, 53, 70, 24]"
1198,"[2, 89, 56, 83, 22, 75, 53, 70, 38, 18]"
1199,"[2, 56, 89, 86, 22, 61, 83, 53, 50, 75]"
1200,"[2, 89, 56, 83, 86, 22, 75, 70, 18, 38]"
1201,"[2, 83, 22, 75, 86, 53, 70, 24, 96, 13]"
1202,"[2, 89, 56, 83, 86, 22, 75, 53, 70, 38]"
1203,"[89, 56, 83, 86, 22, 75, 53, 70, 38, 61]"
1204,"[2, 56, 89, 86, 83, 22, 75, 53, 61, 70]"
1205,"[2, 89, 56, 83, 86, 75, 53, 38, 70, 18]"
1206,"[2, 56, 89, 86, 22, 83, 61, 53, 75, 50]"
1207,"[2, 89, 83, 56, 22, 75, 86, 38, 24, 53]"
1208,"[2, 89, 56, 83, 22, 86, 75, 53, 38, 70]"
1209,"[2, 56, 89, 61, 86, 22, 50, 83, 53, 90]"
1210,"[2, 89, 56, 83, 86, 22, 75, 53, 70, 38]"
1211,"[2, 56, 61, 50, 89, 86, 22, 90, 53, 83]"
1212,"[2, 89, 56, 83, 86, 75, 53, 70, 18, 38]"
1213,"[2, 89, 56, 83, 22, 86, 75, 38, 53, 70]"
1214,"[2, 56, 89, 22, 83, 61, 53, 75, 50, 70]"
1215,"[2, 89, 56, 83, 22, 86, 75, 38, 53, 70]"
1216,"[2, 56, 89, 86, 22, 83, 53, 75, 70, 50]"
1217,"[2, 89, 56, 83, 86, 75, 53, 38, 70, 18]"
1218,"[2, 56, 89, 86, 22, 83, 61, 53, 50, 75]"
1219,"[2, 89, 56, 83, 86, 75, 53, 70, 38, 18]"
1220,"[2, 56, 89, 61, 86, 22, 50, 83, 53, 90]"
1221,"[2, 89, 56, 83, 22, 86, 75, 38, 53, 70]"
1222,"[2, 89, 56, 83, 22, 86, 75, 38, 53, 70]"
1223,"[2, 89, 86, 22, 83, 61, 53, 75, 70, 50]"
1224,"[89, 56, 83, 86, 22, 75, 53, 70, 18, 61]"
1225,"[2, 56, 89, 86, 22, 83, 61, 53, 75, 50]"
1226,"[2, 89, 56, 83, 86, 22, 75, 53, 70, 38]"
1227,"[2, 56, 89, 86, 83, 22, 53, 75, 61, 70]"
1228,"[2, 56, 89, 86, 83, 22, 75, 53, 70, 61]"
1229,"[2, 56, 61, 50, 89, 86, 22, 90, 53, 83]"
1230,"[2, 56, 89, 86, 22, 83, 61, 53, 75, 50]"
1231,"[2, 56, 89, 86, 22, 83, 61, 53, 75, 50]"
1232,"[2, 56, 89, 86, 22, 50, 83, 53, 90, 75]"
1233,"[2, 56, 89, 86, 22, 53, 75, 61, 70, 50]"
1234,"[2, 56, 89, 61, 86, 22, 50, 83, 53, 90]"
1235,"[2, 89, 83, 56, 22, 75, 38, 53, 70, 24]"
1236,"[2, 56, 89, 86, 22, 83, 61, 53, 50, 75]"
1237,"[2, 89, 56, 83, 22, 75, 53, 38, 70, 18]"
1238,"[2, 89, 56, 83, 22, 86, 75, 53, 38, 70]"
1239,"[2, 56, 89, 61, 86, 22, 50, 83, 53, 90]"
1240,"[2, 56, 89, 61, 86, 22, 50, 83, 53, 90]"
1241,"[2, 89, 56, 83, 86, 22, 75, 53, 70, 18]"
1242,"[2, 56, 89, 83, 86, 75, 53, 70, 61, 18]"
1243,"[2, 56, 89, 86, 22, 83, 61, 53, 75, 70]"
1244,"[2, 56, 89, 86, 22, 83, 61, 53, 75, 50]"
1245,"[2, 89, 56, 83, 22, 86, 75, 38, 53, 70]"
1246,"[2, 56, 89, 61, 86, 22, 50, 83, 53, 90]"
1247,"[2, 56, 89, 86, 22, 61, 83, 53, 75, 90]"
1248,"[2, 89, 56, 83, 22, 86, 75, 38, 53, 70]"
1249,"[89, 56, 83, 22, 86, 75, 53, 38, 70, 18]"
1250,"[2, 56, 83, 22, 86, 75, 38, 53, 70, 24]"
1251,"[2, 89, 56, 83, 86, 22, 75, 53, 70, 38]"
1252,"[89, 56, 83, 86, 22, 75, 70, 38, 18, 61]"
1253,"[2, 56, 83, 22, 86, 75, 38, 53, 70, 24]"
1254,"[2, 89, 56, 86, 22, 75, 53, 70, 18, 24]"
1255,"[2, 89, 56, 83, 86, 22, 75, 53, 70, 38]"
1256,"[2, 89, 56, 83, 86, 22, 75, 53, 70, 38]"
1257,"[56, 89, 86, 61, 22, 83, 50, 53, 90, 75]"
1258,"[2, 89, 56, 83, 22, 86, 75, 53, 38, 18]"
1259,"[2, 56, 89, 86, 83, 22, 75, 53, 70, 61]"
1260,"[2, 89, 56, 83, 22, 86, 75, 53, 38, 70]"
1261,"[2, 89, 56, 83, 86, 22, 75, 53, 70, 38]"
1262,"[2, 89, 56, 83, 22, 86, 75, 53, 38, 70]"
1263,"[2, 89, 56, 83, 22, 86, 75, 38, 70, 18]"
1264,"[2, 89, 56, 83, 22, 86, 75, 38, 53, 70]"
1265,"[2, 89, 83, 56, 75, 22, 38, 86, 24, 70]"
1266,"[2, 89, 56, 83, 86, 22, 75, 38, 18, 24]"
1267,"[56, 89, 86, 22, 83, 53, 75, 70, 50, 18]"
1268,"[2, 89, 56, 83, 86, 22, 75, 53, 70, 38]"
1269,"[89, 56, 86, 22, 75, 53, 70, 38, 18, 24]"
1270,"[89, 56, 83, 22, 86, 75, 38, 53, 70, 18]"
1271,"[2, 89, 56, 83, 86, 22, 75, 53, 70, 38]"
1272,"[2, 56, 89, 86, 83, 22, 53, 75, 61, 70]"
1273,"[2, 56, 89, 86, 22, 83, 61, 53, 75, 50]"
1274,"[2, 89, 56, 83, 86, 22, 75, 53, 70, 38]"
1275,"[2, 89, 86, 61, 22, 83, 53, 75, 90, 70]"
1276,"[2, 56, 83, 22, 86, 38, 70, 18, 24, 96]"
1277,"[2, 89, 56, 83, 86, 22, 53, 38, 70, 18]"
1278,"[89, 56, 83, 86, 22, 75, 53, 38, 18, 24]"
1279,"[2, 89, 56, 83, 86, 22, 75, 53, 70, 38]"
1280,"[2, 89, 56, 83, 22, 86, 75, 38, 53, 70]"
1281,"[2, 89, 56, 22, 86, 75, 38, 18, 24, 96]"
1282,"[2, 56, 86, 83, 22, 53, 75, 61, 70, 18]"
1283,"[2, 56, 89, 86, 83, 22, 75, 53, 61, 70]"
1284,"[2, 89, 56, 83, 86, 22, 75, 70, 38, 18]"
1285,"[2, 89, 56, 83, 86, 22, 75, 53, 70, 18]"
1286,"[2, 56, 89, 86, 22, 83, 61, 53, 75, 50]"
1287,"[2, 89, 56, 83, 22, 75, 53, 70, 18, 24]"
1288,"[2, 56, 61, 50, 89, 86, 22, 90, 53, 83]"
1289,"[2, 89, 56, 83, 86, 22, 75, 53, 38, 70]"
1290,"[2, 89, 56, 83, 86, 22, 75, 53, 70, 38]"
1291,"[2, 89, 56, 83, 22, 86, 75, 53, 70, 18]"
1292,"[2, 83, 56, 75, 22, 38, 86, 24, 70, 53]"
1293,"[2, 89, 56, 83, 22, 86, 75, 53, 38, 70]"
1294,"[2, 89, 56, 83, 75, 38, 53, 70, 24, 18]"
1295,"[2, 89, 56, 83, 22, 75, 86, 38, 53, 70]"
1296,"[2, 56, 89, 86, 22, 83, 61, 53, 75, 50]"
1297,"[2, 56, 89, 61, 86, 22, 50, 83, 53, 90]"
1298,"[2, 89, 56, 83, 22, 86, 75, 38, 53, 70]"
1299,"[2, 89, 56, 83, 86, 22, 75, 53, 70, 38]"
1300,"[2, 56, 83, 86, 22, 75, 53, 70, 38, 18]"
1301,"[2, 56, 89, 61, 86, 22, 50, 83, 53, 90]"
1302,"[2, 89, 56, 83, 86, 22, 75, 53, 70, 18]"
1303,"[2, 89, 83, 22, 86, 75, 53, 38, 70, 24]"
1304,"[2, 56, 89, 83, 86, 22, 75, 53, 70, 61]"
1305,"[2, 89, 56, 83, 86, 22, 75, 53, 38, 18]"
1306,"[2, 56, 89, 86, 22, 83, 61, 53, 75, 50]"
1307,"[2, 56, 89, 86, 22, 83, 61, 53, 75, 50]"
1308,"[2, 89, 56, 83, 22, 86, 75, 53, 38, 70]"
1309,"[89, 56, 83, 22, 86, 75, 38, 70, 18, 24]"
1310,"[2, 89, 56, 83, 86, 22, 75, 53, 70, 38]"
1311,"[2, 89, 56, 83, 86, 22, 75, 53, 70, 38]"
1312,"[2, 56, 89, 83, 86, 22, 75, 53, 70, 61]"
1313,"[2, 56, 61, 89, 86, 50, 22, 53, 90, 83]"
1314,"[2, 56, 89, 86, 61, 22, 83, 50, 53, 75]"
1315,"[2, 89, 56, 83, 22, 86, 75, 38, 53, 70]"
1316,"[2, 56, 89, 86, 22, 83, 61, 53, 75, 50]"
1317,"[2, 89, 56, 83, 86, 22, 75, 53, 70, 38]"
1318,"[2, 89, 56, 83, 22, 75, 53, 70, 18, 38]"
1319,"[2, 89, 83, 56, 22, 75, 86, 53, 24, 70]"
1320,"[2, 89, 56, 83, 22, 86, 75, 38, 53, 70]"
1321,"[2, 56, 89, 61, 86, 22, 50, 83, 53, 90]"
1322,"[2, 56, 89, 86, 61, 22, 83, 50, 53, 75]"
1323,"[2, 89, 56, 83, 22, 86, 53, 38, 70, 18]"
1324,"[2, 56, 89, 61, 86, 22, 50, 83, 53, 90]"
1325,"[2, 56, 83, 22, 75, 53, 38, 70, 18, 24]"
1326,"[2, 89, 56, 83, 86, 22, 75, 53, 70, 38]"
1327,"[2, 56, 89, 86, 22, 83, 61, 53, 75, 70]"
1328,"[2, 89, 86, 22, 83, 53, 61, 70, 50, 18]"
1329,"[2, 89, 56, 83, 86, 22, 75, 70, 38, 18]"
1330,"[2, 89, 56, 83, 86, 22, 53, 70, 18, 24]"
1331,"[2, 56, 89, 86, 83, 22, 75, 53, 70, 61]"
1332,"[2, 56, 89, 83, 86, 22, 75, 53, 70, 61]"
1333,"[2, 89, 56, 83, 86, 22, 75, 53, 70, 18]"
1334,"[2, 89, 56, 83, 86, 22, 75, 53, 38, 70]"
1335,"[2, 89, 56, 22, 86, 38, 53, 70, 24, 18]"
1336,"[2, 89, 56, 83, 86, 22, 75, 53, 70, 38]"
1337,"[56, 83, 86, 22, 75, 53, 70, 38, 18, 61]"
1338,"[2, 89, 56, 83, 86, 22, 75, 53, 70, 18]"
1339,"[2, 89, 56, 83, 22, 86, 75, 53, 38, 70]"
1340,"[2, 56, 83, 86, 22, 75, 53, 70, 38, 18]"
1341,"[2, 56, 89, 86, 22, 83, 61, 53, 75, 50]"
1342,"[2, 89, 56, 83, 86, 22, 75, 53, 70, 38]"
1343,"[2, 56, 89, 61, 86, 22, 50, 83, 53, 90]"
1344,"[2, 56, 89, 86, 83, 61, 53, 75, 50, 70]"
1345,"[2, 56, 83, 22, 86, 75, 53, 38, 70, 18]"
1346,"[2, 89, 56, 83, 86, 22, 53, 70, 38, 18]"
1347,"[2, 56, 89, 61, 22, 83, 50, 53, 75, 90]"
1348,"[2, 56, 61, 50, 89, 86, 22, 90, 53, 83]"
1349,"[2, 89, 56, 83, 86, 22, 75, 53, 38, 18]"
1350,"[2, 89, 56, 83, 22, 86, 75, 38, 53, 70]"
1351,"[2, 56, 83, 22, 86, 75, 38, 53, 70, 18]"
1352,"[2, 56, 61, 89, 86, 50, 53, 83, 75, 70]"
1353,"[2, 56, 89, 86, 22, 61, 83, 53, 50, 75]"
1354,"[2, 56, 89, 86, 22, 83, 61, 53, 50, 75]"
1355,"[2, 56, 89, 86, 83, 22, 75, 53, 70, 61]"
1356,"[2, 56, 89, 86, 22, 83, 61, 53, 75, 50]"
1357,"[2, 89, 56, 83, 22, 86, 75, 38, 53, 70]"
1358,"[2, 89, 56, 83, 86, 22, 75, 53, 70, 38]"
1359,"[2, 89, 56, 83, 22, 86, 75, 38, 70, 18]"
1360,"[2, 56, 89, 83, 86, 22, 75, 53, 70, 61]"
1361,"[2, 89, 56, 83, 22, 86, 75, 38, 53, 70]"
1362,"[2, 56, 89, 86, 22, 83, 61, 53, 75, 50]"
1363,"[2, 89, 83, 22, 86, 75, 53, 38, 70, 18]"
1364,"[2, 56, 89, 61, 86, 22, 50, 83, 53, 90]"
1365,"[56, 83, 22, 86, 75, 38, 53, 70, 18, 24]"
1366,"[2, 89, 56, 83, 22, 75, 38, 53, 70, 18]"
1367,"[2, 56, 89, 86, 22, 83, 61, 53, 75, 70]"
1368,"[2, 89, 56, 86, 75, 38, 53, 70, 24, 18]"
1369,"[2, 56, 89, 86, 22, 83, 61, 53, 75, 50]"
1370,"[2, 89, 56, 83, 86, 22, 75, 53, 70, 38]"
1371,"[2, 56, 89, 83, 86, 22, 75, 53, 70, 18]"
1372,"[2, 89, 56, 83, 86, 22, 75, 53, 70, 38]"
1373,"[2, 56, 89, 22, 83, 53, 61, 75, 70, 50]"
1374,"[2, 56, 83, 22, 86, 75, 53, 38, 70, 18]"
1375,"[2, 56, 89, 61, 86, 22, 50, 83, 53, 90]"
1376,"[2, 56, 89, 86, 83, 22, 75, 70, 61, 18]"
1377,"[2, 56, 89, 86, 22, 83, 61, 53, 75, 50]"
1378,"[2, 56, 83, 22, 86, 75, 53, 38, 70, 18]"
1379,"[2, 89, 56, 83, 22, 86, 75, 53, 38, 70]"
1380,"[89, 86, 22, 83, 61, 53, 75, 70, 90, 18]"
1381,"[2, 89, 56, 83, 86, 22, 53, 70, 38, 18]"
1382,"[89, 56, 83, 86, 22, 75, 53, 70, 38, 18]"
1383,"[2, 89, 56, 83, 86, 22, 75, 53, 70, 38]"
1384,"[2, 89, 56, 83, 22, 86, 75, 53, 38, 70]"
1385,"[2, 56, 89, 86, 22, 83, 61, 53, 75, 50]"
1386,"[56, 89, 86, 61, 22, 83, 50, 53, 75, 90]"
1387,"[2, 89, 83, 22, 75, 53, 70, 38, 18, 61]"
1388,"[2, 89, 56, 83, 86, 22, 75, 53, 38, 18]"
1389,"[2, 89, 83, 22, 86, 75, 38, 53, 70, 24]"
1390,"[2, 89, 56, 83, 86, 22, 75, 53, 70, 38]"
1391,"[89, 56, 83, 86, 22, 75, 70, 38, 18, 61]"
1392,"[2, 56, 89, 86, 22, 83, 61, 53, 75, 70]"
1393,"[2, 89, 56, 83, 86, 22, 75, 53, 70, 38]"
1394,"[2, 56, 86, 22, 83, 61, 53, 75, 50, 70]"
1395,"[2, 56, 89, 61, 86, 22, 50, 83, 53, 75]"
1396,"[2, 89, 56, 83, 86, 75, 53, 38, 70, 18]"
1397,"[2, 89, 56, 83, 86, 22, 75, 53, 70, 38]"
1398,"[2, 56, 89, 86, 22, 83, 61, 75, 50, 70]"
1399,"[2, 89, 83, 56, 22, 75, 86, 38, 24, 53]"
1400,"[2, 56, 89, 86, 83, 22, 75, 53, 61, 70]"
1401,"[2, 89, 56, 83, 86, 22, 75, 70, 18, 61]"
1402,"[2, 56, 89, 61, 86, 22, 50, 83, 53, 90]"
1403,"[56, 61, 89, 86, 50, 22, 90, 53, 83, 75]"
1404,"[2, 89, 83, 56, 75, 22, 38, 86, 24, 70]"
1405,"[2, 89, 56, 83, 86, 22, 75, 53, 38, 18]"
1406,"[2, 89, 56, 83, 22, 86, 75, 53, 38, 70]"
1407,"[2, 89, 56, 83, 22, 86, 75, 38, 53, 70]"
1408,"[2, 89, 56, 83, 22, 86, 75, 53, 38, 70]"
1409,"[2, 56, 61, 50, 89, 86, 22, 90, 53, 83]"
1410,"[2, 89, 56, 83, 86, 22, 75, 53, 70, 38]"
1411,"[2, 89, 56, 83, 86, 22, 75, 53, 70, 38]"
1412,"[2, 89, 56, 83, 86, 75, 53, 70, 38, 18]"
1413,"[2, 56, 89, 86, 83, 22, 75, 70, 61, 18]"
1414,"[2, 89, 56, 83, 86, 22, 75, 53, 70, 38]"
1415,"[2, 89, 56, 83, 86, 22, 75, 53, 70, 38]"
1416,"[2, 89, 56, 83, 86, 22, 75, 53, 70, 38]"
1417,"[2, 56, 89, 86, 22, 83, 75, 61, 70, 18]"
1418,"[2, 89, 56, 83, 22, 86, 75, 38, 53, 70]"
1419,"[2, 56, 89, 86, 22, 83, 61, 53, 75, 50]"
1420,"[2, 56, 89, 86, 83, 22, 75, 53, 70, 61]"
1421,"[2, 89, 56, 83, 86, 22, 75, 70, 18, 24]"
1422,"[2, 56, 83, 22, 86, 75, 38, 53, 70, 24]"
1423,"[2, 56, 89, 86, 22, 83, 53, 75, 70, 18]"
1424,"[2, 56, 89, 86, 83, 61, 53, 75, 50, 70]"
1425,"[2, 89, 83, 86, 22, 75, 53, 70, 38, 18]"
1426,"[2, 89, 86, 22, 83, 61, 53, 75, 50, 70]"
1427,"[2, 56, 89, 86, 22, 61, 83, 50, 53, 75]"
1428,"[2, 89, 56, 83, 22, 86, 75, 38, 53, 70]"
1429,"[2, 89, 56, 83, 22, 86, 75, 53, 38, 70]"
1430,"[2, 89, 56, 83, 86, 22, 75, 53, 70, 38]"
1431,"[2, 56, 83, 86, 22, 75, 53, 38, 70, 18]"
1432,"[2, 56, 83, 86, 22, 75, 53, 70, 38, 18]"
1433,"[2, 89, 56, 83, 22, 86, 75, 38, 53, 70]"
1434,"[89, 83, 56, 22, 75, 86, 38, 53, 24, 70]"
1435,"[2, 89, 56, 83, 86, 22, 75, 53, 70, 38]"
1436,"[2, 89, 56, 22, 86, 75, 38, 53, 70, 18]"
1437,"[2, 56, 61, 89, 86, 50, 22, 90, 53, 83]"
1438,"[2, 89, 83, 22, 86, 75, 53, 38, 70, 18]"
1439,"[2, 89, 56, 83, 86, 22, 75, 38, 70, 18]"
1440,"[2, 89, 56, 83, 86, 22, 75, 53, 70, 38]"
1441,"[2, 89, 56, 83, 22, 75, 86, 38, 53, 70]"
1442,"[2, 89, 83, 56, 75, 22, 38, 86, 24, 96]"
1443,"[89, 56, 83, 22, 86, 75, 38, 53, 70, 18]"
1444,"[2, 56, 89, 86, 22, 83, 61, 53, 75, 70]"
1445,"[2, 56, 89, 61, 86, 22, 50, 83, 53, 90]"
1446,"[2, 86, 22, 53, 75, 61, 70, 18, 50, 38]"
1447,"[2, 56, 89, 61, 86, 22, 83, 53, 90, 75]"
1448,"[2, 56, 89, 61, 86, 22, 50, 83, 53, 90]"
1449,"[56, 89, 86, 83, 22, 75, 53, 70, 61, 18]"
1450,"[2, 56, 89, 83, 86, 22, 75, 53, 70, 61]"
1451,"[2, 56, 89, 86, 22, 83, 61, 53, 75, 50]"
1452,"[2, 89, 56, 83, 22, 86, 75, 53, 38, 70]"
1453,"[2, 89, 56, 83, 22, 86, 75, 70, 24, 18]"
1454,"[2, 89, 56, 75, 86, 38, 53, 24, 70, 18]"
1455,"[2, 56, 89, 61, 86, 83, 53, 90, 75, 70]"
1456,"[2, 89, 56, 83, 86, 22, 75, 53, 70, 38]"
1457,"[2, 56, 89, 86, 83, 22, 75, 53, 70, 61]"
1458,"[2, 56, 89, 86, 83, 22, 75, 53, 70, 61]"
1459,"[2, 89, 56, 83, 86, 22, 75, 53, 70, 38]"
1460,"[2, 56, 89, 83, 86, 22, 75, 53, 70, 18]"
1461,"[2, 89, 83, 86, 22, 75, 53, 61, 18, 38]"
1462,"[2, 89, 56, 83, 22, 86, 75, 38, 53, 70]"
1463,"[2, 89, 56, 83, 86, 22, 75, 53, 70, 38]"
1464,"[2, 89, 56, 83, 86, 22, 75, 53, 70, 38]"
1465,"[2, 89, 56, 83, 86, 22, 75, 53, 70, 38]"
1466,"[2, 89, 83, 22, 75, 86, 38, 53, 70, 24]"
1467,"[2, 56, 83, 86, 22, 75, 53, 70, 61, 18]"
1468,"[2, 56, 83, 86, 22, 75, 53, 70, 38, 18]"
1469,"[2, 56, 89, 61, 86, 22, 50, 83, 90, 75]"
1470,"[2, 89, 56, 83, 22, 75, 38, 53, 70, 18]"
1471,"[2, 56, 89, 86, 83, 22, 53, 75, 61, 70]"
1472,"[2, 89, 56, 83, 22, 86, 75, 53, 38, 18]"
1473,"[2, 89, 56, 83, 22, 86, 75, 38, 53, 70]"
1474,"[2, 89, 56, 83, 22, 75, 38, 53, 70, 18]"
1475,"[2, 56, 89, 86, 83, 22, 53, 75, 61, 70]"
1476,"[2, 89, 56, 75, 22, 38, 86, 24, 53, 70]"
1477,"[2, 89, 56, 83, 86, 75, 53, 70, 38, 18]"
1478,"[2, 89, 83, 56, 22, 75, 86, 38, 53, 24]"
1479,"[2, 89, 56, 83, 86, 22, 75, 53, 70, 38]"
1480,"[2, 56, 89, 61, 86, 22, 50, 83, 53, 90]"
1481,"[89, 56, 83, 86, 22, 53, 70, 18, 38, 50]"
1482,"[2, 56, 89, 61, 86, 22, 50, 83, 53, 90]"
1483,"[2, 89, 56, 83, 86, 22, 53, 38, 70, 18]"
1484,"[2, 56, 89, 86, 22, 83, 61, 53, 75, 50]"
1485,"[2, 89, 56, 83, 22, 86, 75, 53, 38, 70]"
1486,"[2, 89, 56, 83, 22, 86, 75, 53, 70, 18]"
1487,"[2, 89, 83, 86, 22, 75, 53, 38, 18, 61]"
1488,"[2, 56, 61, 50, 89, 86, 22, 90, 53, 83]"
1489,"[2, 56, 75, 22, 86, 38, 53, 70, 18, 96]"
1490,"[2, 89, 56, 83, 22, 86, 75, 53, 70, 18]"
1491,"[2, 89, 83, 86, 22, 75, 53, 70, 38, 18]"
1492,"[2, 89, 56, 83, 22, 75, 38, 53, 70, 18]"
1493,"[2, 89, 56, 83, 22, 86, 75, 38, 53, 70]"
1494,"[2, 89, 56, 83, 86, 22, 53, 70, 38, 18]"
1495,"[2, 56, 89, 86, 22, 75, 53, 61, 70, 18]"
1496,"[2, 89, 56, 83, 22, 86, 38, 70, 24, 18]"
1497,"[2, 56, 61, 50, 89, 86, 22, 90, 53, 83]"
1498,"[2, 56, 83, 22, 86, 75, 38, 53, 18, 24]"
1499,"[2, 89, 56, 83, 86, 22, 75, 53, 38, 70]"
1500,"[2, 89, 56, 83, 86, 22, 75, 53, 18, 38]"
1501,"[2, 56, 89, 83, 86, 75, 53, 70, 61, 18]"
1502,"[2, 56, 89, 86, 22, 61, 83, 53, 50, 75]"
1503,"[2, 56, 61, 50, 89, 86, 22, 90, 53, 83]"
1504,"[89, 56, 83, 86, 22, 75, 53, 70, 38, 18]"
1505,"[2, 89, 56, 83, 22, 86, 75, 38, 53, 70]"
1506,"[2, 89, 83, 56, 22, 75, 86, 38, 53, 24]"
1507,"[2, 56, 89, 86, 22, 61, 83, 53, 50, 75]"
1508,"[2, 89, 56, 83, 22, 86, 75, 53, 38, 70]"
1509,"[2, 56, 83, 22, 86, 75, 53, 38, 70, 24]"
1510,"[2, 89, 83, 22, 86, 75, 38, 70, 18, 24]"
1511,"[2, 89, 56, 83, 86, 22, 75, 53, 70, 38]"
1512,"[2, 56, 89, 86, 83, 22, 75, 53, 70, 61]"
1513,"[2, 56, 83, 22, 86, 75, 38, 53, 70, 18]"
1514,"[2, 89, 56, 83, 22, 86, 75, 38, 70, 18]"
1515,"[2, 89, 56, 83, 86, 22, 75, 70, 38, 18]"
1516,"[2, 89, 56, 83, 22, 75, 53, 38, 70, 18]"
1517,"[2, 56, 83, 22, 75, 86, 38, 53, 70, 24]"
1518,"[2, 89, 56, 83, 22, 86, 75, 53, 70, 24]"
1519,"[2, 56, 61, 89, 50, 86, 90, 53, 83, 75]"
1520,"[2, 89, 56, 83, 22, 75, 38, 53, 70, 24]"
1521,"[2, 56, 89, 86, 22, 83, 61, 53, 50, 75]"
1522,"[2, 89, 86, 22, 83, 53, 61, 75, 70, 50]"
1523,"[2, 56, 89, 86, 22, 83, 61, 53, 75, 50]"
1524,"[2, 56, 89, 61, 86, 22, 50, 83, 53, 90]"
1525,"[2, 56, 89, 86, 22, 83, 61, 53, 75, 50]"
1526,"[2, 89, 56, 83, 22, 86, 75, 38, 53, 70]"
1527,"[2, 89, 56, 83, 86, 22, 75, 53, 70, 38]"
1528,"[2, 56, 61, 50, 89, 86, 22, 90, 53, 83]"
1529,"[2, 89, 56, 83, 22, 86, 38, 53, 70, 24]"
1530,"[2, 56, 89, 83, 86, 22, 75, 53, 70, 18]"
1531,"[2, 56, 89, 86, 22, 83, 61, 53, 75, 70]"
1532,"[2, 56, 89, 83, 86, 22, 75, 53, 70, 61]"
1533,"[89, 56, 83, 22, 75, 38, 53, 70, 24, 18]"
1534,"[2, 56, 89, 86, 22, 83, 61, 53, 75, 50]"
1535,"[2, 89, 56, 83, 22, 86, 75, 38, 70, 18]"
1536,"[2, 89, 56, 83, 22, 86, 75, 53, 38, 70]"
1537,"[2, 89, 56, 83, 22, 86, 75, 53, 70, 18]"
1538,"[2, 89, 83, 56, 22, 75, 86, 38, 53, 24]"
1539,"[2, 89, 56, 83, 86, 75, 53, 70, 38, 18]"
1540,"[2, 89, 56, 83, 86, 75, 38, 53, 70, 24]"
1541,"[2, 56, 89, 86, 83, 22, 75, 53, 61, 70]"
1542,"[2, 56, 89, 61, 86, 22, 50, 83, 53, 90]"
1543,"[2, 89, 56, 83, 22, 86, 75, 53, 38, 70]"
1544,"[2, 56, 83, 86, 22, 75, 53, 38, 18, 61]"
1545,"[2, 56, 89, 86, 22, 83, 53, 75, 61, 70]"
1546,"[2, 89, 56, 83, 22, 86, 75, 53, 38, 70]"
1547,"[2, 56, 89, 86, 83, 22, 53, 75, 61, 70]"
1548,"[2, 56, 89, 86, 22, 83, 61, 53, 75, 50]"
1549,"[89, 83, 56, 22, 75, 86, 38, 24, 53, 70]"
1550,"[2, 56, 89, 86, 83, 22, 53, 61, 70, 18]"
1551,"[2, 89, 56, 83, 22, 86, 75, 53, 70, 18]"
1552,"[2, 56, 83, 86, 22, 75, 53, 70, 38, 18]"
1553,"[2, 89, 56, 83, 22, 86, 75, 38, 53, 70]"
1554,"[2, 56, 89, 86, 83, 22, 53, 75, 61, 70]"
1555,"[2, 89, 83, 56, 75, 22, 38, 86, 24, 70]"
1556,"[2, 89, 56, 83, 86, 22, 75, 53, 70, 38]"
1557,"[2, 89, 56, 83, 75, 38, 53, 70, 24, 18]"
1558,"[2, 89, 56, 83, 86, 22, 75, 53, 70, 18]"
1559,"[2, 56, 89, 86, 22, 61, 53, 75, 50, 70]"
1560,"[2, 89, 56, 83, 86, 22, 75, 53, 70, 38]"
1561,"[2, 56, 89, 86, 22, 83, 53, 75, 61, 70]"
1562,"[2, 56, 89, 86, 61, 22, 83, 50, 53, 75]"
1563,"[2, 56, 89, 86, 22, 83, 61, 53, 75, 70]"
1564,"[2, 89, 56, 83, 86, 22, 75, 53, 70, 38]"
1565,"[2, 56, 89, 83, 86, 22, 75, 70, 18, 61]"
1566,"[2, 56, 89, 86, 22, 61, 83, 53, 50, 75]"
1567,"[2, 89, 56, 86, 22, 75, 70, 38, 18, 61]"
1568,"[2, 56, 89, 83, 86, 22, 75, 53, 70, 18]"
1569,"[2, 89, 56, 83, 22, 86, 75, 38, 53, 70]"
1570,"[2, 56, 61, 86, 22, 50, 83, 53, 90, 75]"
1571,"[2, 89, 56, 83, 22, 75, 38, 53, 70, 18]"
1572,"[56, 89, 86, 83, 22, 53, 75, 61, 70, 50]"
1573,"[2, 89, 56, 83, 22, 86, 75, 53, 38, 70]"
1574,"[2, 89, 56, 83, 22, 86, 75, 53, 70, 18]"
1575,"[2, 89, 56, 83, 86, 22, 75, 70, 38, 18]"
1576,"[2, 56, 89, 61, 86, 22, 50, 83, 53, 90]"
1577,"[2, 89, 83, 56, 22, 75, 86, 38, 53, 24]"
1578,"[2, 56, 89, 61, 86, 22, 50, 83, 53, 90]"
1579,"[2, 89, 56, 83, 86, 22, 75, 53, 70, 38]"
1580,"[2, 56, 89, 61, 86, 22, 50, 83, 53, 90]"
1581,"[2, 89, 56, 83, 86, 22, 75, 53, 70, 38]"
1582,"[2, 89, 56, 83, 22, 86, 75, 53, 38, 70]"
1583,"[2, 89, 56, 83, 22, 86, 75, 53, 38, 70]"
1584,"[2, 56, 89, 61, 86, 22, 50, 83, 53, 90]"
1585,"[2, 89, 56, 83, 22, 86, 75, 38, 53, 70]"
1586,"[2, 89, 56, 22, 86, 75, 38, 70, 18, 24]"
1587,"[2, 56, 89, 86, 22, 83, 61, 53, 75, 50]"
1588,"[2, 89, 56, 83, 86, 22, 75, 70, 38, 18]"
1589,"[2, 56, 61, 89, 50, 86, 90, 53, 83, 75]"
1590,"[2, 56, 89, 86, 22, 83, 61, 53, 75, 50]"
1591,"[2, 56, 89, 86, 83, 22, 53, 75, 61, 70]"
1592,"[2, 89, 56, 83, 86, 22, 75, 53, 70, 18]"
1593,"[2, 89, 56, 83, 86, 22, 75, 53, 70, 18]"
1594,"[2, 56, 83, 86, 22, 75, 53, 70, 38, 18]"
1595,"[2, 56, 89, 83, 86, 22, 75, 53, 70, 61]"
1596,"[2, 89, 56, 83, 86, 22, 75, 53, 70, 38]"
1597,"[2, 89, 86, 22, 83, 61, 53, 75, 50, 70]"
1598,"[2, 89, 83, 56, 22, 75, 86, 38, 24, 70]"
1599,"[2, 89, 56, 83, 86, 22, 75, 53, 70, 38]"
1600,"[2, 89, 56, 86, 75, 38, 53, 70, 24, 96]"
1601,"[2, 89, 56, 83, 22, 86, 75, 38, 53, 70]"
1602,"[89, 86, 83, 22, 53, 75, 70, 18, 50, 38]"
1603,"[2, 89, 56, 83, 22, 86, 75, 53, 70, 24]"
1604,"[2, 89, 56, 83, 86, 22, 75, 53, 70, 38]"
1605,"[2, 56, 89, 86, 22, 83, 61, 53, 75, 50]"
1606,"[2, 56, 89, 86, 22, 83, 61, 53, 75, 50]"
1607,"[2, 89, 56, 83, 86, 22, 75, 53, 70, 38]"
1608,"[56, 89, 86, 83, 22, 53, 75, 61, 70, 18]"
1609,"[2, 89, 56, 83, 86, 22, 75, 53, 38, 70]"
1610,"[2, 89, 56, 83, 86, 22, 75, 53, 70, 38]"
1611,"[2, 56, 89, 86, 22, 83, 53, 75, 50, 70]"
1612,"[2, 56, 89, 86, 22, 61, 83, 53, 50, 75]"
1613,"[2, 89, 56, 83, 22, 75, 53, 38, 70, 18]"
1614,"[2, 89, 56, 83, 86, 22, 75, 53, 38, 18]"
1615,"[2, 56, 89, 86, 83, 22, 75, 53, 61, 70]"
1616,"[2, 89, 56, 83, 22, 86, 75, 38, 53, 70]"
1617,"[2, 89, 56, 83, 86, 22, 75, 53, 70, 38]"
1618,"[2, 56, 22, 86, 75, 53, 38, 70, 18, 95]"
1619,"[2, 56, 89, 86, 22, 83, 61, 53, 75, 50]"
1620,"[2, 89, 56, 83, 86, 22, 75, 53, 70, 38]"
1621,"[2, 89, 56, 83, 22, 86, 75, 53, 70, 18]"
1622,"[2, 89, 56, 83, 22, 86, 75, 38, 53, 70]"
1623,"[2, 56, 89, 86, 83, 22, 75, 53, 61, 70]"
1624,"[2, 89, 56, 83, 22, 86, 75, 38, 70, 18]"
1625,"[2, 89, 56, 83, 86, 22, 75, 53, 70, 38]"
1626,"[2, 89, 56, 83, 86, 22, 75, 53, 70, 38]"
1627,"[2, 56, 83, 22, 75, 86, 38, 53, 70, 18]"
1628,"[89, 86, 22, 61, 83, 53, 50, 75, 90, 70]"
1629,"[2, 89, 83, 56, 75, 22, 38, 86, 24, 96]"
1630,"[2, 56, 89, 86, 22, 90, 53, 83, 75, 70]"
1631,"[2, 56, 61, 50, 89, 86, 22, 90, 53, 83]"
1632,"[2, 89, 56, 83, 86, 22, 75, 53, 70, 18]"
1633,"[2, 89, 56, 83, 86, 22, 75, 53, 70, 38]"
1634,"[2, 89, 83, 86, 22, 75, 53, 38, 70, 18]"
1635,"[2, 89, 56, 83, 22, 86, 75, 53, 70, 18]"
1636,"[2, 56, 89, 86, 83, 22, 75, 53, 70, 61]"
1637,"[2, 56, 89, 86, 22, 83, 61, 53, 75, 50]"
1638,"[2, 89, 56, 83, 86, 22, 75, 53, 70, 38]"
1639,"[2, 89, 56, 22, 86, 75, 53, 38, 70, 18]"
1640,"[2, 89, 56, 83, 22, 86, 75, 53, 38, 70]"
1641,"[2, 56, 89, 61, 86, 22, 50, 83, 53, 90]"
1642,"[89, 83, 56, 22, 75, 86, 38, 53, 70, 24]"
1643,"[2, 56, 89, 86, 22, 83, 61, 53, 75, 50]"
1644,"[2, 89, 56, 83, 22, 86, 75, 38, 53, 70]"
1645,"[2, 89, 56, 83, 86, 22, 75, 53, 70, 38]"
1646,"[2, 89, 56, 83, 22, 86, 75, 38, 53, 24]"
1647,"[2, 89, 56, 83, 22, 75, 53, 38, 70, 18]"
1648,"[2, 89, 86, 83, 22, 75, 53, 61, 70, 18]"
1649,"[2, 89, 56, 83, 86, 22, 75, 53, 70, 38]"
1650,"[2, 89, 56, 83, 22, 86, 75, 53, 70, 18]"
1651,"[2, 56, 89, 83, 86, 22, 75, 53, 70, 61]"
1652,"[2, 89, 56, 83, 22, 86, 75, 53, 70, 24]"
1653,"[2, 56, 89, 86, 83, 22, 53, 75, 61, 70]"
1654,"[2, 89, 56, 83, 22, 86, 75, 53, 38, 70]"
1655,"[2, 56, 83, 22, 86, 75, 38, 53, 70, 24]"
1656,"[2, 56, 89, 83, 86, 22, 75, 53, 70, 18]"
1657,"[2, 56, 89, 86, 22, 61, 83, 50, 75, 70]"
1658,"[2, 89, 56, 83, 22, 86, 75, 53, 70, 18]"
1659,"[2, 56, 89, 86, 22, 83, 53, 75, 61, 70]"
1660,"[2, 56, 89, 61, 86, 22, 50, 83, 53, 90]"
1661,"[2, 56, 89, 86, 83, 22, 53, 75, 61, 70]"
1662,"[2, 89, 56, 83, 22, 86, 75, 53, 38, 70]"
1663,"[2, 89, 56, 83, 86, 22, 75, 53, 70, 38]"
1664,"[2, 89, 56, 83, 86, 22, 75, 53, 70, 18]"
1665,"[2, 89, 56, 83, 86, 22, 75, 53, 70, 38]"
1666,"[2, 56, 89, 86, 22, 61, 83, 53, 50, 75]"
1667,"[89, 56, 83, 86, 22, 75, 53, 70, 38, 18]"
1668,"[2, 56, 89, 61, 22, 50, 83, 53, 90, 75]"
1669,"[2, 89, 56, 83, 22, 86, 75, 53, 38, 70]"
1670,"[2, 89, 86, 83, 22, 53, 75, 61, 70, 18]"
1671,"[2, 56, 89, 86, 22, 83, 61, 53, 50, 75]"
1672,"[2, 56, 89, 61, 86, 22, 50, 83, 90, 75]"
1673,"[2, 56, 89, 83, 22, 53, 75, 61, 70, 18]"
1674,"[2, 56, 89, 86, 83, 53, 75, 70, 90, 18]"
1675,"[2, 56, 89, 86, 83, 22, 53, 75, 61, 70]"
1676,"[2, 56, 83, 86, 22, 75, 53, 70, 38, 24]"
1677,"[2, 89, 56, 83, 22, 86, 75, 53, 38, 70]"
1678,"[2, 89, 56, 22, 75, 38, 53, 70, 18, 96]"
1679,"[2, 89, 56, 83, 86, 22, 75, 53, 70, 38]"
1680,"[2, 56, 89, 86, 22, 83, 61, 53, 75, 70]"
1681,"[2, 89, 83, 22, 86, 75, 38, 53, 70, 24]"
1682,"[2, 89, 56, 83, 22, 86, 75, 38, 70, 18]"
1683,"[2, 89, 56, 83, 22, 75, 53, 38, 70, 18]"
1684,"[2, 89, 56, 83, 22, 86, 75, 38, 53, 70]"
1685,"[2, 89, 56, 83, 86, 22, 75, 53, 38, 18]"
1686,"[2, 56, 89, 86, 22, 83, 61, 53, 50, 75]"
1687,"[2, 89, 83, 86, 75, 38, 53, 70, 18, 24]"
1688,"[56, 89, 86, 83, 53, 61, 75, 70, 50, 18]"
1689,"[2, 56, 89, 86, 22, 83, 61, 53, 75, 50]"
1690,"[2, 56, 61, 89, 50, 22, 90, 53, 83, 75]"
1691,"[2, 56, 89, 86, 22, 83, 53, 75, 50, 70]"
1692,"[2, 89, 56, 83, 86, 22, 53, 70, 38, 18]"
1693,"[2, 56, 89, 86, 22, 61, 83, 53, 50, 75]"
1694,"[2, 56, 89, 61, 86, 22, 50, 83, 53, 90]"
1695,"[2, 56, 83, 86, 22, 75, 53, 70, 18, 38]"
1696,"[2, 56, 89, 86, 83, 22, 53, 75, 61, 70]"
1697,"[2, 89, 83, 86, 22, 75, 53, 70, 38, 18]"
1698,"[2, 89, 56, 83, 22, 86, 75, 38, 53, 24]"
1699,"[56, 89, 86, 61, 22, 83, 50, 53, 75, 90]"
1700,"[89, 56, 83, 86, 75, 38, 53, 70, 24, 18]"
1701,"[2, 89, 56, 83, 86, 22, 75, 53, 70, 38]"
1702,"[2, 56, 89, 86, 83, 22, 75, 53, 61, 70]"
1703,"[2, 89, 83, 56, 22, 75, 86, 38, 24, 53]"
1704,"[2, 56, 89, 86, 22, 83, 61, 53, 75, 50]"
1705,"[2, 89, 56, 83, 22, 86, 75, 53, 38, 70]"
1706,"[2, 56, 89, 86, 83, 22, 75, 53, 70, 61]"
1707,"[2, 89, 56, 83, 86, 22, 75, 53, 70, 38]"
1708,"[2, 56, 89, 22, 83, 53, 75, 61, 70, 50]"
1709,"[2, 89, 56, 83, 86, 22, 75, 53, 70, 38]"
1710,"[2, 89, 56, 83, 22, 86, 53, 38, 18, 24]"
1711,"[2, 56, 89, 86, 22, 83, 61, 53, 75, 50]"
1712,"[2, 56, 61, 50, 89, 86, 22, 90, 53, 83]"
1713,"[2, 89, 56, 83, 86, 22, 75, 70, 38, 18]"
1714,"[89, 56, 83, 86, 22, 75, 53, 70, 38, 18]"
1715,"[2, 89, 56, 83, 86, 22, 75, 53, 70, 38]"
1716,"[2, 89, 56, 83, 86, 22, 75, 53, 70, 38]"
1717,"[2, 89, 83, 56, 75, 22, 38, 86, 24, 96]"
1718,"[2, 89, 56, 83, 22, 86, 75, 53, 38, 18]"
1719,"[56, 89, 86, 22, 83, 61, 53, 75, 50, 70]"
1720,"[2, 89, 56, 83, 22, 86, 75, 53, 38, 70]"
1721,"[2, 89, 86, 22, 83, 53, 75, 50, 70, 90]"
1722,"[2, 89, 56, 83, 86, 22, 75, 53, 70, 38]"
1723,"[2, 56, 89, 61, 86, 50, 22, 53, 83, 75]"
1724,"[2, 89, 56, 83, 86, 22, 75, 53, 70, 38]"
1725,"[2, 89, 56, 83, 22, 86, 75, 38, 53, 70]"
1726,"[2, 89, 56, 83, 22, 86, 75, 53, 38, 70]"
1727,"[2, 56, 89, 86, 22, 83, 53, 61, 75, 70]"
1728,"[2, 56, 89, 86, 22, 83, 53, 75, 61, 70]"
1729,"[2, 89, 83, 86, 22, 75, 53, 70, 18, 24]"
1730,"[2, 89, 56, 83, 22, 75, 53, 38, 70, 18]"
1731,"[2, 89, 56, 83, 86, 75, 53, 38, 70, 18]"
1732,"[2, 56, 89, 61, 86, 22, 50, 83, 53, 90]"
1733,"[2, 56, 22, 86, 75, 53, 38, 70, 18, 24]"
1734,"[2, 56, 89, 86, 83, 22, 75, 53, 61, 70]"
1735,"[2, 89, 56, 83, 22, 86, 75, 53, 38, 70]"
1736,"[2, 83, 56, 75, 38, 86, 24, 53, 70, 96]"
1737,"[2, 56, 89, 86, 22, 83, 53, 75, 61, 70]"
1738,"[2, 89, 56, 83, 86, 22, 53, 70, 38, 18]"
1739,"[2, 56, 89, 61, 86, 22, 50, 83, 53, 90]"
1740,"[2, 89, 56, 83, 22, 86, 75, 53, 38, 70]"
1741,"[2, 89, 56, 83, 22, 86, 75, 38, 53, 70]"
1742,"[2, 56, 89, 86, 22, 61, 53, 50, 75, 90]"
1743,"[2, 89, 56, 83, 86, 22, 75, 53, 70, 38]"
1744,"[2, 89, 56, 83, 86, 22, 75, 53, 38, 70]"
1745,"[2, 89, 83, 56, 22, 75, 86, 38, 53, 24]"
1746,"[2, 89, 56, 83, 86, 22, 75, 53, 70, 18]"
1747,"[2, 56, 89, 86, 83, 75, 53, 61, 70, 18]"
1748,"[2, 56, 83, 22, 86, 75, 53, 38, 70, 18]"
1749,"[2, 56, 61, 50, 89, 86, 22, 90, 53, 83]"
1750,"[2, 89, 83, 56, 75, 86, 38, 24, 70, 18]"
1751,"[2, 89, 56, 83, 86, 75, 53, 70, 38, 18]"
1752,"[2, 56, 89, 86, 22, 83, 61, 53, 75, 70]"
1753,"[2, 56, 89, 86, 22, 83, 53, 75, 61, 70]"
1754,"[2, 89, 56, 22, 86, 75, 53, 38, 70, 18]"
1755,"[2, 89, 56, 83, 22, 86, 75, 53, 70, 24]"
1756,"[2, 89, 56, 83, 22, 86, 75, 38, 70, 18]"
1757,"[2, 56, 89, 61, 86, 22, 50, 83, 53, 90]"
1758,"[2, 89, 86, 83, 22, 53, 75, 61, 70, 18]"
1759,"[2, 89, 56, 83, 22, 75, 53, 70, 18, 38]"
1760,"[2, 89, 56, 83, 86, 22, 75, 53, 70, 18]"
1761,"[2, 89, 56, 83, 22, 86, 75, 38, 53, 70]"
1762,"[2, 56, 61, 50, 89, 86, 22, 90, 53, 83]"
1763,"[2, 89, 56, 83, 22, 86, 75, 38, 53, 70]"
1764,"[2, 89, 83, 56, 22, 75, 38, 53, 24, 70]"
1765,"[2, 89, 56, 83, 22, 86, 75, 53, 38, 70]"
1766,"[2, 89, 56, 83, 22, 86, 75, 53, 38, 70]"
1767,"[2, 89, 56, 83, 86, 22, 75, 53, 70, 18]"
1768,"[2, 89, 56, 83, 86, 22, 75, 53, 70, 38]"
1769,"[89, 56, 83, 22, 86, 75, 53, 38, 70, 18]"
1770,"[2, 89, 56, 83, 22, 86, 75, 38, 53, 70]"
1771,"[2, 56, 89, 61, 86, 22, 50, 83, 53, 90]"
1772,"[2, 89, 56, 83, 22, 86, 75, 38, 70, 24]"
1773,"[2, 89, 56, 83, 22, 75, 86, 38, 53, 70]"
1774,"[2, 56, 89, 86, 83, 22, 75, 53, 70, 61]"
1775,"[2, 89, 56, 83, 22, 86, 75, 53, 38, 70]"
1776,"[89, 56, 83, 86, 22, 75, 53, 38, 70, 18]"
1777,"[2, 89, 83, 86, 22, 75, 53, 70, 18, 24]"
1778,"[2, 89, 56, 83, 22, 86, 75, 38, 70, 18]"
1779,"[2, 89, 56, 83, 86, 22, 75, 53, 70, 38]"
1780,"[2, 56, 89, 86, 61, 22, 83, 50, 53, 75]"
1781,"[2, 56, 89, 86, 22, 83, 61, 53, 75, 70]"
1782,"[2, 56, 89, 83, 86, 75, 53, 70, 18, 61]"
1783,"[2, 89, 83, 22, 86, 75, 38, 53, 70, 24]"
1784,"[2, 89, 56, 83, 22, 86, 75, 38, 53, 70]"
1785,"[2, 56, 89, 86, 22, 61, 83, 53, 50, 75]"
1786,"[2, 56, 89, 83, 86, 22, 75, 53, 70, 61]"
1787,"[2, 89, 56, 83, 86, 22, 75, 53, 70, 38]"
1788,"[2, 56, 89, 61, 86, 22, 50, 83, 53, 90]"
1789,"[2, 89, 56, 83, 22, 86, 75, 38, 53, 70]"
1790,"[2, 89, 56, 83, 86, 22, 75, 53, 70, 38]"
1791,"[2, 56, 89, 86, 83, 22, 75, 53, 70, 61]"
1792,"[2, 89, 56, 83, 86, 22, 75, 53, 70, 38]"
1793,"[2, 56, 89, 86, 22, 61, 53, 75, 50, 70]"
1794,"[2, 89, 56, 83, 86, 22, 75, 53, 70, 38]"
1795,"[2, 56, 89, 86, 22, 61, 83, 53, 50, 75]"
1796,"[2, 89, 56, 83, 22, 86, 75, 38, 53, 70]"
1797,"[2, 89, 56, 83, 22, 86, 75, 38, 53, 70]"
1798,"[2, 56, 61, 50, 89, 86, 22, 90, 53, 83]"
1799,"[2, 56, 89, 86, 22, 83, 61, 53, 50, 75]"
1800,"[2, 89, 56, 83, 86, 22, 75, 53, 70, 38]"
1801,"[56, 89, 86, 22, 83, 53, 61, 70, 18, 38]"
1802,"[2, 89, 56, 83, 22, 86, 75, 53, 38, 70]"
1803,"[2, 56, 89, 61, 86, 22, 50, 83, 90, 75]"
1804,"[2, 89, 56, 83, 86, 22, 75, 53, 70, 38]"
1805,"[89, 56, 83, 22, 86, 75, 38, 53, 70, 18]"
1806,"[56, 89, 61, 86, 22, 50, 83, 53, 90, 75]"
1807,"[2, 56, 89, 83, 86, 22, 75, 53, 70, 18]"
1808,"[2, 56, 61, 89, 86, 22, 90, 53, 83, 75]"
1809,"[2, 89, 56, 83, 86, 22, 75, 53, 70, 38]"
1810,"[2, 89, 56, 83, 22, 75, 86, 38, 53, 70]"
1811,"[2, 89, 56, 83, 86, 22, 75, 53, 70, 38]"
1812,"[2, 89, 56, 83, 22, 86, 75, 53, 38, 70]"
1813,"[2, 89, 56, 83, 22, 86, 75, 53, 38, 70]"
1814,"[2, 89, 56, 83, 86, 22, 75, 53, 70, 38]"
1815,"[2, 89, 56, 83, 22, 86, 75, 53, 38, 70]"
1816,"[2, 89, 83, 56, 75, 22, 86, 38, 24, 53]"
1817,"[2, 56, 61, 50, 89, 86, 22, 90, 53, 83]"
1818,"[2, 89, 56, 83, 22, 86, 75, 38, 53, 70]"
1819,"[2, 89, 56, 83, 22, 86, 38, 53, 70, 24]"
1820,"[2, 89, 56, 83, 22, 86, 75, 38, 53, 70]"
1821,"[2, 56, 61, 86, 22, 50, 83, 53, 90, 75]"
1822,"[2, 89, 83, 22, 86, 75, 53, 38, 70, 18]"
1823,"[2, 56, 89, 86, 83, 22, 75, 53, 61, 70]"
1824,"[89, 56, 83, 86, 22, 53, 70, 38, 18, 24]"
1825,"[2, 56, 89, 86, 22, 83, 61, 53, 75, 50]"
1826,"[2, 56, 89, 83, 86, 22, 75, 53, 70, 61]"
1827,"[2, 89, 56, 83, 86, 22, 75, 53, 70, 38]"
1828,"[2, 56, 89, 61, 86, 22, 50, 83, 53, 90]"
1829,"[56, 89, 86, 83, 22, 75, 53, 70, 61, 18]"
1830,"[2, 89, 56, 83, 86, 22, 75, 53, 70, 38]"
1831,"[2, 89, 56, 83, 22, 75, 53, 38, 70, 18]"
1832,"[2, 89, 56, 83, 86, 22, 75, 53, 70, 18]"
1833,"[2, 89, 56, 83, 22, 86, 75, 38, 53, 70]"
1834,"[2, 89, 56, 83, 86, 22, 75, 53, 38, 70]"
1835,"[2, 56, 89, 86, 22, 83, 61, 53, 75, 50]"
1836,"[2, 89, 56, 83, 22, 86, 75, 38, 53, 70]"
1837,"[2, 89, 56, 83, 22, 86, 75, 38, 53, 70]"
1838,"[2, 56, 89, 86, 83, 22, 75, 53, 61, 70]"
1839,"[2, 89, 83, 56, 22, 75, 86, 38, 24, 53]"
1840,"[2, 89, 56, 83, 86, 22, 75, 53, 70, 18]"
1841,"[2, 56, 89, 86, 83, 22, 75, 53, 70, 61]"
1842,"[89, 56, 83, 86, 75, 38, 53, 70, 18, 96]"
1843,"[2, 89, 56, 83, 22, 86, 75, 38, 53, 70]"
1844,"[2, 56, 89, 86, 83, 61, 53, 75, 50, 70]"
1845,"[2, 89, 56, 83, 22, 86, 75, 38, 53, 70]"
1846,"[2, 56, 86, 22, 83, 61, 53, 50, 75, 70]"
1847,"[2, 89, 56, 83, 86, 22, 75, 53, 70, 38]"
1848,"[2, 56, 89, 61, 22, 83, 50, 53, 90, 75]"
1849,"[2, 89, 83, 86, 22, 75, 53, 70, 38, 18]"
1850,"[2, 89, 56, 83, 86, 22, 75, 53, 70, 38]"
1851,"[2, 56, 89, 83, 86, 22, 75, 53, 70, 18]"
1852,"[2, 56, 89, 86, 83, 22, 75, 53, 70, 61]"
1853,"[2, 56, 83, 22, 86, 75, 38, 70, 18, 24]"
1854,"[2, 89, 56, 83, 86, 22, 75, 53, 70, 38]"
1855,"[2, 56, 89, 86, 83, 22, 75, 53, 61, 70]"
1856,"[2, 56, 89, 61, 86, 22, 50, 83, 53, 90]"
1857,"[2, 89, 56, 83, 22, 86, 75, 38, 53, 70]"
1858,"[2, 89, 56, 83, 86, 22, 75, 38, 70, 18]"
1859,"[2, 56, 89, 86, 22, 83, 61, 53, 75, 50]"
1860,"[2, 89, 56, 83, 22, 86, 75, 53, 38, 70]"
1861,"[2, 89, 56, 83, 86, 22, 75, 53, 38, 70]"
1862,"[2, 56, 89, 86, 22, 83, 61, 53, 75, 50]"
1863,"[2, 56, 89, 61, 86, 22, 50, 83, 53, 90]"
1864,"[2, 89, 56, 83, 22, 86, 75, 38, 70, 18]"
1865,"[2, 89, 83, 22, 75, 86, 38, 24, 53, 70]"
1866,"[89, 56, 83, 22, 86, 75, 38, 53, 70, 18]"
1867,"[2, 89, 56, 83, 86, 22, 75, 53, 70, 38]"
1868,"[2, 89, 83, 22, 86, 75, 53, 38, 70, 18]"
1869,"[2, 89, 56, 22, 86, 75, 38, 53, 70, 18]"
1870,"[2, 56, 89, 86, 22, 83, 53, 75, 50, 70]"
1871,"[2, 56, 89, 61, 86, 22, 50, 83, 53, 90]"
1872,"[2, 56, 61, 50, 89, 86, 22, 90, 53, 83]"
1873,"[2, 56, 89, 86, 61, 22, 83, 50, 53, 75]"
1874,"[2, 89, 86, 22, 83, 53, 75, 61, 70, 50]"
1875,"[2, 56, 89, 86, 22, 83, 61, 53, 75, 50]"
1876,"[2, 89, 56, 83, 22, 86, 75, 38, 53, 70]"
1877,"[2, 89, 56, 83, 86, 22, 75, 53, 70, 18]"
1878,"[2, 89, 56, 83, 86, 22, 75, 53, 70, 38]"
1879,"[2, 56, 89, 61, 86, 22, 50, 83, 53, 90]"
1880,"[56, 89, 22, 61, 53, 75, 50, 70, 18, 90]"
1881,"[2, 89, 56, 83, 86, 22, 75, 53, 70, 38]"
1882,"[2, 56, 89, 86, 22, 61, 83, 53, 50, 75]"
1883,"[2, 89, 56, 83, 22, 75, 86, 38, 53, 70]"
1884,"[2, 89, 56, 83, 22, 86, 53, 70, 24, 18]"
1885,"[2, 89, 56, 83, 86, 22, 75, 53, 38, 70]"
1886,"[2, 89, 56, 83, 22, 86, 75, 53, 38, 70]"
1887,"[2, 89, 56, 83, 22, 86, 75, 38, 53, 70]"
1888,"[2, 89, 56, 22, 86, 75, 38, 70, 18, 24]"
1889,"[2, 56, 89, 61, 86, 22, 50, 83, 53, 90]"
1890,"[2, 89, 56, 83, 86, 22, 75, 53, 70, 18]"
1891,"[2, 56, 89, 86, 22, 83, 53, 75, 61, 50]"
1892,"[2, 56, 89, 86, 83, 75, 53, 70, 61, 18]"
1893,"[2, 56, 89, 86, 22, 83, 61, 53, 50, 75]"
1894,"[2, 56, 89, 83, 86, 22, 75, 53, 70, 61]"
1895,"[2, 56, 89, 86, 22, 83, 61, 53, 75, 50]"
1896,"[2, 89, 83, 56, 22, 75, 86, 38, 53, 24]"
1897,"[2, 89, 56, 83, 22, 86, 75, 38, 53, 70]"
1898,"[2, 56, 89, 86, 22, 83, 53, 75, 61, 70]"
1899,"[2, 89, 56, 83, 22, 86, 75, 53, 70, 18]"
1900,"[2, 89, 56, 83, 22, 86, 75, 38, 53, 70]"
1901,"[2, 89, 56, 83, 22, 86, 75, 38, 53, 70]"
1902,"[89, 56, 83, 22, 86, 75, 38, 53, 18, 96]"
1903,"[2, 89, 56, 83, 86, 22, 75, 53, 70, 38]"
1904,"[2, 89, 56, 83, 22, 75, 86, 38, 53, 70]"
1905,"[2, 56, 89, 86, 22, 61, 83, 53, 50, 75]"
1906,"[2, 56, 89, 86, 83, 22, 75, 53, 70, 61]"
1907,"[2, 89, 83, 56, 75, 22, 38, 86, 24, 70]"
1908,"[2, 56, 89, 86, 83, 22, 75, 53, 70, 61]"
1909,"[89, 56, 83, 22, 53, 38, 70, 18, 24, 96]"
1910,"[2, 89, 56, 83, 86, 22, 75, 53, 70, 18]"
1911,"[2, 56, 89, 86, 22, 83, 61, 53, 75, 50]"
1912,"[2, 56, 89, 61, 86, 22, 50, 83, 90, 75]"
1913,"[2, 56, 89, 61, 86, 22, 50, 83, 53, 90]"
1914,"[2, 89, 56, 83, 22, 86, 75, 53, 38, 70]"
1915,"[2, 56, 89, 86, 83, 22, 75, 70, 61, 18]"
1916,"[56, 89, 61, 86, 22, 50, 83, 53, 90, 75]"
1917,"[2, 89, 56, 83, 22, 86, 75, 53, 38, 70]"
1918,"[2, 89, 56, 83, 86, 22, 75, 53, 38, 18]"
1919,"[2, 89, 56, 83, 22, 75, 53, 70, 38, 24]"
1920,"[2, 89, 56, 83, 22, 86, 75, 38, 53, 70]"
1921,"[2, 89, 56, 83, 22, 86, 75, 53, 70, 18]"
1922,"[2, 89, 56, 83, 86, 22, 75, 53, 70, 18]"
1923,"[2, 56, 89, 86, 22, 83, 53, 75, 70, 50]"
1924,"[2, 56, 89, 86, 83, 61, 53, 75, 50, 70]"
1925,"[2, 56, 89, 50, 86, 22, 90, 53, 83, 75]"
1926,"[2, 89, 56, 83, 86, 22, 75, 53, 70, 38]"
1927,"[2, 56, 89, 86, 22, 83, 53, 75, 61, 70]"
1928,"[2, 56, 89, 86, 22, 50, 83, 53, 90, 75]"
1929,"[2, 89, 56, 86, 22, 75, 53, 70, 38, 18]"
1930,"[2, 89, 56, 83, 22, 86, 75, 53, 38, 70]"
1931,"[2, 56, 89, 86, 22, 83, 61, 53, 75, 50]"
1932,"[2, 89, 56, 83, 22, 86, 75, 53, 38, 70]"
1933,"[2, 56, 89, 86, 83, 22, 53, 70, 61, 18]"
1934,"[2, 89, 56, 83, 22, 86, 75, 53, 38, 70]"
1935,"[2, 89, 56, 83, 22, 86, 75, 53, 38, 70]"
1936,"[2, 56, 83, 86, 22, 75, 53, 70, 38, 61]"
1937,"[2, 89, 56, 83, 86, 22, 75, 53, 70, 18]"
1938,"[2, 56, 83, 22, 86, 75, 53, 38, 18, 24]"
1939,"[2, 56, 89, 86, 83, 22, 75, 53, 61, 70]"
1940,"[2, 89, 83, 56, 75, 22, 38, 86, 24, 53]"
1941,"[2, 89, 83, 56, 75, 22, 38, 86, 24, 70]"
1942,"[2, 89, 56, 83, 86, 22, 75, 53, 70, 38]"
1943,"[2, 56, 89, 86, 83, 22, 75, 53, 70, 61]"
1944,"[2, 89, 83, 86, 22, 75, 53, 70, 38, 24]"
1945,"[2, 89, 56, 83, 22, 86, 75, 53, 38, 18]"
1946,"[2, 56, 83, 86, 22, 75, 53, 70, 18, 38]"
1947,"[2, 56, 89, 86, 83, 22, 75, 53, 70, 61]"
1948,"[2, 89, 56, 83, 22, 86, 75, 53, 38, 70]"
1949,"[2, 89, 56, 83, 22, 86, 75, 38, 53, 70]"
1950,"[2, 56, 89, 61, 86, 22, 50, 83, 53, 90]"
1951,"[2, 56, 89, 61, 86, 50, 22, 53, 83, 90]"
1952,"[2, 89, 56, 83, 86, 22, 75, 53, 70, 38]"
1953,"[2, 89, 56, 83, 22, 86, 75, 53, 38, 70]"
1954,"[2, 89, 56, 83, 86, 22, 75, 53, 70, 38]"
1955,"[2, 56, 89, 83, 86, 22, 75, 53, 70, 61]"
1956,"[2, 89, 56, 83, 22, 86, 75, 53, 38, 70]"
1957,"[2, 89, 83, 22, 86, 75, 53, 38, 70, 18]"
1958,"[2, 89, 56, 83, 86, 22, 75, 53, 70, 38]"
1959,"[2, 56, 89, 86, 22, 83, 61, 53, 75, 50]"
1960,"[2, 56, 89, 86, 22, 83, 53, 75, 61, 70]"
1961,"[2, 89, 83, 22, 86, 75, 53, 70, 24, 18]"
1962,"[2, 89, 56, 22, 86, 75, 53, 38, 70, 18]"
1963,"[2, 89, 56, 83, 22, 86, 75, 38, 53, 70]"
1964,"[2, 89, 56, 83, 86, 22, 75, 53, 70, 38]"
1965,"[2, 89, 56, 83, 86, 22, 75, 53, 70, 38]"
1966,"[2, 89, 56, 83, 22, 86, 75, 38, 53, 18]"
1967,"[2, 89, 83, 22, 86, 75, 53, 18, 24, 96]"
1968,"[2, 89, 56, 83, 22, 86, 75, 53, 38, 18]"
1969,"[2, 89, 56, 83, 86, 22, 75, 53, 70, 38]"
1970,"[2, 89, 56, 83, 22, 75, 86, 38, 53, 70]"
1971,"[2, 89, 56, 83, 86, 22, 75, 53, 38, 18]"
1972,"[2, 56, 89, 22, 83, 61, 53, 75, 50, 70]"
1973,"[2, 89, 56, 83, 86, 22, 53, 70, 18, 38]"
1974,"[2, 89, 56, 83, 86, 22, 75, 53, 70, 38]"
1975,"[2, 89, 83, 22, 86, 75, 38, 70, 18, 96]"
1976,"[2, 89, 56, 83, 86, 75, 53, 38, 70, 18]"
1977,"[2, 56, 86, 83, 22, 75, 53, 61, 70, 18]"
1978,"[2, 56, 89, 86, 83, 22, 75, 53, 70, 61]"
1979,"[2, 56, 89, 61, 86, 22, 50, 83, 53, 90]"
1980,"[2, 89, 56, 83, 22, 86, 75, 38, 70, 18]"
1981,"[2, 89, 56, 83, 22, 86, 75, 38, 53, 70]"
1982,"[2, 56, 89, 86, 83, 22, 53, 75, 61, 70]"
1983,"[2, 89, 83, 56, 75, 22, 38, 86, 24, 53]"
1984,"[2, 56, 89, 86, 22, 83, 53, 75, 61, 70]"
1985,"[2, 56, 89, 86, 83, 22, 75, 53, 70, 61]"
1986,"[2, 89, 56, 83, 86, 22, 75, 53, 70, 38]"
1987,"[2, 56, 89, 61, 86, 22, 50, 83, 53, 90]"
1988,"[2, 89, 56, 22, 86, 75, 53, 38, 70, 18]"
1989,"[2, 56, 89, 86, 22, 83, 61, 53, 75, 50]"
1990,"[2, 89, 56, 83, 86, 22, 75, 53, 70, 18]"
1991,"[2, 89, 56, 83, 86, 22, 75, 53, 70, 38]"
1992,"[2, 89, 56, 83, 22, 86, 75, 38, 53, 70]"
1993,"[2, 89, 56, 83, 22, 86, 75, 38, 53, 70]"
1994,"[2, 56, 89, 61, 86, 22, 50, 83, 53, 90]"
1995,"[2, 89, 56, 83, 22, 86, 75, 53, 38, 70]"
1996,"[2, 89, 83, 86, 22, 75, 53, 70, 38, 18]"
1997,"[2, 89, 56, 83, 86, 22, 75, 53, 70, 18]"
1998,"[2, 89, 56, 83, 22, 86, 75, 53, 38, 70]"
1999,"[2, 89, 56, 83, 86, 75, 38, 70, 24, 96]"
2000,"[2, 89, 56, 83, 22, 86, 75, 53, 38, 70]"
2001,"[2, 56, 89, 86, 83, 22, 75, 53, 61, 70]"
2002,"[89, 56, 83, 22, 86, 75, 53, 70, 18, 24]"
2003,"[2, 56, 89, 61, 86, 22, 50, 83, 53, 90]"
2004,"[2, 89, 56, 83, 22, 86, 75, 53, 38, 70]"
2005,"[2, 89, 56, 83, 86, 22, 75, 53, 70, 24]"
2006,"[2, 56, 89, 61, 86, 22, 50, 83, 53, 90]"
2007,"[2, 89, 83, 56, 22, 75, 86, 38, 53, 70]"
2008,"[2, 89, 56, 83, 86, 22, 75, 53, 70, 38]"
2009,"[2, 89, 56, 83, 86, 22, 75, 53, 70, 38]"
2010,"[2, 56, 89, 86, 83, 53, 75, 50, 70, 18]"
2011,"[2, 56, 83, 86, 22, 75, 53, 70, 38, 18]"
2012,"[2, 89, 56, 83, 86, 22, 75, 53, 70, 18]"
2013,"[2, 56, 89, 86, 83, 22, 53, 75, 61, 70]"
2014,"[2, 89, 56, 83, 22, 86, 75, 38, 53, 70]"
2015,"[2, 89, 56, 83, 86, 22, 75, 53, 70, 38]"
2016,"[2, 89, 56, 83, 22, 86, 38, 53, 70, 24]"
2017,"[2, 83, 75, 53, 70, 38, 18, 61, 24, 50]"
2018,"[2, 89, 83, 56, 22, 75, 86, 38, 53, 70]"
2019,"[2, 89, 56, 83, 86, 75, 53, 38, 70, 24]"
2020,"[2, 89, 56, 83, 86, 22, 75, 53, 70, 18]"
2021,"[2, 89, 56, 83, 22, 86, 75, 38, 53, 70]"
2022,"[2, 56, 89, 86, 22, 83, 61, 53, 75, 50]"
2023,"[2, 89, 56, 83, 22, 86, 75, 53, 38, 70]"
2024,"[2, 56, 89, 86, 22, 83, 61, 53, 75, 50]"
2025,"[2, 56, 83, 86, 22, 75, 53, 70, 38, 18]"
2026,"[2, 89, 56, 83, 86, 22, 75, 53, 70, 38]"
2027,"[2, 56, 83, 22, 86, 75, 53, 38, 18, 24]"
2028,"[2, 89, 56, 83, 22, 86, 38, 53, 70, 24]"
2029,"[2, 56, 89, 86, 22, 61, 83, 53, 50, 75]"
2030,"[2, 56, 89, 86, 22, 61, 53, 75, 50, 70]"
2031,"[2, 56, 89, 86, 22, 83, 61, 53, 75, 50]"
2032,"[2, 89, 56, 83, 86, 22, 75, 70, 38, 18]"
2033,"[2, 89, 56, 83, 22, 86, 75, 53, 38, 18]"
2034,"[2, 56, 61, 50, 89, 86, 22, 90, 53, 83]"
2035,"[2, 56, 61, 89, 86, 50, 22, 53, 90, 83]"
2036,"[2, 56, 89, 86, 22, 83, 61, 53, 75, 70]"
2037,"[2, 56, 89, 83, 86, 22, 75, 53, 70, 61]"
2038,"[2, 89, 83, 86, 22, 75, 53, 70, 38, 18]"
2039,"[2, 89, 56, 83, 86, 22, 75, 53, 70, 38]"
2040,"[2, 89, 83, 56, 22, 75, 86, 38, 53, 24]"
2041,"[2, 89, 56, 83, 86, 22, 75, 53, 70, 18]"
2042,"[2, 89, 56, 83, 86, 22, 75, 53, 70, 38]"
2043,"[2, 89, 56, 83, 86, 22, 75, 70, 38, 18]"
2044,"[2, 89, 56, 83, 86, 22, 75, 53, 38, 70]"
2045,"[2, 89, 56, 83, 86, 22, 75, 70, 38, 18]"
2046,"[2, 89, 83, 56, 75, 22, 38, 86, 24, 53]"
2047,"[2, 89, 56, 83, 22, 86, 75, 53, 38, 70]"
2048,"[2, 89, 83, 56, 22, 75, 86, 38, 24, 53]"
2049,"[2, 89, 56, 83, 22, 86, 75, 53, 38, 70]"
2050,"[2, 89, 56, 83, 86, 22, 75, 53, 70, 18]"
2051,"[2, 56, 86, 83, 22, 75, 53, 70, 61, 18]"
2052,"[2, 56, 89, 61, 86, 22, 50, 83, 53, 90]"
2053,"[2, 56, 89, 86, 22, 61, 83, 53, 50, 75]"
2054,"[2, 89, 56, 83, 86, 22, 75, 53, 70, 38]"
2055,"[2, 89, 56, 83, 86, 22, 75, 53, 38, 18]"
2056,"[2, 89, 83, 56, 22, 75, 86, 38, 24, 70]"
2057,"[2, 56, 83, 86, 22, 75, 53, 70, 61, 18]"
2058,"[2, 56, 89, 86, 22, 83, 61, 53, 75, 50]"
2059,"[2, 89, 56, 83, 86, 22, 75, 53, 70, 38]"
2060,"[2, 56, 61, 89, 86, 50, 22, 90, 53, 83]"
2061,"[2, 56, 86, 83, 22, 53, 61, 70, 18, 50]"
2062,"[2, 56, 89, 86, 83, 22, 75, 53, 70, 61]"
2063,"[89, 56, 83, 86, 22, 75, 53, 70, 38, 18]"
2064,"[2, 89, 56, 83, 86, 22, 75, 53, 70, 18]"
2065,"[2, 89, 56, 83, 22, 75, 86, 38, 53, 70]"
2066,"[89, 56, 22, 86, 38, 53, 70, 24, 18, 96]"
2067,"[2, 56, 89, 86, 22, 61, 83, 53, 50, 75]"
2068,"[2, 89, 56, 83, 22, 75, 53, 70, 38, 18]"
2069,"[2, 89, 56, 83, 22, 86, 75, 53, 38, 70]"
2070,"[2, 89, 56, 83, 22, 75, 53, 70, 38, 18]"
2071,"[2, 56, 89, 83, 86, 22, 75, 53, 70, 18]"
2072,"[2, 89, 56, 83, 86, 22, 75, 53, 70, 38]"
2073,"[2, 56, 89, 61, 86, 22, 50, 53, 90, 75]"
2074,"[2, 56, 89, 61, 86, 22, 50, 83, 53, 90]"
2075,"[89, 56, 83, 22, 86, 75, 53, 38, 70, 18]"
2076,"[2, 89, 56, 83, 22, 86, 75, 53, 38, 70]"
2077,"[2, 89, 56, 83, 22, 86, 75, 53, 70, 18]"
2078,"[2, 89, 56, 83, 22, 75, 53, 70, 61, 50]"
2079,"[2, 89, 56, 86, 22, 75, 53, 70, 38, 18]"
2080,"[2, 56, 61, 89, 86, 50, 22, 53, 90, 83]"
2081,"[2, 56, 89, 86, 83, 22, 75, 53, 70, 61]"
2082,"[2, 56, 89, 86, 83, 22, 53, 75, 61, 70]"
2083,"[2, 89, 56, 83, 22, 86, 75, 38, 53, 70]"
2084,"[2, 56, 89, 83, 86, 22, 75, 53, 70, 61]"
2085,"[2, 83, 22, 86, 75, 38, 53, 18, 24, 96]"
2086,"[2, 56, 89, 86, 22, 83, 53, 75, 61, 70]"
2087,"[2, 89, 56, 83, 22, 86, 75, 38, 70, 18]"
2088,"[2, 89, 56, 83, 86, 22, 75, 53, 70, 38]"
2089,"[2, 89, 56, 83, 22, 86, 75, 38, 53, 70]"
2090,"[2, 56, 61, 50, 89, 86, 22, 90, 53, 83]"
2091,"[2, 56, 89, 61, 86, 22, 50, 83, 53, 90]"
2092,"[56, 89, 86, 61, 22, 83, 50, 53, 90, 75]"
2093,"[2, 56, 89, 86, 83, 22, 75, 53, 70, 61]"
2094,"[2, 89, 56, 83, 86, 22, 75, 53, 70, 38]"
2095,"[2, 89, 56, 83, 22, 86, 75, 53, 38, 70]"
2096,"[2, 89, 56, 83, 22, 86, 75, 53, 38, 70]"
2097,"[89, 56, 83, 22, 86, 75, 38, 53, 70, 18]"
2098,"[2, 89, 56, 83, 22, 75, 38, 53, 70, 18]"
2099,"[2, 89, 56, 83, 86, 22, 75, 53, 70, 38]"
2100,"[2, 89, 83, 56, 22, 75, 86, 38, 53, 24]"
2101,"[2, 56, 83, 86, 22, 75, 53, 38, 70, 18]"
2102,"[2, 56, 89, 61, 86, 22, 50, 83, 53, 90]"
2103,"[2, 89, 56, 83, 86, 22, 75, 53, 70, 38]"
2104,"[2, 56, 89, 83, 86, 22, 75, 53, 70, 61]"
2105,"[2, 89, 56, 83, 22, 86, 75, 53, 38, 70]"
2106,"[2, 89, 56, 83, 86, 22, 75, 53, 70, 38]"
2107,"[2, 56, 86, 22, 83, 61, 53, 75, 50, 70]"
2108,"[56, 89, 86, 83, 61, 53, 75, 50, 70, 90]"
2109,"[2, 89, 56, 83, 22, 86, 75, 53, 38, 18]"
2110,"[2, 89, 56, 83, 86, 22, 75, 53, 38, 18]"
2111,"[2, 89, 56, 83, 22, 86, 75, 53, 38, 70]"
2112,"[2, 56, 89, 86, 22, 83, 61, 53, 75, 50]"
2113,"[2, 89, 56, 86, 22, 75, 53, 70, 38, 18]"
2114,"[2, 89, 56, 83, 22, 86, 53, 38, 70, 18]"
2115,"[2, 56, 89, 83, 86, 22, 75, 53, 70, 61]"
2116,"[2, 56, 89, 86, 22, 83, 61, 53, 75, 50]"
2117,"[2, 56, 89, 83, 86, 22, 53, 70, 18, 61]"
2118,"[2, 89, 56, 83, 22, 86, 75, 53, 38, 70]"
2119,"[2, 56, 86, 83, 22, 75, 53, 70, 61, 18]"
2120,"[2, 56, 89, 86, 22, 61, 83, 53, 50, 75]"
2121,"[2, 89, 56, 83, 86, 22, 75, 53, 70, 38]"
2122,"[2, 56, 89, 22, 83, 61, 53, 75, 70, 50]"
2123,"[2, 89, 56, 83, 22, 86, 53, 38, 70, 18]"
2124,"[2, 89, 56, 83, 86, 22, 75, 53, 70, 18]"
2125,"[2, 89, 56, 83, 22, 86, 75, 38, 53, 70]"
2126,"[2, 56, 83, 22, 86, 75, 38, 53, 70, 24]"
2127,"[2, 89, 83, 56, 75, 38, 22, 86, 24, 96]"
2128,"[2, 89, 56, 83, 22, 75, 86, 38, 53, 70]"
2129,"[2, 89, 56, 83, 22, 86, 75, 38, 53, 70]"
2130,"[2, 56, 89, 86, 22, 83, 61, 53, 75, 50]"
2131,"[2, 89, 56, 83, 22, 86, 75, 38, 53, 70]"
2132,"[2, 89, 56, 83, 22, 86, 75, 53, 38, 70]"
2133,"[2, 56, 83, 86, 75, 38, 53, 70, 18, 24]"
2134,"[2, 89, 56, 86, 75, 38, 53, 70, 24, 18]"
2135,"[2, 89, 56, 83, 86, 22, 75, 53, 70, 38]"
2136,"[89, 56, 83, 86, 22, 75, 38, 70, 18, 24]"
2137,"[2, 56, 89, 83, 86, 22, 75, 53, 70, 18]"
2138,"[89, 83, 86, 22, 75, 53, 70, 38, 18, 61]"
2139,"[2, 89, 56, 83, 86, 22, 53, 70, 38, 18]"
2140,"[2, 89, 56, 83, 86, 22, 75, 53, 70, 18]"
2141,"[2, 56, 89, 86, 22, 83, 61, 53, 75, 50]"
2142,"[2, 56, 89, 22, 83, 53, 75, 61, 70, 50]"
2143,"[2, 56, 89, 86, 83, 22, 53, 75, 61, 70]"
2144,"[2, 56, 89, 86, 61, 83, 50, 53, 90, 75]"
2145,"[2, 89, 56, 83, 22, 86, 75, 38, 53, 70]"
2146,"[89, 56, 83, 22, 86, 75, 38, 53, 70, 18]"
2147,"[2, 56, 89, 86, 83, 22, 75, 53, 70, 61]"
2148,"[2, 56, 83, 86, 22, 75, 53, 38, 70, 18]"
2149,"[2, 56, 89, 86, 22, 83, 61, 53, 75, 50]"
2150,"[2, 89, 56, 83, 22, 86, 75, 53, 38, 70]"
2151,"[2, 89, 56, 83, 86, 22, 75, 53, 70, 38]"
2152,"[2, 56, 61, 50, 89, 86, 22, 90, 53, 83]"
2153,"[2, 89, 56, 83, 22, 86, 75, 53, 38, 70]"
2154,"[2, 56, 89, 86, 22, 83, 61, 53, 75, 50]"
2155,"[2, 89, 56, 83, 22, 86, 75, 53, 38, 70]"
2156,"[2, 89, 56, 83, 86, 22, 75, 53, 70, 18]"
2157,"[2, 89, 56, 83, 86, 22, 75, 53, 70, 38]"
2158,"[2, 56, 89, 61, 86, 22, 50, 83, 53, 90]"
2159,"[2, 56, 89, 86, 22, 83, 61, 53, 75, 50]"
2160,"[2, 89, 56, 83, 22, 86, 75, 38, 70, 24]"
2161,"[2, 56, 89, 86, 22, 83, 61, 53, 75, 50]"
2162,"[2, 89, 56, 83, 86, 22, 75, 53, 70, 38]"
2163,"[2, 56, 89, 86, 83, 22, 53, 75, 61, 70]"
2164,"[2, 56, 83, 22, 86, 75, 38, 53, 70, 18]"
2165,"[2, 89, 56, 83, 22, 86, 75, 53, 38, 70]"
2166,"[2, 89, 56, 83, 75, 53, 38, 70, 18, 24]"
2167,"[2, 56, 89, 61, 86, 22, 50, 83, 53, 90]"
2168,"[2, 56, 89, 86, 22, 61, 53, 75, 50, 70]"
2169,"[2, 89, 56, 83, 22, 86, 75, 38, 53, 18]"
2170,"[2, 89, 83, 86, 22, 75, 53, 70, 18, 61]"
2171,"[2, 56, 89, 86, 22, 83, 61, 53, 75, 50]"
2172,"[2, 56, 83, 86, 22, 75, 53, 70, 18, 38]"
2173,"[2, 89, 56, 83, 22, 86, 75, 38, 53, 70]"
2174,"[2, 56, 89, 86, 22, 83, 61, 53, 75, 70]"
2175,"[2, 89, 56, 83, 86, 22, 75, 53, 70, 38]"
2176,"[2, 89, 56, 83, 86, 22, 75, 53, 38, 70]"
2177,"[2, 89, 56, 83, 22, 86, 75, 38, 53, 70]"
2178,"[2, 89, 56, 83, 22, 86, 75, 53, 38, 70]"
2179,"[2, 56, 89, 86, 61, 22, 83, 50, 53, 75]"
2180,"[89, 56, 83, 86, 22, 75, 53, 38, 70, 18]"
2181,"[2, 56, 89, 86, 22, 83, 61, 53, 75, 50]"
2182,"[2, 56, 89, 61, 86, 22, 50, 83, 53, 75]"
2183,"[2, 89, 83, 56, 22, 75, 86, 38, 53, 24]"
2184,"[2, 89, 86, 22, 83, 61, 53, 75, 50, 70]"
2185,"[2, 56, 89, 86, 22, 83, 61, 53, 75, 50]"
2186,"[2, 56, 89, 61, 86, 22, 83, 53, 90, 75]"
2187,"[2, 89, 56, 83, 86, 22, 75, 53, 70, 38]"
2188,"[2, 89, 56, 83, 22, 86, 75, 38, 53, 70]"
2189,"[2, 56, 22, 83, 53, 75, 61, 70, 50, 18]"
2190,"[2, 89, 56, 83, 22, 86, 75, 53, 38, 70]"
2191,"[2, 56, 83, 22, 86, 75, 38, 53, 70, 24]"
2192,"[2, 89, 56, 83, 86, 75, 53, 70, 18, 38]"
2193,"[2, 56, 89, 86, 22, 83, 61, 53, 75, 50]"
2194,"[2, 89, 56, 83, 86, 75, 53, 38, 70, 18]"
2195,"[2, 89, 56, 83, 86, 22, 53, 70, 38, 24]"
2196,"[2, 89, 56, 83, 22, 86, 75, 53, 38, 70]"
2197,"[2, 56, 89, 86, 22, 83, 61, 53, 50, 70]"
2198,"[2, 56, 89, 86, 22, 83, 61, 53, 75, 50]"
2199,"[2, 89, 56, 83, 86, 22, 75, 53, 70, 38]"
2200,"[2, 89, 83, 22, 86, 75, 53, 38, 70, 18]"
2201,"[2, 56, 89, 86, 83, 22, 53, 75, 61, 70]"
2202,"[2, 89, 56, 83, 86, 22, 75, 53, 70, 38]"
2203,"[2, 56, 89, 86, 22, 83, 53, 75, 61, 70]"
2204,"[56, 89, 86, 22, 83, 61, 53, 75, 50, 70]"
2205,"[56, 89, 86, 22, 75, 70, 61, 18, 38, 50]"
2206,"[2, 89, 56, 83, 22, 75, 53, 38, 70, 18]"
2207,"[2, 56, 89, 86, 22, 83, 61, 53, 75, 50]"
2208,"[89, 83, 22, 86, 75, 53, 38, 70, 18, 24]"
2209,"[2, 89, 56, 83, 86, 22, 75, 53, 70, 38]"
2210,"[2, 89, 56, 83, 22, 86, 75, 38, 53, 70]"
2211,"[2, 89, 56, 83, 22, 86, 75, 38, 53, 70]"
2212,"[2, 56, 83, 86, 22, 75, 53, 70, 38, 18]"
2213,"[2, 56, 61, 50, 86, 22, 90, 53, 83, 75]"
2214,"[2, 89, 56, 83, 22, 86, 75, 53, 38, 70]"
2215,"[2, 89, 56, 83, 22, 75, 86, 38, 53, 70]"
2216,"[56, 61, 50, 89, 86, 22, 90, 53, 83, 75]"
2217,"[2, 56, 89, 83, 86, 22, 75, 53, 70, 61]"
2218,"[2, 89, 56, 83, 86, 22, 75, 53, 70, 18]"
2219,"[2, 56, 89, 86, 83, 22, 53, 75, 61, 70]"
2220,"[2, 56, 89, 83, 86, 22, 75, 53, 70, 61]"
2221,"[2, 89, 56, 83, 22, 86, 75, 38, 53, 70]"
2222,"[2, 89, 56, 83, 86, 22, 75, 53, 70, 38]"
2223,"[2, 89, 56, 83, 86, 22, 75, 53, 70, 38]"
2224,"[2, 89, 56, 83, 22, 86, 75, 53, 38, 70]"
2225,"[2, 89, 56, 83, 86, 22, 75, 53, 70, 38]"
2226,"[2, 89, 56, 83, 86, 22, 75, 53, 70, 38]"
2227,"[2, 89, 86, 83, 53, 75, 61, 70, 18, 50]"
2228,"[2, 89, 56, 83, 86, 22, 75, 53, 70, 38]"
2229,"[2, 56, 89, 61, 86, 22, 50, 83, 53, 90]"
2230,"[2, 89, 56, 83, 22, 86, 75, 53, 38, 18]"
2231,"[2, 89, 56, 83, 86, 22, 75, 53, 70, 38]"
2232,"[2, 89, 56, 83, 86, 22, 53, 38, 70, 18]"
2233,"[2, 56, 61, 50, 89, 86, 22, 90, 53, 83]"
2234,"[2, 89, 56, 83, 22, 86, 75, 38, 53, 70]"
2235,"[2, 89, 56, 83, 86, 22, 75, 53, 70, 38]"
2236,"[2, 56, 83, 22, 86, 75, 38, 53, 70, 18]"
2237,"[2, 56, 89, 86, 83, 22, 53, 61, 70, 18]"
2238,"[2, 89, 56, 83, 86, 22, 75, 53, 70, 38]"
2239,"[2, 89, 56, 83, 86, 22, 53, 70, 38, 18]"
2240,"[2, 56, 89, 83, 86, 22, 75, 53, 70, 18]"
2241,"[2, 89, 56, 83, 86, 22, 53, 70, 38, 18]"
2242,"[2, 56, 22, 86, 75, 38, 53, 70, 18, 24]"
2243,"[2, 56, 89, 86, 22, 83, 61, 53, 75, 50]"
2244,"[2, 56, 89, 61, 86, 22, 50, 83, 53, 90]"
2245,"[2, 89, 56, 83, 22, 86, 75, 38, 53, 70]"
2246,"[2, 56, 89, 86, 83, 22, 75, 53, 70, 18]"
2247,"[2, 56, 89, 86, 22, 83, 53, 61, 75, 70]"
2248,"[2, 89, 56, 83, 86, 75, 38, 53, 70, 18]"
2249,"[2, 89, 56, 83, 22, 86, 75, 38, 53, 70]"
2250,"[2, 89, 83, 56, 75, 22, 38, 86, 24, 53]"
2251,"[2, 89, 56, 83, 22, 86, 75, 38, 53, 70]"
2252,"[2, 89, 56, 83, 86, 22, 75, 53, 70, 38]"
2253,"[2, 89, 56, 83, 86, 22, 75, 53, 70, 38]"
2254,"[89, 56, 83, 86, 22, 75, 53, 70, 38, 61]"
2255,"[2, 56, 89, 86, 22, 83, 61, 53, 75, 50]"
2256,"[2, 56, 89, 86, 22, 83, 53, 75, 70, 18]"
2257,"[2, 89, 56, 83, 86, 22, 75, 53, 70, 38]"
2258,"[2, 89, 56, 83, 86, 22, 75, 53, 70, 18]"
2259,"[2, 89, 56, 83, 22, 86, 75, 53, 38, 70]"
2260,"[2, 56, 89, 86, 22, 83, 61, 53, 75, 50]"
2261,"[2, 56, 86, 22, 83, 61, 53, 75, 50, 70]"
2262,"[2, 56, 89, 86, 22, 83, 61, 53, 75, 70]"
2263,"[2, 56, 89, 83, 86, 22, 75, 53, 70, 61]"
2264,"[2, 56, 89, 86, 22, 83, 61, 53, 50, 75]"
2265,"[2, 89, 56, 83, 86, 22, 75, 53, 70, 38]"
2266,"[2, 89, 56, 83, 86, 22, 75, 53, 70, 38]"
2267,"[2, 56, 61, 50, 89, 22, 90, 53, 83, 75]"
2268,"[2, 56, 89, 86, 22, 83, 61, 53, 75, 50]"
2269,"[2, 56, 61, 50, 89, 86, 22, 90, 53, 83]"
2270,"[56, 89, 86, 83, 22, 75, 53, 70, 61, 18]"
2271,"[2, 56, 89, 86, 22, 61, 83, 53, 50, 75]"
2272,"[2, 89, 56, 83, 22, 75, 53, 70, 38, 18]"
2273,"[2, 56, 89, 22, 83, 61, 53, 75, 50, 70]"
2274,"[2, 89, 56, 83, 86, 22, 75, 53, 70, 18]"
2275,"[2, 56, 89, 86, 22, 61, 83, 53, 50, 75]"
2276,"[2, 89, 56, 83, 22, 75, 86, 38, 53, 70]"
2277,"[2, 56, 89, 86, 61, 22, 83, 50, 53, 75]"
2278,"[2, 89, 56, 83, 22, 86, 38, 53, 70, 18]"
2279,"[2, 89, 56, 83, 22, 86, 75, 38, 70, 18]"
2280,"[2, 89, 56, 83, 22, 86, 75, 38, 53, 18]"
2281,"[2, 56, 89, 86, 83, 22, 75, 53, 61, 70]"
2282,"[2, 56, 89, 86, 22, 83, 61, 53, 75, 50]"
2283,"[2, 89, 56, 83, 86, 22, 75, 53, 70, 38]"
2284,"[2, 56, 83, 86, 22, 75, 53, 70, 38, 18]"
2285,"[2, 89, 56, 83, 86, 22, 75, 70, 38, 24]"
2286,"[2, 89, 56, 83, 22, 86, 75, 70, 24, 96]"
2287,"[2, 56, 89, 86, 22, 83, 61, 53, 75, 50]"
2288,"[2, 56, 89, 86, 22, 83, 61, 53, 75, 50]"
2289,"[2, 89, 56, 83, 86, 22, 75, 53, 70, 38]"
2290,"[89, 56, 83, 22, 86, 75, 53, 38, 70, 18]"
2291,"[2, 56, 61, 50, 89, 86, 22, 90, 53, 83]"
2292,"[2, 89, 56, 83, 22, 86, 75, 53, 38, 70]"
2293,"[2, 89, 56, 83, 86, 22, 75, 53, 70, 38]"
2294,"[2, 89, 56, 83, 86, 22, 75, 70, 38, 18]"
2295,"[2, 56, 89, 86, 83, 22, 53, 75, 61, 70]"
2296,"[2, 56, 89, 86, 83, 22, 75, 53, 61, 70]"
2297,"[2, 89, 56, 83, 22, 86, 75, 38, 70, 18]"
2298,"[89, 56, 83, 22, 86, 75, 38, 53, 70, 18]"
2299,"[2, 89, 56, 83, 22, 86, 75, 38, 70, 18]"
2300,"[2, 89, 83, 86, 22, 75, 53, 38, 70, 18]"
2301,"[56, 89, 86, 61, 22, 83, 50, 53, 90, 75]"
2302,"[2, 89, 56, 83, 22, 75, 70, 38, 18, 24]"
2303,"[2, 89, 56, 83, 86, 22, 75, 53, 70, 38]"
2304,"[2, 89, 56, 83, 86, 22, 75, 53, 70, 18]"
2305,"[2, 56, 89, 86, 83, 22, 75, 53, 70, 61]"
2306,"[2, 89, 56, 83, 22, 86, 75, 38, 53, 70]"
2307,"[2, 89, 56, 83, 22, 86, 75, 53, 38, 70]"
2308,"[2, 89, 56, 83, 22, 86, 38, 53, 70, 24]"
2309,"[2, 56, 89, 61, 86, 50, 83, 53, 90, 75]"
2310,"[2, 89, 56, 83, 86, 22, 75, 53, 70, 38]"
2311,"[89, 56, 83, 22, 86, 75, 38, 53, 70, 18]"
2312,"[2, 56, 89, 86, 83, 22, 75, 53, 70, 61]"
2313,"[2, 89, 56, 83, 22, 86, 75, 38, 53, 70]"
2314,"[2, 89, 56, 83, 22, 86, 53, 38, 70, 18]"
2315,"[2, 56, 89, 86, 22, 83, 53, 75, 50, 70]"
2316,"[2, 56, 89, 86, 83, 22, 53, 75, 61, 70]"
2317,"[2, 89, 56, 83, 86, 22, 75, 53, 70, 38]"
2318,"[2, 89, 83, 56, 75, 22, 86, 38, 24, 18]"
2319,"[2, 89, 56, 83, 22, 86, 75, 38, 70, 18]"
2320,"[2, 89, 56, 83, 22, 86, 75, 38, 53, 70]"
2321,"[89, 56, 83, 22, 86, 75, 53, 38, 18, 24]"
2322,"[2, 89, 56, 22, 86, 38, 53, 24, 70, 18]"
2323,"[2, 56, 89, 86, 22, 83, 61, 53, 75, 50]"
2324,"[2, 89, 56, 83, 22, 75, 53, 70, 18, 24]"
2325,"[2, 89, 56, 83, 22, 86, 75, 38, 53, 70]"
2326,"[2, 56, 61, 50, 89, 86, 22, 90, 53, 83]"
2327,"[2, 89, 56, 83, 22, 86, 75, 38, 53, 70]"
2328,"[2, 56, 89, 86, 22, 83, 61, 53, 75, 50]"
2329,"[2, 89, 56, 22, 86, 75, 38, 53, 70, 18]"
2330,"[2, 89, 56, 83, 22, 86, 38, 53, 70, 18]"
2331,"[2, 89, 86, 83, 22, 75, 53, 61, 70, 18]"
2332,"[2, 56, 89, 50, 86, 22, 90, 53, 83, 75]"
2333,"[2, 56, 61, 50, 89, 86, 22, 90, 53, 83]"
2334,"[2, 56, 61, 50, 89, 86, 22, 90, 53, 83]"
2335,"[2, 89, 56, 83, 86, 22, 75, 53, 70, 38]"
2336,"[2, 89, 56, 83, 22, 86, 75, 38, 53, 70]"
2337,"[2, 56, 89, 86, 22, 83, 61, 53, 75, 50]"
2338,"[2, 89, 56, 83, 86, 22, 75, 53, 70, 38]"
2339,"[2, 89, 56, 22, 86, 75, 38, 53, 70, 24]"
2340,"[2, 89, 56, 83, 22, 86, 75, 38, 53, 70]"
2341,"[2, 56, 89, 86, 22, 83, 61, 53, 75, 50]"
2342,"[2, 89, 56, 83, 86, 22, 75, 53, 18, 38]"
2343,"[2, 89, 56, 83, 86, 22, 75, 53, 70, 38]"
2344,"[2, 89, 56, 83, 86, 22, 75, 38, 70, 18]"
2345,"[2, 56, 89, 86, 22, 83, 53, 75, 61, 70]"
2346,"[2, 89, 83, 22, 75, 70, 38, 18, 24, 95]"
2347,"[2, 56, 89, 86, 22, 61, 53, 75, 50, 70]"
2348,"[2, 89, 56, 83, 22, 75, 53, 38, 70, 18]"
2349,"[89, 56, 83, 86, 22, 75, 53, 70, 38, 18]"
2350,"[2, 56, 89, 86, 83, 22, 75, 53, 70, 61]"
2351,"[2, 89, 56, 83, 22, 86, 75, 53, 38, 70]"
2352,"[2, 89, 56, 83, 22, 86, 75, 38, 53, 70]"
2353,"[56, 89, 86, 83, 22, 75, 53, 61, 70, 18]"
2354,"[2, 56, 61, 89, 86, 50, 22, 53, 90, 83]"
2355,"[2, 56, 61, 50, 89, 86, 22, 90, 53, 83]"
2356,"[2, 89, 56, 83, 22, 86, 75, 38, 70, 18]"
2357,"[2, 89, 56, 83, 22, 86, 75, 53, 38, 70]"
2358,"[2, 56, 89, 61, 86, 22, 50, 83, 53, 90]"
2359,"[2, 89, 86, 83, 75, 53, 70, 61, 18, 38]"
2360,"[2, 56, 89, 86, 83, 22, 75, 53, 70, 61]"
2361,"[2, 56, 61, 50, 89, 86, 22, 90, 53, 83]"
2362,"[2, 89, 56, 83, 22, 86, 75, 38, 53, 70]"
2363,"[89, 56, 22, 86, 75, 38, 53, 70, 18, 24]"
2364,"[2, 89, 56, 83, 86, 22, 75, 53, 70, 38]"
2365,"[2, 89, 83, 56, 22, 75, 86, 38, 53, 24]"
2366,"[2, 56, 89, 86, 22, 83, 61, 53, 75, 50]"
2367,"[2, 56, 89, 86, 61, 83, 53, 90, 75, 70]"
2368,"[2, 56, 61, 89, 50, 86, 90, 53, 83, 75]"
2369,"[2, 89, 56, 83, 86, 75, 53, 70, 38, 18]"
2370,"[2, 56, 83, 86, 75, 38, 53, 70, 24, 18]"
2371,"[2, 89, 56, 83, 22, 75, 86, 38, 53, 70]"
2372,"[2, 89, 56, 83, 86, 22, 75, 53, 70, 38]"
2373,"[2, 56, 86, 83, 22, 75, 53, 61, 70, 18]"
2374,"[2, 56, 89, 61, 86, 22, 50, 83, 53, 90]"
2375,"[2, 89, 56, 83, 22, 86, 75, 38, 53, 70]"
2376,"[2, 89, 56, 83, 86, 22, 75, 53, 70, 18]"
2377,"[2, 56, 89, 86, 83, 22, 75, 53, 61, 70]"
2378,"[2, 56, 61, 89, 86, 50, 22, 90, 53, 83]"
2379,"[2, 89, 56, 83, 86, 22, 75, 53, 70, 18]"
2380,"[2, 89, 86, 22, 83, 61, 53, 75, 50, 70]"
2381,"[2, 56, 89, 22, 83, 53, 75, 61, 70, 50]"
2382,"[2, 89, 56, 83, 86, 22, 75, 53, 70, 38]"
2383,"[2, 56, 83, 22, 86, 38, 70, 18, 96, 95]"
2384,"[2, 89, 56, 83, 22, 86, 75, 38, 70, 18]"
2385,"[2, 89, 56, 83, 86, 22, 75, 53, 70, 38]"
2386,"[2, 56, 83, 22, 86, 75, 38, 70, 18, 24]"
2387,"[2, 56, 89, 61, 86, 22, 50, 53, 90, 75]"
2388,"[2, 56, 89, 86, 22, 83, 61, 53, 75, 70]"
2389,"[2, 56, 89, 86, 83, 22, 75, 53, 61, 70]"
2390,"[2, 56, 89, 83, 86, 22, 75, 53, 70, 61]"
2391,"[2, 56, 83, 22, 86, 75, 38, 53, 70, 24]"
2392,"[2, 56, 83, 22, 86, 75, 38, 53, 70, 24]"
2393,"[2, 89, 56, 83, 86, 22, 75, 53, 70, 38]"
2394,"[2, 89, 56, 83, 22, 86, 75, 53, 38, 70]"
2395,"[2, 89, 56, 83, 86, 22, 75, 53, 70, 18]"
2396,"[2, 89, 56, 83, 22, 86, 75, 38, 53, 70]"
2397,"[2, 56, 89, 86, 83, 22, 75, 53, 70, 61]"
2398,"[2, 56, 83, 86, 75, 53, 70, 38, 18, 24]"
2399,"[2, 89, 56, 83, 22, 75, 53, 70, 38, 18]"
2400,"[2, 89, 56, 83, 22, 86, 75, 53, 70, 24]"
2401,"[2, 89, 83, 56, 75, 22, 38, 86, 24, 70]"
2402,"[2, 89, 56, 83, 22, 86, 75, 38, 53, 70]"
2403,"[2, 56, 89, 83, 86, 22, 75, 53, 70, 18]"
2404,"[56, 89, 22, 61, 83, 53, 50, 75, 70, 90]"
2405,"[56, 83, 22, 86, 75, 38, 53, 70, 18, 24]"
2406,"[2, 56, 89, 86, 83, 22, 75, 61, 70, 18]"
2407,"[2, 56, 89, 86, 83, 22, 53, 75, 61, 70]"
2408,"[2, 89, 56, 83, 86, 22, 75, 53, 70, 38]"
2409,"[2, 89, 56, 83, 86, 22, 75, 53, 70, 38]"
2410,"[2, 89, 56, 83, 86, 22, 75, 53, 70, 38]"
2411,"[2, 89, 56, 22, 86, 75, 38, 53, 70, 18]"
2412,"[2, 89, 83, 56, 75, 22, 38, 86, 24, 53]"
2413,"[2, 56, 61, 50, 89, 86, 22, 90, 53, 83]"
2414,"[2, 89, 56, 83, 86, 75, 53, 38, 70, 24]"
2415,"[56, 89, 86, 83, 22, 53, 75, 61, 70, 18]"
2416,"[2, 89, 56, 83, 86, 22, 75, 70, 18, 38]"
2417,"[2, 56, 83, 22, 86, 75, 38, 70, 18, 24]"
2418,"[2, 56, 89, 86, 22, 83, 61, 53, 75, 50]"
2419,"[2, 89, 22, 61, 83, 53, 50, 75, 90, 70]"
2420,"[2, 56, 89, 83, 86, 22, 75, 53, 70, 18]"
2421,"[2, 89, 56, 83, 22, 86, 75, 53, 38, 70]"
2422,"[2, 56, 89, 61, 86, 22, 50, 83, 53, 90]"
2423,"[2, 56, 89, 86, 22, 83, 53, 75, 61, 70]"
2424,"[2, 89, 56, 83, 86, 22, 75, 53, 70, 38]"
2425,"[2, 89, 56, 83, 22, 86, 75, 38, 53, 18]"
2426,"[2, 89, 56, 83, 86, 22, 53, 38, 70, 18]"
2427,"[2, 89, 56, 83, 86, 75, 53, 70, 38, 18]"
2428,"[2, 89, 56, 83, 22, 75, 38, 53, 70, 24]"
2429,"[2, 56, 89, 86, 61, 22, 83, 53, 75, 90]"
2430,"[2, 56, 89, 86, 83, 22, 75, 53, 61, 70]"
2431,"[2, 89, 56, 83, 22, 86, 75, 53, 38, 70]"
2432,"[56, 89, 86, 22, 83, 53, 75, 70, 50, 18]"
2433,"[2, 56, 89, 86, 83, 61, 53, 75, 50, 70]"
2434,"[2, 89, 83, 22, 86, 75, 38, 53, 70, 24]"
2435,"[2, 56, 89, 86, 22, 83, 61, 75, 50, 70]"
2436,"[2, 56, 89, 61, 86, 22, 83, 53, 90, 75]"
2437,"[2, 89, 56, 83, 22, 86, 75, 53, 70, 18]"
2438,"[2, 56, 89, 86, 83, 22, 75, 53, 70, 61]"
2439,"[2, 56, 89, 86, 83, 22, 75, 53, 70, 61]"
2440,"[2, 56, 89, 86, 83, 75, 53, 61, 70, 18]"
2441,"[2, 89, 56, 83, 22, 86, 75, 38, 53, 70]"
2442,"[2, 56, 89, 86, 83, 22, 75, 53, 61, 70]"
2443,"[2, 89, 86, 22, 83, 53, 61, 70, 50, 18]"
2444,"[2, 89, 83, 56, 22, 75, 86, 38, 24, 53]"
2445,"[89, 56, 22, 86, 75, 53, 38, 70, 18, 24]"
2446,"[2, 89, 56, 83, 86, 22, 75, 53, 70, 18]"
2447,"[2, 89, 56, 83, 86, 22, 75, 53, 70, 18]"
2448,"[2, 56, 89, 86, 83, 75, 53, 70, 61, 18]"
2449,"[2, 89, 56, 83, 22, 86, 75, 38, 53, 70]"
2450,"[2, 56, 89, 86, 22, 83, 61, 53, 75, 50]"
2451,"[2, 56, 89, 86, 22, 83, 61, 53, 75, 50]"
2452,"[2, 56, 61, 89, 86, 50, 53, 83, 75, 70]"
2453,"[2, 56, 89, 86, 83, 22, 75, 53, 70, 61]"
2454,"[2, 56, 86, 22, 75, 53, 70, 38, 18, 24]"
2455,"[2, 56, 89, 86, 22, 83, 53, 61, 75, 18]"
2456,"[2, 89, 56, 83, 86, 22, 75, 70, 18, 38]"
2457,"[2, 56, 89, 86, 22, 61, 83, 53, 50, 75]"
2458,"[2, 89, 56, 83, 22, 86, 75, 38, 53, 70]"
2459,"[56, 83, 22, 86, 75, 38, 70, 18, 24, 96]"
2460,"[56, 89, 22, 83, 53, 75, 61, 70, 18, 50]"
2461,"[2, 56, 61, 50, 89, 86, 22, 90, 53, 83]"
2462,"[2, 89, 56, 83, 86, 22, 75, 53, 70, 38]"
2463,"[89, 56, 22, 86, 75, 53, 38, 70, 18, 24]"
2464,"[2, 89, 56, 83, 22, 86, 38, 53, 70, 18]"
2465,"[2, 89, 56, 83, 22, 86, 75, 38, 53, 70]"
2466,"[89, 56, 83, 86, 22, 75, 53, 70, 38, 18]"
2467,"[2, 89, 56, 83, 86, 75, 53, 38, 70, 18]"
2468,"[56, 61, 50, 89, 86, 22, 90, 53, 83, 75]"
2469,"[2, 56, 89, 86, 22, 83, 61, 53, 75, 70]"
2470,"[2, 89, 56, 83, 22, 86, 75, 53, 38, 70]"
2471,"[2, 56, 83, 22, 86, 75, 53, 38, 70, 18]"
2472,"[2, 89, 56, 83, 22, 86, 75, 53, 38, 70]"
2473,"[89, 56, 83, 22, 75, 86, 38, 53, 70, 18]"
2474,"[2, 89, 56, 83, 22, 75, 86, 38, 53, 70]"
2475,"[2, 89, 56, 83, 86, 22, 75, 53, 70, 18]"
2476,"[2, 56, 89, 61, 86, 22, 50, 83, 90, 75]"
2477,"[2, 89, 56, 83, 22, 86, 75, 38, 53, 70]"
2478,"[2, 56, 89, 86, 22, 83, 61, 53, 75, 50]"
2479,"[2, 89, 56, 83, 86, 22, 53, 70, 38, 18]"
2480,"[56, 89, 86, 61, 22, 83, 50, 53, 90, 75]"
2481,"[2, 89, 86, 83, 22, 75, 53, 61, 70, 18]"
2482,"[2, 56, 89, 86, 22, 83, 61, 53, 50, 75]"
2483,"[2, 89, 83, 56, 22, 86, 24, 96, 70, 53]"
2484,"[2, 56, 89, 86, 22, 61, 83, 53, 50, 75]"
2485,"[2, 89, 56, 83, 86, 22, 75, 53, 70, 38]"
2486,"[2, 89, 56, 83, 86, 22, 75, 53, 70, 18]"
2487,"[2, 89, 56, 83, 22, 86, 75, 53, 38, 70]"
2488,"[2, 89, 56, 83, 86, 22, 75, 53, 70, 38]"
2489,"[2, 89, 56, 83, 86, 22, 75, 53, 70, 38]"
2490,"[2, 89, 56, 83, 22, 86, 75, 53, 70, 18]"
2491,"[2, 56, 61, 50, 89, 86, 22, 90, 53, 83]"
2492,"[2, 56, 89, 86, 22, 83, 61, 53, 75, 50]"
2493,"[2, 56, 89, 86, 83, 22, 75, 53, 70, 61]"
2494,"[2, 56, 89, 86, 83, 22, 53, 75, 61, 70]"
2495,"[2, 89, 83, 56, 75, 22, 38, 86, 70, 18]"
2496,"[2, 89, 56, 83, 86, 22, 75, 53, 70, 18]"
2497,"[2, 89, 56, 83, 22, 86, 75, 53, 70, 18]"
2498,"[2, 89, 56, 83, 86, 22, 75, 53, 70, 38]"
2499,"[2, 89, 56, 83, 22, 75, 53, 70, 38, 18]"
2500,"[2, 89, 22, 86, 75, 38, 53, 70, 18, 24]"
2501,"[2, 89, 56, 83, 22, 86, 75, 38, 53, 70]"
2502,"[2, 89, 56, 83, 86, 22, 75, 53, 70, 18]"
2503,"[2, 56, 89, 83, 86, 22, 75, 53, 70, 61]"
2504,"[2, 89, 56, 83, 22, 86, 75, 53, 70, 18]"
2505,"[2, 89, 56, 83, 22, 86, 75, 38, 53, 70]"
2506,"[2, 56, 89, 86, 22, 61, 83, 53, 50, 75]"
2507,"[2, 89, 56, 83, 22, 86, 38, 53, 70, 24]"
2508,"[2, 56, 89, 86, 22, 83, 61, 53, 75, 70]"
2509,"[2, 89, 83, 56, 22, 75, 38, 53, 24, 70]"
2510,"[2, 56, 89, 86, 22, 83, 53, 75, 61, 70]"
2511,"[2, 89, 56, 83, 22, 86, 75, 53, 70, 18]"
2512,"[2, 89, 56, 83, 86, 22, 75, 53, 70, 38]"
2513,"[2, 56, 89, 86, 22, 83, 53, 61, 75, 70]"
2514,"[2, 56, 89, 86, 61, 22, 83, 50, 53, 75]"
2515,"[89, 56, 83, 22, 86, 75, 53, 38, 70, 18]"
2516,"[56, 89, 86, 22, 75, 53, 70, 18, 61, 38]"
2517,"[2, 89, 56, 83, 22, 75, 53, 70, 38, 18]"
2518,"[2, 56, 86, 22, 83, 53, 75, 61, 70, 50]"
2519,"[2, 56, 89, 86, 22, 83, 61, 53, 75, 50]"
2520,"[2, 89, 56, 83, 86, 53, 38, 70, 18, 24]"
2521,"[2, 56, 89, 86, 22, 83, 61, 53, 75, 50]"
2522,"[2, 89, 56, 83, 22, 86, 38, 53, 70, 24]"
2523,"[2, 56, 89, 86, 22, 83, 61, 53, 75, 70]"
2524,"[2, 56, 89, 86, 83, 22, 75, 53, 70, 61]"
2525,"[2, 89, 56, 83, 86, 22, 75, 38, 18, 61]"
2526,"[2, 89, 56, 83, 86, 22, 75, 53, 38, 70]"
2527,"[2, 89, 56, 22, 75, 38, 53, 70, 18, 24]"
2528,"[2, 56, 89, 86, 22, 83, 53, 75, 61, 50]"
2529,"[2, 89, 56, 83, 22, 86, 53, 70, 18, 24]"
2530,"[89, 56, 83, 22, 86, 75, 38, 53, 70, 18]"
2531,"[2, 89, 56, 83, 86, 22, 75, 53, 70, 38]"
2532,"[2, 89, 56, 83, 86, 22, 75, 53, 70, 38]"
2533,"[2, 89, 56, 83, 22, 86, 75, 53, 38, 70]"
2534,"[2, 89, 56, 22, 75, 53, 70, 18, 96, 95]"
2535,"[2, 56, 89, 86, 22, 83, 61, 53, 75, 70]"
2536,"[2, 89, 56, 83, 22, 86, 38, 53, 18, 24]"
2537,"[2, 89, 56, 83, 22, 86, 75, 38, 53, 18]"
2538,"[2, 89, 56, 83, 22, 75, 53, 70, 38, 18]"
2539,"[2, 89, 56, 83, 22, 86, 75, 53, 38, 70]"
2540,"[56, 89, 61, 86, 22, 83, 53, 90, 75, 70]"
2541,"[2, 89, 83, 22, 75, 38, 70, 24, 18, 96]"
2542,"[2, 89, 56, 83, 22, 75, 38, 53, 70, 18]"
2543,"[2, 89, 56, 83, 22, 75, 53, 38, 70, 18]"
2544,"[89, 56, 83, 22, 86, 75, 38, 53, 70, 18]"
2545,"[2, 89, 56, 83, 22, 86, 75, 53, 38, 70]"
2546,"[2, 89, 83, 86, 75, 53, 70, 38, 18, 61]"
2547,"[2, 56, 89, 61, 86, 22, 50, 83, 90, 75]"
2548,"[2, 56, 89, 86, 83, 53, 75, 61, 70, 18]"
2549,"[2, 56, 89, 86, 83, 22, 75, 53, 70, 61]"
2550,"[2, 89, 56, 22, 75, 86, 38, 53, 70, 18]"
2551,"[2, 89, 83, 22, 75, 86, 53, 70, 24, 18]"
2552,"[2, 89, 56, 83, 22, 86, 75, 53, 70, 18]"
2553,"[2, 89, 83, 56, 22, 75, 86, 38, 24, 53]"
2554,"[2, 56, 89, 61, 86, 22, 50, 83, 53, 90]"
2555,"[2, 89, 56, 83, 22, 86, 75, 38, 53, 70]"
2556,"[2, 89, 56, 83, 22, 86, 75, 53, 38, 70]"
2557,"[2, 56, 83, 22, 86, 75, 38, 70, 24, 96]"
2558,"[2, 89, 56, 83, 86, 22, 75, 53, 70, 38]"
2559,"[2, 89, 56, 86, 22, 75, 53, 70, 18, 38]"
2560,"[2, 56, 89, 86, 83, 22, 75, 53, 70, 61]"
2561,"[2, 56, 89, 86, 83, 22, 75, 53, 61, 70]"
2562,"[2, 89, 56, 83, 22, 86, 75, 53, 70, 18]"
2563,"[2, 56, 89, 86, 83, 22, 75, 53, 70, 61]"
2564,"[2, 89, 56, 83, 22, 86, 75, 53, 38, 70]"
2565,"[2, 89, 83, 56, 22, 86, 38, 24, 53, 70]"
2566,"[2, 56, 89, 86, 22, 83, 61, 53, 75, 50]"
2567,"[2, 89, 56, 83, 86, 22, 75, 53, 70, 18]"
2568,"[89, 56, 83, 22, 86, 75, 38, 53, 70, 24]"
2569,"[2, 56, 89, 86, 22, 83, 61, 53, 75, 70]"
2570,"[89, 56, 83, 22, 86, 75, 38, 53, 70, 18]"
2571,"[2, 56, 89, 86, 22, 83, 61, 53, 75, 50]"
2572,"[56, 83, 22, 75, 86, 38, 53, 24, 18, 96]"
2573,"[89, 56, 83, 22, 75, 86, 38, 53, 70, 24]"
2574,"[2, 89, 56, 83, 86, 22, 75, 53, 70, 38]"
2575,"[2, 89, 83, 56, 22, 75, 38, 53, 70, 24]"
2576,"[2, 56, 83, 22, 86, 75, 38, 53, 70, 18]"
2577,"[2, 56, 89, 86, 22, 83, 61, 53, 75, 50]"
2578,"[2, 56, 61, 89, 50, 86, 90, 53, 83, 75]"
2579,"[2, 89, 83, 86, 22, 75, 53, 70, 18, 38]"
2580,"[2, 89, 56, 83, 86, 22, 75, 53, 70, 38]"
2581,"[2, 56, 89, 86, 83, 22, 75, 53, 70, 61]"
2582,"[2, 56, 89, 83, 86, 22, 75, 53, 70, 18]"
2583,"[2, 89, 56, 83, 22, 86, 75, 38, 70, 18]"
2584,"[2, 89, 56, 83, 22, 75, 86, 38, 53, 70]"
2585,"[2, 89, 56, 83, 86, 22, 75, 53, 70, 38]"
2586,"[2, 56, 83, 22, 75, 86, 38, 53, 24, 18]"
2587,"[2, 89, 56, 83, 22, 75, 86, 38, 53, 70]"
2588,"[2, 89, 56, 83, 22, 86, 75, 53, 38, 70]"
2589,"[2, 89, 56, 83, 22, 86, 75, 38, 53, 70]"
2590,"[2, 56, 89, 86, 22, 83, 61, 53, 75, 50]"
2591,"[2, 89, 86, 22, 83, 61, 53, 75, 50, 70]"
2592,"[2, 89, 56, 83, 22, 86, 75, 38, 53, 70]"
2593,"[2, 89, 56, 83, 86, 22, 75, 53, 70, 38]"
2594,"[2, 56, 83, 22, 86, 75, 38, 53, 70, 18]"
2595,"[2, 56, 89, 86, 83, 22, 75, 53, 70, 61]"
2596,"[2, 89, 56, 83, 86, 22, 75, 53, 38, 70]"
2597,"[2, 56, 89, 86, 22, 83, 61, 53, 75, 50]"
2598,"[2, 56, 89, 86, 22, 83, 61, 53, 75, 50]"
2599,"[2, 89, 56, 83, 86, 22, 75, 53, 70, 38]"
2600,"[2, 89, 56, 83, 86, 22, 75, 53, 70, 38]"
2601,"[2, 56, 89, 86, 22, 83, 61, 53, 75, 50]"
2602,"[2, 56, 89, 86, 22, 61, 83, 50, 53, 75]"
2603,"[2, 89, 56, 83, 22, 86, 75, 38, 53, 70]"
2604,"[2, 89, 56, 83, 22, 86, 75, 38, 53, 70]"
2605,"[2, 89, 56, 83, 86, 22, 75, 53, 70, 38]"
2606,"[2, 89, 56, 83, 86, 22, 75, 53, 70, 38]"
2607,"[2, 89, 56, 83, 86, 22, 75, 53, 70, 38]"
2608,"[2, 89, 56, 83, 86, 22, 75, 53, 70, 38]"
2609,"[2, 89, 56, 83, 86, 22, 75, 53, 70, 38]"
2610,"[2, 89, 56, 83, 86, 22, 75, 53, 70, 38]"
2611,"[2, 56, 89, 86, 83, 22, 75, 53, 70, 18]"
2612,"[89, 56, 83, 22, 86, 75, 38, 53, 70, 18]"
2613,"[89, 56, 83, 86, 22, 75, 53, 70, 18, 38]"
2614,"[2, 89, 56, 83, 86, 22, 75, 53, 70, 38]"
2615,"[2, 89, 56, 83, 22, 86, 53, 38, 70, 18]"
2616,"[2, 89, 83, 22, 86, 75, 38, 53, 70, 18]"
2617,"[2, 89, 56, 83, 22, 86, 75, 53, 38, 70]"
2618,"[2, 89, 56, 83, 22, 75, 38, 53, 70, 18]"
2619,"[2, 89, 56, 83, 86, 75, 53, 38, 70, 18]"
2620,"[2, 56, 89, 86, 22, 83, 61, 53, 75, 70]"
2621,"[2, 89, 56, 83, 86, 22, 75, 53, 70, 38]"
2622,"[2, 89, 56, 83, 86, 22, 75, 53, 70, 18]"
2623,"[2, 89, 56, 83, 22, 86, 75, 38, 53, 70]"
2624,"[2, 56, 89, 61, 86, 22, 50, 83, 53, 90]"
2625,"[56, 89, 22, 83, 53, 61, 75, 70, 50, 18]"
2626,"[2, 56, 89, 86, 83, 22, 75, 53, 70, 61]"
2627,"[2, 89, 56, 83, 22, 86, 75, 38, 53, 70]"
2628,"[89, 56, 83, 22, 86, 75, 53, 38, 70, 24]"
2629,"[2, 56, 89, 86, 22, 83, 53, 75, 61, 70]"
2630,"[2, 56, 89, 86, 61, 22, 83, 50, 53, 75]"
2631,"[2, 89, 56, 83, 22, 75, 86, 38, 53, 70]"
2632,"[2, 89, 83, 56, 22, 75, 86, 53, 70, 24]"
2633,"[2, 89, 22, 86, 75, 53, 38, 70, 18, 24]"
2634,"[2, 56, 89, 86, 22, 83, 61, 53, 50, 75]"
2635,"[2, 89, 56, 22, 75, 38, 53, 70, 24, 18]"
2636,"[2, 56, 89, 86, 22, 83, 61, 53, 75, 50]"
2637,"[2, 89, 86, 61, 22, 83, 50, 53, 90, 75]"
2638,"[2, 56, 89, 86, 22, 61, 83, 53, 50, 75]"
2639,"[2, 56, 89, 86, 22, 83, 53, 61, 75, 70]"
2640,"[2, 56, 89, 86, 83, 22, 75, 53, 70, 61]"
2641,"[2, 89, 56, 83, 22, 75, 53, 70, 38, 18]"
2642,"[2, 89, 56, 83, 86, 22, 75, 53, 70, 38]"
2643,"[2, 89, 86, 61, 22, 83, 50, 53, 75, 90]"
2644,"[2, 89, 56, 83, 86, 22, 75, 70, 18, 38]"
2645,"[2, 89, 56, 83, 86, 22, 75, 53, 70, 38]"
2646,"[2, 56, 89, 86, 83, 22, 75, 53, 70, 61]"
2647,"[2, 89, 83, 22, 75, 38, 53, 70, 24, 18]"
2648,"[2, 89, 56, 83, 86, 22, 75, 53, 70, 38]"
2649,"[2, 56, 89, 86, 22, 61, 83, 53, 50, 75]"
2650,"[2, 56, 89, 86, 22, 83, 61, 53, 75, 50]"
2651,"[2, 56, 61, 89, 86, 50, 22, 53, 90, 83]"
2652,"[2, 89, 56, 83, 86, 22, 75, 53, 70, 18]"
2653,"[2, 89, 56, 83, 22, 86, 75, 38, 53, 70]"
2654,"[2, 56, 86, 22, 83, 53, 75, 61, 70, 18]"
2655,"[2, 56, 89, 86, 22, 83, 53, 75, 61, 70]"
2656,"[2, 89, 83, 75, 86, 38, 53, 70, 24, 18]"
2657,"[2, 89, 56, 83, 86, 22, 75, 53, 70, 38]"
2658,"[2, 89, 56, 83, 22, 86, 75, 38, 53, 70]"
2659,"[2, 89, 56, 83, 22, 86, 75, 53, 38, 70]"
2660,"[2, 89, 56, 83, 86, 75, 53, 38, 18, 24]"
2661,"[2, 56, 89, 86, 83, 22, 53, 75, 61, 70]"
2662,"[2, 89, 83, 22, 86, 75, 38, 53, 70, 24]"
2663,"[2, 89, 56, 83, 22, 86, 38, 53, 24, 18]"
2664,"[2, 56, 89, 86, 22, 61, 83, 75, 90, 70]"
2665,"[2, 56, 89, 61, 86, 22, 50, 83, 53, 90]"
2666,"[2, 89, 86, 22, 83, 61, 53, 50, 70, 90]"
2667,"[2, 89, 83, 56, 22, 75, 86, 38, 53, 24]"
2668,"[2, 89, 56, 83, 86, 22, 75, 53, 70, 38]"
2669,"[2, 56, 89, 61, 86, 22, 53, 83, 90, 75]"
2670,"[2, 89, 56, 83, 22, 86, 75, 38, 53, 70]"
2671,"[2, 56, 89, 86, 22, 83, 61, 53, 75, 50]"
2672,"[2, 56, 89, 86, 22, 83, 61, 53, 75, 50]"
2673,"[2, 56, 89, 61, 86, 22, 50, 83, 53, 90]"
2674,"[2, 56, 89, 86, 61, 22, 83, 50, 53, 75]"
2675,"[2, 56, 89, 61, 86, 22, 50, 83, 53, 90]"
2676,"[2, 56, 89, 86, 22, 83, 61, 53, 75, 50]"
2677,"[2, 89, 83, 56, 22, 75, 86, 38, 70, 24]"
2678,"[2, 56, 89, 86, 22, 83, 53, 61, 75, 70]"
2679,"[2, 56, 61, 50, 89, 86, 22, 90, 53, 83]"
2680,"[89, 56, 83, 22, 86, 75, 38, 53, 70, 24]"
2681,"[2, 89, 56, 83, 22, 86, 75, 38, 53, 70]"
2682,"[2, 56, 89, 86, 22, 75, 53, 70, 61, 18]"
2683,"[2, 89, 83, 56, 22, 75, 86, 38, 24, 53]"
2684,"[2, 56, 89, 86, 22, 83, 61, 53, 75, 70]"
2685,"[89, 56, 22, 75, 86, 38, 53, 24, 70, 18]"
2686,"[2, 56, 89, 86, 61, 83, 50, 53, 90, 75]"
2687,"[2, 56, 89, 86, 22, 83, 61, 53, 75, 50]"
2688,"[2, 56, 89, 86, 83, 22, 75, 53, 61, 70]"
2689,"[2, 89, 56, 83, 86, 22, 75, 53, 70, 38]"
2690,"[2, 89, 56, 83, 86, 22, 75, 53, 70, 38]"
2691,"[2, 89, 56, 83, 22, 86, 75, 38, 53, 70]"
2692,"[2, 89, 83, 22, 86, 38, 53, 70, 24, 18]"
2693,"[89, 56, 83, 22, 86, 75, 38, 53, 70, 24]"
2694,"[2, 89, 86, 61, 22, 83, 50, 53, 75, 90]"
2695,"[2, 89, 56, 22, 86, 75, 53, 38, 70, 18]"
2696,"[2, 89, 56, 83, 86, 22, 75, 53, 70, 38]"
2697,"[2, 56, 89, 86, 22, 83, 61, 53, 75, 50]"
2698,"[89, 56, 83, 86, 22, 53, 70, 18, 24, 61]"
2699,"[2, 56, 89, 83, 22, 53, 70, 61, 18, 38]"
2700,"[2, 89, 56, 83, 22, 75, 38, 53, 70, 24]"
2701,"[2, 89, 56, 83, 86, 22, 75, 53, 70, 38]"
2702,"[2, 89, 56, 83, 86, 22, 75, 53, 70, 18]"
2703,"[2, 56, 89, 86, 22, 83, 61, 53, 75, 70]"
2704,"[2, 56, 89, 83, 22, 53, 61, 70, 18, 38]"
2705,"[2, 89, 56, 83, 22, 86, 75, 53, 38, 70]"
2706,"[2, 56, 89, 83, 86, 22, 75, 53, 70, 61]"
2707,"[2, 89, 56, 83, 22, 86, 75, 53, 38, 70]"
2708,"[2, 89, 56, 83, 86, 22, 75, 53, 70, 38]"
2709,"[2, 56, 89, 86, 83, 22, 75, 53, 61, 70]"
2710,"[2, 56, 89, 22, 83, 61, 53, 75, 50, 70]"
2711,"[2, 56, 89, 86, 83, 22, 53, 75, 61, 70]"
2712,"[2, 56, 89, 86, 83, 61, 53, 75, 70, 50]"
2713,"[2, 89, 83, 22, 75, 38, 53, 70, 24, 18]"
2714,"[2, 56, 89, 86, 22, 50, 83, 53, 90, 75]"
2715,"[2, 89, 56, 83, 22, 86, 75, 53, 70, 18]"
2716,"[2, 89, 56, 83, 86, 22, 75, 53, 38, 70]"
2717,"[2, 56, 83, 22, 86, 75, 53, 70, 18, 24]"
2718,"[2, 89, 22, 86, 38, 53, 70, 18, 96, 13]"
2719,"[2, 56, 89, 61, 86, 22, 50, 83, 53, 90]"
2720,"[2, 56, 89, 61, 86, 22, 50, 83, 53, 90]"
2721,"[2, 89, 56, 22, 86, 75, 38, 53, 70, 18]"
2722,"[2, 56, 89, 86, 22, 83, 61, 53, 75, 70]"
2723,"[2, 89, 56, 83, 22, 86, 38, 53, 70, 24]"
2724,"[2, 89, 56, 83, 22, 86, 75, 53, 38, 70]"
2725,"[2, 56, 89, 86, 22, 61, 53, 50, 90, 18]"
2726,"[2, 89, 56, 83, 22, 86, 75, 53, 38, 70]"
2727,"[2, 89, 56, 83, 86, 22, 75, 53, 70, 38]"
2728,"[2, 89, 86, 61, 22, 83, 50, 53, 75, 90]"
2729,"[2, 89, 56, 83, 22, 86, 75, 38, 53, 70]"
2730,"[2, 89, 86, 83, 75, 53, 61, 70, 18, 50]"
2731,"[2, 56, 89, 86, 83, 53, 75, 50, 70, 90]"
2732,"[2, 56, 89, 86, 22, 83, 61, 53, 75, 50]"
2733,"[2, 89, 56, 83, 86, 22, 75, 53, 38, 70]"
2734,"[2, 89, 56, 83, 86, 22, 75, 53, 70, 38]"
2735,"[2, 89, 56, 83, 86, 22, 75, 53, 70, 38]"
2736,"[2, 89, 56, 83, 22, 86, 75, 53, 38, 70]"
2737,"[2, 56, 61, 50, 89, 86, 22, 90, 53, 83]"
2738,"[2, 89, 56, 83, 86, 22, 75, 53, 70, 38]"
2739,"[2, 56, 89, 86, 22, 83, 61, 53, 75, 70]"
2740,"[2, 89, 56, 83, 86, 22, 75, 53, 70, 38]"
2741,"[2, 89, 56, 83, 86, 22, 75, 53, 70, 38]"
2742,"[2, 89, 56, 83, 22, 86, 75, 53, 38, 70]"
2743,"[2, 89, 83, 86, 22, 75, 53, 70, 38, 18]"
2744,"[2, 56, 89, 86, 22, 83, 53, 75, 50, 70]"
2745,"[2, 89, 83, 22, 86, 75, 38, 70, 18, 24]"
2746,"[2, 89, 56, 83, 22, 75, 86, 38, 53, 70]"
2747,"[2, 56, 89, 86, 22, 83, 61, 53, 75, 50]"
2748,"[2, 56, 89, 83, 86, 22, 75, 70, 61, 18]"
2749,"[2, 56, 89, 83, 86, 22, 75, 53, 70, 18]"
2750,"[2, 89, 56, 83, 22, 86, 75, 38, 53, 70]"
2751,"[2, 56, 89, 86, 83, 22, 53, 75, 61, 70]"
2752,"[2, 56, 83, 22, 86, 75, 38, 53, 70, 24]"
2753,"[2, 56, 89, 86, 22, 50, 83, 53, 90, 75]"
2754,"[2, 89, 56, 83, 22, 86, 75, 38, 53, 70]"
2755,"[2, 56, 89, 86, 83, 22, 53, 75, 61, 18]"
2756,"[2, 89, 83, 56, 75, 22, 38, 86, 24, 53]"
2757,"[2, 56, 89, 86, 22, 83, 61, 53, 75, 50]"
2758,"[2, 56, 61, 89, 86, 50, 22, 90, 53, 83]"
2759,"[2, 56, 89, 61, 86, 22, 50, 83, 53, 90]"
2760,"[2, 89, 56, 83, 86, 22, 75, 53, 70, 38]"
2761,"[2, 89, 56, 83, 86, 22, 75, 53, 70, 38]"
2762,"[89, 56, 83, 22, 86, 75, 53, 38, 70, 18]"
2763,"[2, 89, 56, 83, 22, 86, 75, 53, 38, 70]"
2764,"[2, 56, 89, 86, 22, 83, 61, 53, 50, 75]"
2765,"[2, 56, 89, 86, 22, 83, 61, 53, 75, 50]"
2766,"[2, 89, 83, 56, 75, 22, 38, 86, 24, 53]"
2767,"[2, 89, 56, 83, 22, 86, 75, 38, 53, 70]"
2768,"[2, 56, 89, 61, 22, 50, 83, 53, 90, 75]"
2769,"[2, 89, 56, 83, 22, 75, 86, 38, 53, 70]"
2770,"[2, 56, 89, 86, 83, 22, 53, 75, 61, 70]"
2771,"[2, 89, 56, 83, 86, 22, 75, 53, 70, 38]"
2772,"[2, 89, 86, 61, 22, 83, 50, 53, 75, 90]"
2773,"[2, 89, 56, 83, 86, 75, 53, 70, 38, 18]"
2774,"[2, 89, 83, 22, 86, 75, 53, 38, 70, 18]"
2775,"[2, 89, 56, 83, 22, 86, 75, 38, 53, 70]"
2776,"[2, 56, 89, 86, 22, 83, 53, 75, 50, 70]"
2777,"[2, 89, 56, 83, 22, 86, 75, 38, 53, 70]"
2778,"[2, 56, 89, 83, 86, 22, 75, 53, 70, 61]"
2779,"[2, 56, 89, 86, 83, 22, 75, 53, 70, 61]"
2780,"[2, 56, 83, 86, 22, 75, 53, 38, 18, 61]"
2781,"[2, 89, 56, 83, 22, 86, 75, 38, 53, 70]"
2782,"[2, 89, 56, 83, 22, 86, 75, 53, 38, 70]"
2783,"[2, 89, 56, 83, 22, 86, 75, 38, 53, 70]"
2784,"[89, 61, 86, 22, 50, 83, 53, 90, 75, 70]"
2785,"[2, 89, 56, 22, 86, 75, 38, 53, 70, 24]"
2786,"[2, 89, 56, 83, 22, 86, 75, 53, 38, 70]"
2787,"[2, 89, 56, 83, 86, 22, 75, 53, 70, 38]"
2788,"[2, 89, 56, 83, 22, 86, 75, 53, 38, 70]"
2789,"[2, 89, 56, 83, 22, 86, 75, 53, 38, 70]"
2790,"[2, 89, 56, 22, 75, 38, 53, 70, 24, 18]"
2791,"[2, 89, 56, 83, 86, 22, 75, 53, 18, 61]"
2792,"[2, 56, 61, 50, 89, 86, 22, 90, 53, 83]"
2793,"[2, 56, 89, 86, 83, 22, 53, 75, 61, 70]"
2794,"[2, 89, 56, 83, 22, 86, 75, 38, 53, 70]"
2795,"[2, 56, 89, 86, 83, 22, 75, 53, 61, 70]"
2796,"[2, 56, 89, 86, 22, 83, 61, 53, 75, 50]"
2797,"[2, 56, 89, 86, 22, 61, 83, 50, 53, 75]"
2798,"[2, 89, 56, 83, 86, 22, 75, 53, 70, 38]"
2799,"[2, 56, 89, 61, 86, 22, 50, 83, 53, 90]"
2800,"[2, 56, 89, 86, 83, 22, 75, 53, 70, 61]"
2801,"[2, 89, 56, 83, 86, 75, 53, 38, 70, 18]"
2802,"[56, 89, 86, 61, 22, 83, 50, 53, 90, 75]"
2803,"[2, 89, 83, 56, 75, 22, 38, 86, 70, 53]"
2804,"[2, 56, 89, 83, 86, 22, 75, 53, 70, 18]"
2805,"[2, 56, 61, 50, 89, 86, 22, 90, 53, 83]"
2806,"[2, 56, 83, 22, 86, 75, 38, 53, 70, 24]"
2807,"[2, 56, 89, 86, 22, 83, 61, 53, 75, 50]"
2808,"[2, 89, 56, 83, 22, 86, 75, 38, 53, 70]"
2809,"[2, 89, 56, 83, 22, 86, 75, 38, 53, 70]"
2810,"[2, 89, 56, 83, 86, 22, 75, 53, 70, 38]"
2811,"[2, 56, 89, 61, 86, 22, 50, 83, 53, 90]"
2812,"[2, 89, 56, 22, 86, 75, 38, 53, 70, 24]"
2813,"[2, 56, 83, 22, 75, 53, 38, 70, 18, 24]"
2814,"[2, 89, 83, 56, 22, 75, 38, 53, 70, 24]"
2815,"[2, 89, 56, 83, 22, 86, 75, 38, 53, 70]"
2816,"[2, 89, 56, 83, 22, 86, 75, 38, 53, 70]"
2817,"[2, 56, 83, 86, 22, 75, 53, 70, 18, 61]"
2818,"[2, 89, 86, 83, 22, 75, 53, 70, 61, 18]"
2819,"[2, 89, 56, 83, 22, 86, 38, 70, 18, 24]"
2820,"[2, 56, 83, 22, 86, 75, 53, 38, 70, 18]"
2821,"[2, 89, 56, 83, 86, 22, 75, 53, 70, 38]"
2822,"[2, 56, 61, 89, 86, 50, 22, 53, 83, 90]"
2823,"[2, 89, 56, 22, 86, 38, 53, 70, 24, 18]"
2824,"[2, 56, 89, 61, 86, 22, 50, 83, 53, 90]"
2825,"[2, 56, 89, 61, 86, 22, 50, 83, 53, 90]"
2826,"[2, 56, 83, 86, 22, 75, 53, 70, 38, 18]"
2827,"[2, 56, 89, 86, 22, 83, 61, 53, 50, 75]"
2828,"[2, 89, 56, 83, 86, 22, 75, 53, 70, 38]"
2829,"[2, 56, 89, 86, 22, 83, 61, 53, 75, 50]"
2830,"[2, 89, 56, 83, 22, 86, 75, 53, 70, 18]"
2831,"[2, 56, 61, 89, 86, 50, 22, 53, 83, 75]"
2832,"[2, 56, 89, 86, 22, 83, 61, 53, 75, 50]"
2833,"[2, 56, 89, 83, 86, 22, 75, 53, 70, 61]"
2834,"[2, 56, 89, 86, 22, 83, 53, 61, 75, 70]"
2835,"[2, 56, 89, 83, 86, 22, 75, 53, 70, 61]"
2836,"[2, 89, 83, 22, 86, 75, 38, 53, 70, 18]"
2837,"[56, 89, 86, 83, 22, 75, 53, 61, 70, 18]"
2838,"[2, 89, 56, 83, 22, 86, 75, 38, 70, 18]"
2839,"[2, 89, 56, 83, 86, 22, 75, 53, 70, 38]"
2840,"[2, 56, 61, 89, 86, 50, 22, 53, 90, 83]"
2841,"[89, 83, 56, 75, 22, 38, 86, 24, 53, 70]"
2842,"[2, 89, 56, 83, 22, 75, 53, 70, 38, 18]"
2843,"[2, 89, 83, 56, 75, 22, 38, 24, 70, 96]"
2844,"[2, 89, 56, 83, 86, 75, 53, 38, 70, 18]"
2845,"[89, 56, 83, 22, 86, 75, 53, 70, 18, 24]"
2846,"[2, 89, 56, 83, 86, 22, 75, 53, 70, 38]"
2847,"[2, 89, 56, 83, 22, 86, 75, 53, 18, 24]"
2848,"[2, 89, 56, 83, 22, 86, 75, 53, 38, 70]"
2849,"[2, 56, 89, 83, 86, 22, 75, 53, 70, 61]"
2850,"[2, 89, 56, 83, 86, 22, 75, 53, 70, 38]"
2851,"[2, 89, 56, 83, 22, 86, 75, 38, 53, 70]"
2852,"[2, 89, 56, 83, 86, 22, 75, 53, 70, 38]"
2853,"[2, 89, 83, 86, 22, 75, 53, 70, 18, 38]"
2854,"[2, 56, 89, 86, 22, 83, 61, 53, 75, 50]"
2855,"[2, 56, 89, 86, 22, 61, 83, 53, 50, 75]"
2856,"[2, 89, 56, 83, 86, 22, 75, 53, 70, 38]"
2857,"[2, 89, 83, 56, 22, 75, 86, 38, 53, 24]"
2858,"[2, 56, 89, 83, 22, 75, 53, 70, 61, 18]"
2859,"[56, 89, 86, 22, 53, 75, 61, 70, 18, 50]"
2860,"[2, 89, 83, 22, 86, 75, 38, 53, 70, 18]"
2861,"[2, 89, 56, 83, 86, 22, 75, 53, 70, 38]"
2862,"[2, 89, 56, 83, 22, 86, 75, 38, 70, 96]"
2863,"[2, 89, 83, 22, 75, 53, 70, 38, 18, 24]"
2864,"[2, 89, 56, 83, 22, 86, 75, 53, 38, 70]"
2865,"[2, 89, 56, 83, 22, 86, 75, 53, 38, 70]"
2866,"[2, 89, 56, 86, 22, 75, 53, 70, 38, 18]"
2867,"[2, 56, 89, 86, 22, 83, 53, 61, 75, 70]"
2868,"[2, 56, 83, 22, 86, 75, 53, 70, 18, 24]"
2869,"[2, 56, 89, 86, 83, 75, 53, 70, 61, 18]"
2870,"[2, 89, 56, 83, 22, 75, 38, 53, 70, 18]"
2871,"[2, 56, 89, 86, 83, 75, 53, 61, 70, 18]"
2872,"[2, 89, 83, 86, 22, 75, 53, 70, 38, 18]"
2873,"[2, 56, 89, 86, 61, 22, 83, 50, 53, 75]"
2874,"[2, 89, 56, 83, 22, 75, 86, 38, 53, 70]"
2875,"[2, 89, 56, 83, 22, 86, 75, 38, 70, 18]"
2876,"[2, 56, 89, 86, 22, 83, 61, 53, 75, 70]"
2877,"[2, 56, 89, 86, 22, 83, 61, 53, 75, 50]"
2878,"[56, 89, 61, 86, 22, 50, 83, 53, 90, 75]"
2879,"[2, 89, 83, 56, 22, 75, 86, 38, 53, 70]"
2880,"[2, 89, 56, 83, 86, 22, 75, 53, 70, 38]"
2881,"[2, 89, 56, 83, 86, 22, 75, 53, 70, 18]"
2882,"[2, 56, 89, 86, 22, 83, 53, 61, 75, 70]"
2883,"[2, 89, 56, 83, 22, 86, 75, 38, 53, 70]"
2884,"[2, 89, 56, 83, 22, 75, 70, 24, 96, 95]"
2885,"[2, 56, 86, 22, 83, 61, 53, 75, 50, 70]"
2886,"[2, 89, 56, 83, 22, 86, 75, 53, 38, 70]"
2887,"[2, 56, 89, 86, 61, 22, 83, 50, 53, 75]"
2888,"[2, 56, 89, 86, 22, 83, 61, 53, 75, 50]"
2889,"[2, 89, 56, 83, 22, 86, 75, 38, 70, 18]"
2890,"[2, 56, 89, 86, 22, 61, 83, 53, 50, 75]"
2891,"[2, 56, 89, 61, 86, 22, 50, 83, 53, 90]"
2892,"[2, 56, 89, 83, 22, 75, 53, 70, 18, 61]"
2893,"[2, 56, 89, 86, 83, 22, 75, 53, 70, 61]"
2894,"[2, 56, 89, 86, 22, 83, 61, 53, 75, 50]"
2895,"[89, 86, 22, 83, 61, 53, 75, 50, 70, 18]"
2896,"[2, 89, 56, 83, 86, 22, 75, 53, 70, 18]"
2897,"[2, 56, 89, 22, 83, 53, 61, 75, 70, 50]"
2898,"[2, 56, 89, 86, 22, 83, 61, 53, 75, 50]"
2899,"[2, 56, 89, 86, 22, 83, 61, 53, 75, 50]"
2900,"[2, 56, 89, 86, 83, 22, 53, 75, 61, 70]"
2901,"[2, 89, 61, 86, 22, 50, 83, 53, 90, 75]"
2902,"[2, 56, 89, 86, 22, 83, 61, 53, 50, 70]"
2903,"[2, 56, 89, 83, 86, 22, 75, 53, 70, 18]"
2904,"[2, 89, 56, 83, 86, 22, 75, 53, 70, 18]"
2905,"[2, 56, 89, 86, 61, 22, 83, 50, 53, 90]"
2906,"[2, 56, 89, 86, 22, 83, 53, 61, 75, 70]"
2907,"[2, 89, 56, 83, 22, 86, 75, 53, 38, 70]"
2908,"[2, 56, 89, 83, 86, 22, 75, 53, 70, 18]"
2909,"[2, 89, 56, 83, 86, 22, 75, 53, 70, 38]"
2910,"[2, 89, 56, 83, 86, 22, 75, 53, 70, 38]"
2911,"[2, 89, 83, 86, 22, 75, 53, 70, 18, 38]"
2912,"[89, 56, 83, 22, 86, 75, 38, 53, 70, 18]"
2913,"[2, 89, 83, 56, 22, 75, 86, 38, 53, 24]"
2914,"[2, 56, 89, 86, 83, 22, 75, 53, 61, 70]"
2915,"[2, 89, 56, 83, 22, 86, 75, 53, 70, 24]"
2916,"[2, 89, 56, 83, 22, 75, 53, 70, 18, 24]"
2917,"[2, 56, 89, 86, 83, 53, 75, 61, 70, 18]"
2918,"[89, 56, 83, 86, 22, 75, 53, 70, 38, 18]"
2919,"[2, 89, 56, 83, 22, 75, 53, 38, 70, 18]"
2920,"[2, 56, 83, 22, 75, 86, 38, 53, 70, 24]"
2921,"[56, 89, 86, 61, 22, 83, 50, 53, 90, 75]"
2922,"[2, 56, 89, 86, 83, 75, 53, 70, 61, 18]"
2923,"[2, 56, 89, 86, 22, 83, 61, 53, 75, 50]"
2924,"[2, 89, 56, 83, 86, 22, 75, 53, 70, 38]"
2925,"[2, 56, 89, 86, 22, 83, 61, 53, 75, 50]"
2926,"[2, 56, 89, 83, 86, 22, 75, 53, 70, 61]"
2927,"[2, 56, 89, 86, 83, 22, 53, 75, 61, 70]"
2928,"[2, 89, 56, 22, 86, 75, 53, 38, 70, 18]"
2929,"[2, 89, 56, 83, 86, 75, 53, 38, 70, 18]"
2930,"[2, 56, 83, 86, 22, 75, 53, 70, 38, 18]"
2931,"[2, 56, 89, 86, 61, 22, 83, 50, 53, 75]"
2932,"[2, 56, 89, 83, 86, 22, 75, 53, 70, 61]"
2933,"[2, 89, 56, 83, 22, 86, 75, 38, 53, 70]"
2934,"[2, 89, 56, 83, 86, 22, 75, 53, 70, 38]"
2935,"[2, 56, 89, 86, 83, 22, 75, 53, 70, 61]"
2936,"[2, 56, 89, 86, 83, 75, 53, 70, 61, 18]"
2937,"[2, 56, 89, 86, 22, 83, 61, 53, 75, 50]"
2938,"[2, 89, 56, 83, 86, 22, 75, 53, 38, 70]"
2939,"[2, 89, 56, 83, 22, 86, 75, 38, 53, 70]"
2940,"[2, 89, 83, 56, 22, 75, 86, 38, 53, 70]"
2941,"[2, 89, 56, 83, 86, 22, 75, 53, 70, 38]"
2942,"[2, 89, 56, 83, 86, 22, 75, 53, 70, 18]"
2943,"[2, 56, 89, 83, 86, 22, 75, 53, 70, 61]"
2944,"[2, 56, 89, 86, 22, 83, 61, 53, 75, 50]"
2945,"[2, 89, 56, 83, 86, 75, 38, 70, 18, 24]"
2946,"[2, 89, 56, 83, 22, 86, 38, 70, 18, 24]"
2947,"[2, 56, 89, 86, 22, 61, 83, 50, 53, 75]"
2948,"[2, 56, 89, 61, 86, 22, 50, 83, 53, 90]"
2949,"[2, 56, 61, 50, 89, 86, 22, 90, 53, 83]"
2950,"[2, 56, 89, 61, 86, 22, 50, 83, 53, 90]"
2951,"[2, 89, 56, 83, 86, 22, 53, 38, 18, 61]"
2952,"[56, 89, 86, 83, 22, 75, 61, 70, 18, 38]"
2953,"[56, 89, 86, 22, 83, 61, 53, 75, 70, 50]"
2954,"[2, 56, 89, 83, 86, 22, 75, 53, 70, 61]"
2955,"[2, 89, 56, 83, 22, 86, 75, 53, 38, 70]"
2956,"[89, 56, 86, 22, 75, 53, 70, 18, 38, 61]"
2957,"[2, 89, 56, 83, 22, 86, 75, 53, 38, 70]"
2958,"[2, 56, 89, 61, 86, 22, 50, 83, 53, 90]"
2959,"[2, 89, 56, 83, 86, 22, 75, 53, 70, 38]"
2960,"[2, 56, 89, 86, 83, 22, 75, 53, 61, 70]"
2961,"[2, 89, 56, 86, 22, 75, 53, 70, 38, 18]"
2962,"[2, 56, 89, 86, 22, 83, 61, 53, 75, 50]"
2963,"[2, 56, 89, 83, 86, 22, 75, 53, 70, 61]"
2964,"[2, 89, 83, 56, 22, 75, 86, 38, 53, 70]"
2965,"[2, 56, 89, 61, 86, 22, 50, 83, 53, 90]"
2966,"[2, 56, 89, 61, 86, 22, 50, 83, 53, 90]"
2967,"[2, 56, 89, 83, 86, 22, 75, 53, 70, 18]"
2968,"[2, 56, 86, 22, 83, 53, 75, 61, 70, 18]"
2969,"[2, 83, 56, 22, 75, 86, 38, 53, 70, 24]"
2970,"[2, 89, 56, 86, 22, 75, 53, 38, 70, 18]"
2971,"[2, 56, 89, 83, 86, 22, 75, 53, 70, 18]"
2972,"[2, 89, 56, 86, 22, 75, 53, 70, 38, 18]"
2973,"[2, 89, 83, 56, 75, 38, 22, 24, 96, 86]"
2974,"[2, 56, 89, 86, 22, 83, 61, 53, 75, 50]"
2975,"[2, 89, 83, 56, 22, 75, 86, 38, 53, 24]"
2976,"[2, 56, 89, 86, 22, 75, 53, 70, 18, 61]"
2977,"[2, 56, 89, 61, 86, 22, 50, 83, 53, 90]"
2978,"[2, 56, 89, 86, 83, 61, 53, 75, 50, 70]"
2979,"[2, 89, 56, 83, 86, 22, 75, 53, 70, 38]"
2980,"[2, 89, 56, 83, 22, 86, 75, 38, 70, 24]"
2981,"[2, 56, 89, 86, 83, 22, 75, 53, 61, 70]"
2982,"[2, 89, 56, 83, 22, 86, 53, 38, 70, 18]"
2983,"[2, 89, 56, 83, 86, 22, 75, 53, 70, 38]"
2984,"[2, 56, 89, 61, 86, 22, 50, 83, 53, 90]"
2985,"[2, 89, 83, 56, 75, 22, 38, 86, 24, 70]"
2986,"[2, 89, 56, 83, 22, 86, 75, 38, 53, 70]"
2987,"[2, 56, 83, 86, 22, 75, 53, 70, 38, 18]"
2988,"[2, 56, 89, 86, 22, 83, 61, 53, 75, 50]"
2989,"[2, 89, 56, 83, 22, 86, 75, 38, 53, 70]"
2990,"[2, 89, 56, 83, 86, 22, 75, 53, 70, 38]"
2991,"[2, 56, 89, 86, 22, 83, 75, 61, 70, 50]"
2992,"[2, 89, 56, 83, 86, 22, 75, 53, 70, 38]"
2993,"[89, 56, 83, 86, 75, 53, 70, 38, 61, 50]"
2994,"[2, 56, 89, 86, 22, 83, 61, 53, 75, 50]"
2995,"[2, 89, 86, 22, 83, 61, 53, 75, 50, 70]"
2996,"[56, 89, 86, 22, 61, 83, 50, 53, 75, 90]"
2997,"[2, 89, 56, 83, 22, 86, 75, 53, 38, 70]"
2998,"[2, 56, 89, 86, 22, 83, 61, 53, 75, 50]"
2999,"[2, 89, 56, 22, 86, 75, 38, 70, 18, 24]"
3000,"[2, 89, 56, 83, 22, 86, 75, 53, 38, 70]"
3001,"[2, 56, 89, 86, 83, 22, 53, 75, 61, 70]"
3002,"[2, 89, 56, 83, 22, 86, 75, 38, 53, 70]"
3003,"[2, 56, 89, 86, 61, 22, 83, 50, 53, 90]"
3004,"[2, 56, 89, 86, 22, 83, 53, 75, 50, 70]"
3005,"[2, 89, 56, 83, 22, 86, 75, 38, 70, 24]"
3006,"[2, 89, 56, 83, 86, 22, 75, 53, 70, 18]"
3007,"[2, 89, 56, 83, 86, 22, 75, 53, 70, 38]"
3008,"[56, 89, 86, 22, 83, 53, 50, 75, 70, 90]"
3009,"[2, 89, 56, 83, 86, 22, 75, 53, 70, 38]"
3010,"[2, 89, 56, 83, 86, 22, 53, 70, 38, 18]"
3011,"[2, 89, 56, 22, 86, 75, 53, 38, 70, 18]"
3012,"[2, 89, 56, 83, 22, 86, 75, 38, 53, 70]"
3013,"[2, 89, 56, 83, 86, 22, 75, 53, 70, 18]"
3014,"[2, 89, 56, 83, 86, 22, 53, 70, 38, 18]"
3015,"[56, 61, 50, 86, 22, 90, 53, 83, 75, 70]"
3016,"[2, 56, 89, 86, 22, 83, 61, 53, 75, 50]"
3017,"[2, 89, 56, 83, 22, 75, 53, 38, 70, 18]"
3018,"[2, 89, 56, 83, 86, 22, 75, 53, 70, 38]"
3019,"[2, 89, 56, 83, 86, 22, 75, 53, 70, 38]"
3020,"[2, 56, 89, 86, 22, 83, 61, 53, 75, 50]"
3021,"[2, 56, 86, 22, 83, 61, 53, 75, 50, 70]"
3022,"[2, 56, 89, 86, 83, 22, 53, 75, 61, 70]"
3023,"[2, 56, 89, 61, 86, 22, 50, 83, 53, 90]"
3024,"[2, 56, 89, 86, 83, 22, 75, 53, 70, 61]"
3025,"[2, 56, 89, 61, 86, 50, 83, 53, 90, 75]"
3026,"[2, 89, 56, 83, 86, 22, 75, 53, 70, 38]"
3027,"[2, 89, 56, 83, 22, 86, 75, 38, 53, 18]"
3028,"[2, 89, 56, 83, 22, 86, 75, 53, 38, 70]"
3029,"[2, 89, 56, 83, 22, 86, 75, 38, 70, 18]"
3030,"[2, 89, 56, 83, 86, 22, 75, 53, 70, 18]"
3031,"[2, 56, 89, 86, 22, 61, 83, 53, 75, 70]"
3032,"[2, 89, 56, 22, 86, 75, 38, 53, 70, 18]"
3033,"[2, 89, 56, 83, 86, 22, 75, 53, 70, 38]"
3034,"[2, 56, 89, 86, 22, 61, 83, 53, 50, 75]"
3035,"[56, 89, 86, 83, 22, 75, 53, 61, 70, 18]"
3036,"[2, 89, 56, 83, 86, 22, 75, 53, 70, 38]"
3037,"[2, 89, 56, 83, 22, 86, 75, 38, 53, 18]"
3038,"[2, 89, 56, 83, 86, 22, 75, 53, 70, 38]"
3039,"[2, 89, 56, 83, 86, 22, 75, 53, 70, 38]"
3040,"[2, 89, 56, 83, 22, 86, 75, 53, 70, 18]"
3041,"[2, 89, 56, 83, 22, 75, 86, 38, 53, 70]"
3042,"[2, 89, 83, 56, 22, 75, 86, 38, 24, 53]"
3043,"[2, 56, 89, 86, 22, 83, 53, 61, 75, 70]"
3044,"[2, 89, 56, 83, 22, 86, 75, 53, 70, 18]"
3045,"[2, 89, 56, 83, 22, 86, 75, 53, 38, 18]"
3046,"[2, 56, 89, 86, 83, 22, 53, 75, 70, 18]"
3047,"[56, 89, 86, 22, 83, 61, 53, 75, 50, 70]"
3048,"[2, 56, 89, 61, 86, 22, 50, 83, 53, 90]"
3049,"[2, 56, 89, 22, 83, 53, 61, 75, 70, 50]"
3050,"[2, 89, 56, 83, 22, 86, 75, 53, 38, 70]"
3051,"[2, 56, 89, 86, 83, 22, 75, 53, 61, 70]"
3052,"[2, 89, 56, 83, 86, 22, 75, 70, 38, 18]"
3053,"[2, 89, 56, 83, 86, 22, 75, 53, 70, 38]"
3054,"[2, 89, 56, 83, 86, 22, 75, 53, 70, 38]"
3055,"[89, 83, 22, 75, 53, 38, 70, 18, 24, 96]"
3056,"[2, 56, 89, 83, 86, 22, 75, 53, 70, 61]"
3057,"[2, 89, 56, 83, 86, 22, 75, 53, 70, 18]"
3058,"[2, 89, 56, 83, 22, 86, 75, 38, 53, 70]"
3059,"[89, 56, 83, 86, 22, 75, 53, 70, 38, 18]"
3060,"[2, 56, 89, 86, 83, 22, 75, 53, 70, 61]"
3061,"[2, 89, 56, 83, 22, 86, 75, 53, 70, 18]"
3062,"[2, 56, 89, 86, 83, 75, 53, 70, 61, 18]"
3063,"[2, 56, 89, 86, 22, 61, 83, 53, 50, 75]"
3064,"[2, 56, 89, 86, 22, 83, 61, 53, 75, 70]"
3065,"[2, 89, 56, 83, 22, 86, 75, 53, 38, 70]"
3066,"[2, 56, 89, 83, 86, 22, 75, 53, 70, 61]"
3067,"[89, 83, 56, 22, 75, 86, 38, 24, 53, 70]"
3068,"[56, 89, 86, 61, 22, 83, 50, 53, 90, 75]"
3069,"[2, 56, 89, 86, 83, 22, 75, 53, 70, 61]"
3070,"[2, 89, 56, 22, 86, 75, 38, 53, 24, 18]"
3071,"[2, 89, 56, 83, 86, 22, 75, 53, 38, 70]"
3072,"[2, 89, 56, 83, 86, 22, 75, 53, 70, 38]"
3073,"[2, 56, 89, 86, 22, 83, 61, 53, 75, 50]"
3074,"[2, 89, 56, 83, 22, 86, 75, 38, 53, 70]"
3075,"[2, 89, 56, 83, 86, 22, 75, 53, 70, 38]"
3076,"[2, 89, 56, 83, 86, 22, 75, 53, 70, 18]"
3077,"[2, 89, 56, 83, 22, 75, 53, 38, 18, 24]"
3078,"[2, 56, 89, 61, 86, 22, 83, 53, 90, 75]"
3079,"[2, 56, 89, 86, 22, 61, 83, 53, 50, 75]"
3080,"[2, 89, 56, 83, 22, 75, 86, 38, 53, 70]"
3081,"[2, 89, 56, 83, 86, 22, 75, 53, 70, 38]"
3082,"[2, 56, 89, 61, 86, 22, 50, 83, 53, 90]"
3083,"[2, 89, 56, 83, 86, 22, 75, 53, 70, 38]"
3084,"[2, 56, 61, 50, 89, 86, 22, 90, 53, 83]"
3085,"[2, 56, 61, 89, 86, 50, 22, 53, 83, 90]"
3086,"[2, 89, 56, 83, 22, 86, 75, 53, 38, 18]"
3087,"[2, 89, 56, 83, 86, 22, 75, 53, 70, 38]"
3088,"[2, 89, 56, 83, 86, 75, 53, 38, 70, 18]"
3089,"[2, 89, 56, 83, 22, 86, 75, 53, 70, 18]"
3090,"[2, 56, 89, 83, 86, 22, 75, 70, 61, 18]"
3091,"[2, 56, 89, 86, 22, 61, 53, 75, 50, 70]"
3092,"[89, 56, 83, 22, 86, 75, 53, 38, 70, 24]"
3093,"[2, 89, 56, 83, 86, 22, 75, 53, 70, 38]"
3094,"[2, 56, 89, 86, 22, 83, 61, 53, 50, 75]"
3095,"[2, 56, 89, 86, 22, 83, 61, 53, 75, 50]"
3096,"[2, 89, 56, 83, 22, 86, 75, 53, 38, 70]"
3097,"[2, 89, 83, 86, 22, 75, 53, 70, 38, 18]"
3098,"[2, 56, 89, 86, 22, 83, 61, 53, 75, 50]"
3099,"[2, 89, 56, 83, 22, 86, 75, 38, 53, 70]"
3100,"[2, 89, 56, 83, 22, 86, 75, 38, 70, 24]"
3101,"[2, 89, 56, 83, 86, 22, 75, 53, 70, 38]"
3102,"[2, 56, 61, 50, 89, 86, 22, 90, 53, 83]"
3103,"[2, 56, 61, 89, 86, 50, 22, 53, 83, 90]"
3104,"[2, 89, 83, 22, 86, 75, 53, 38, 70, 18]"
3105,"[56, 89, 86, 22, 83, 61, 53, 75, 50, 70]"
3106,"[2, 89, 56, 83, 22, 86, 75, 38, 53, 70]"
3107,"[2, 89, 56, 83, 22, 86, 75, 53, 18, 24]"
3108,"[2, 89, 56, 83, 22, 86, 75, 38, 53, 70]"
3109,"[2, 56, 83, 86, 22, 75, 53, 70, 38, 18]"
3110,"[2, 56, 89, 83, 86, 22, 75, 53, 70, 61]"
3111,"[2, 56, 89, 86, 83, 22, 75, 53, 61, 70]"
3112,"[2, 56, 61, 50, 89, 86, 22, 90, 53, 83]"
3113,"[2, 56, 83, 75, 53, 38, 70, 18, 24, 96]"
3114,"[2, 89, 56, 83, 22, 86, 75, 38, 53, 70]"
3115,"[2, 56, 89, 86, 83, 22, 75, 53, 70, 61]"
3116,"[2, 56, 89, 83, 86, 22, 75, 53, 70, 61]"
3117,"[2, 56, 89, 86, 22, 83, 61, 53, 75, 50]"
3118,"[2, 89, 56, 83, 22, 86, 75, 38, 53, 24]"
3119,"[2, 89, 56, 83, 22, 86, 75, 53, 38, 70]"
3120,"[2, 56, 83, 86, 22, 75, 53, 61, 38, 50]"
3121,"[2, 56, 89, 83, 86, 22, 75, 53, 70, 61]"
3122,"[2, 89, 56, 83, 22, 86, 75, 38, 53, 70]"
3123,"[2, 89, 56, 83, 86, 22, 75, 53, 70, 38]"
3124,"[2, 56, 83, 22, 86, 75, 38, 70, 18, 24]"
3125,"[2, 89, 56, 22, 75, 38, 53, 70, 18, 24]"
3126,"[2, 56, 89, 86, 22, 83, 61, 53, 75, 50]"
3127,"[2, 89, 56, 83, 22, 86, 75, 53, 70, 18]"
3128,"[2, 89, 56, 86, 22, 75, 53, 70, 38, 24]"
3129,"[2, 89, 56, 83, 22, 86, 75, 38, 53, 70]"
3130,"[2, 89, 56, 83, 86, 22, 75, 53, 70, 38]"
3131,"[2, 89, 56, 83, 86, 22, 75, 53, 70, 18]"
3132,"[2, 56, 89, 61, 86, 50, 83, 53, 90, 75]"
3133,"[2, 89, 56, 83, 86, 22, 75, 53, 70, 38]"
3134,"[2, 56, 89, 86, 22, 83, 61, 53, 50, 75]"
3135,"[2, 89, 56, 83, 22, 86, 75, 53, 38, 70]"
3136,"[56, 89, 83, 86, 22, 53, 70, 61, 18, 38]"
3137,"[2, 56, 89, 86, 22, 83, 53, 75, 61, 70]"
3138,"[2, 89, 56, 83, 22, 86, 75, 53, 70, 18]"
3139,"[2, 56, 89, 86, 83, 22, 75, 53, 70, 61]"
3140,"[2, 89, 56, 22, 75, 86, 38, 53, 70, 24]"
3141,"[2, 89, 56, 83, 86, 22, 75, 53, 70, 38]"
3142,"[2, 89, 56, 83, 22, 86, 75, 38, 53, 70]"
3143,"[2, 89, 56, 83, 22, 86, 75, 38, 53, 70]"
3144,"[2, 56, 83, 22, 86, 75, 38, 53, 70, 24]"
3145,"[2, 89, 56, 83, 22, 75, 53, 70, 18, 24]"
3146,"[2, 89, 56, 83, 22, 86, 75, 38, 53, 70]"
3147,"[2, 89, 86, 22, 83, 61, 53, 75, 70, 50]"
3148,"[2, 89, 56, 83, 86, 22, 75, 53, 70, 38]"
3149,"[2, 89, 56, 83, 22, 86, 75, 53, 70, 18]"
3150,"[2, 56, 83, 86, 22, 75, 53, 70, 18, 24]"
3151,"[2, 89, 56, 83, 22, 86, 75, 38, 53, 70]"
3152,"[2, 89, 83, 56, 75, 22, 38, 86, 24, 53]"
3153,"[2, 56, 89, 86, 22, 83, 61, 53, 75, 50]"
3154,"[2, 56, 61, 50, 89, 86, 22, 90, 53, 83]"
3155,"[2, 56, 61, 50, 89, 86, 22, 90, 53, 83]"
3156,"[2, 89, 56, 83, 22, 86, 75, 53, 38, 70]"
3157,"[2, 89, 56, 83, 86, 22, 75, 53, 70, 38]"
3158,"[2, 56, 89, 86, 22, 83, 61, 53, 75, 70]"
3159,"[2, 89, 83, 56, 22, 75, 86, 38, 24, 53]"
3160,"[2, 89, 56, 83, 22, 86, 38, 53, 70, 18]"
3161,"[2, 89, 56, 22, 86, 75, 38, 53, 70, 18]"
3162,"[2, 56, 89, 83, 86, 22, 75, 53, 70, 61]"
3163,"[2, 56, 89, 86, 83, 22, 75, 53, 61, 70]"
3164,"[2, 89, 83, 86, 22, 75, 53, 70, 18, 38]"
3165,"[2, 89, 56, 83, 86, 22, 75, 53, 70, 38]"
3166,"[2, 56, 83, 22, 86, 75, 38, 53, 70, 18]"
3167,"[2, 56, 89, 86, 83, 22, 75, 53, 70, 61]"
3168,"[2, 89, 56, 83, 22, 75, 86, 38, 70, 24]"
3169,"[2, 89, 56, 83, 86, 22, 75, 70, 18, 38]"
3170,"[2, 89, 56, 83, 22, 86, 75, 38, 53, 70]"
3171,"[2, 56, 89, 86, 83, 22, 75, 53, 61, 70]"
3172,"[2, 56, 89, 86, 22, 83, 61, 53, 75, 70]"
3173,"[2, 89, 56, 83, 22, 86, 75, 53, 38, 70]"
3174,"[2, 89, 83, 56, 22, 86, 38, 53, 24, 70]"
3175,"[2, 56, 89, 86, 22, 61, 53, 75, 70, 50]"
3176,"[2, 89, 56, 83, 22, 75, 86, 38, 53, 70]"
3177,"[2, 56, 89, 86, 50, 22, 90, 53, 83, 75]"
3178,"[2, 56, 89, 86, 22, 83, 61, 53, 75, 50]"
3179,"[2, 56, 83, 22, 86, 75, 38, 53, 70, 18]"
3180,"[2, 89, 83, 56, 22, 75, 86, 38, 24, 70]"
3181,"[2, 89, 56, 83, 86, 22, 75, 53, 70, 18]"
3182,"[2, 89, 56, 83, 86, 75, 53, 70, 24, 18]"
3183,"[2, 56, 89, 86, 22, 83, 61, 53, 75, 70]"
3184,"[2, 89, 83, 22, 86, 75, 53, 38, 70, 18]"
3185,"[2, 89, 56, 83, 22, 86, 75, 53, 38, 70]"
3186,"[2, 89, 56, 83, 22, 86, 75, 53, 38, 70]"
3187,"[2, 56, 89, 86, 22, 61, 53, 75, 70, 50]"
3188,"[2, 56, 89, 86, 83, 22, 75, 53, 61, 70]"
3189,"[56, 89, 86, 83, 22, 75, 53, 61, 18, 38]"
3190,"[2, 56, 61, 50, 89, 86, 22, 90, 53, 83]"
3191,"[2, 89, 56, 83, 22, 86, 75, 53, 38, 70]"
3192,"[2, 56, 89, 83, 86, 22, 75, 53, 70, 18]"
3193,"[56, 89, 86, 22, 83, 61, 53, 50, 75, 70]"
3194,"[2, 89, 56, 83, 86, 22, 75, 53, 70, 38]"
3195,"[2, 89, 56, 83, 86, 22, 75, 53, 70, 38]"
3196,"[2, 56, 89, 86, 83, 22, 75, 53, 18, 38]"
3197,"[2, 56, 61, 50, 89, 86, 22, 90, 53, 83]"
3198,"[2, 89, 56, 83, 22, 86, 75, 38, 70, 18]"
3199,"[2, 56, 89, 61, 86, 22, 50, 83, 53, 90]"
3200,"[2, 56, 89, 86, 83, 22, 75, 53, 61, 70]"
3201,"[2, 89, 56, 83, 22, 86, 75, 38, 53, 70]"
3202,"[2, 89, 56, 83, 22, 86, 75, 53, 38, 70]"
3203,"[2, 89, 56, 83, 22, 86, 75, 53, 38, 70]"
3204,"[2, 89, 56, 83, 22, 75, 86, 38, 53, 70]"
3205,"[2, 56, 89, 86, 22, 83, 61, 53, 75, 50]"
3206,"[2, 89, 56, 83, 86, 22, 75, 53, 70, 38]"
3207,"[2, 89, 56, 83, 22, 86, 75, 38, 53, 70]"
3208,"[2, 56, 89, 83, 86, 22, 75, 53, 70, 18]"
3209,"[2, 56, 61, 50, 89, 86, 90, 53, 83, 75]"
3210,"[2, 56, 89, 86, 22, 83, 61, 53, 75, 50]"
3211,"[2, 89, 56, 83, 86, 22, 75, 53, 70, 18]"
3212,"[2, 89, 56, 83, 22, 86, 75, 38, 53, 70]"
3213,"[2, 89, 83, 56, 22, 75, 86, 38, 53, 24]"
3214,"[2, 89, 56, 83, 86, 22, 75, 70, 38, 61]"
3215,"[56, 89, 22, 83, 53, 61, 70, 18, 50, 38]"
3216,"[2, 89, 56, 83, 22, 86, 75, 38, 53, 70]"
3217,"[2, 89, 56, 83, 22, 75, 53, 70, 38, 18]"
3218,"[2, 56, 89, 83, 86, 22, 75, 53, 70, 38]"
3219,"[2, 56, 83, 86, 22, 75, 53, 70, 38, 18]"
3220,"[2, 89, 83, 56, 22, 75, 86, 38, 24, 70]"
3221,"[2, 56, 89, 50, 22, 53, 83, 90, 75, 70]"
3222,"[2, 89, 56, 83, 86, 22, 75, 53, 70, 38]"
3223,"[56, 89, 86, 22, 83, 61, 53, 75, 70, 18]"
3224,"[2, 56, 89, 86, 22, 61, 83, 53, 50, 75]"
3225,"[2, 56, 89, 86, 83, 22, 75, 53, 70, 61]"
3226,"[2, 89, 56, 83, 86, 22, 75, 53, 70, 38]"
3227,"[2, 56, 89, 86, 22, 83, 61, 53, 75, 70]"
3228,"[2, 89, 56, 83, 86, 22, 75, 53, 70, 38]"
3229,"[2, 89, 83, 86, 22, 75, 53, 70, 38, 18]"
3230,"[2, 89, 56, 83, 22, 53, 38, 70, 18, 24]"
3231,"[2, 56, 89, 61, 86, 22, 50, 83, 90, 75]"
3232,"[2, 56, 89, 86, 22, 83, 53, 75, 61, 18]"
3233,"[2, 56, 89, 86, 83, 22, 75, 53, 70, 61]"
3234,"[2, 89, 56, 83, 22, 86, 75, 53, 38, 70]"
3235,"[2, 89, 83, 22, 86, 75, 53, 70, 18, 24]"
3236,"[56, 89, 86, 50, 22, 90, 53, 83, 75, 70]"
3237,"[2, 89, 56, 83, 86, 22, 75, 53, 70, 38]"
3238,"[2, 89, 56, 83, 86, 22, 75, 53, 70, 38]"
3239,"[2, 56, 89, 86, 83, 22, 75, 53, 61, 70]"
3240,"[2, 89, 56, 83, 22, 86, 75, 38, 53, 70]"
3241,"[2, 89, 56, 83, 22, 86, 75, 38, 53, 24]"
3242,"[2, 56, 89, 86, 22, 83, 53, 61, 75, 70]"
3243,"[2, 89, 86, 83, 22, 53, 75, 61, 18, 38]"
3244,"[2, 89, 56, 83, 22, 75, 38, 70, 24, 18]"
3245,"[2, 89, 56, 83, 86, 22, 75, 53, 70, 38]"
3246,"[2, 89, 56, 83, 86, 22, 75, 53, 70, 38]"
3247,"[2, 89, 56, 83, 86, 22, 75, 53, 70, 38]"
3248,"[2, 89, 56, 83, 22, 86, 75, 38, 53, 70]"
3249,"[89, 56, 83, 86, 22, 75, 53, 70, 38, 18]"
3250,"[2, 89, 56, 86, 22, 75, 53, 70, 38, 18]"
3251,"[2, 89, 56, 83, 22, 75, 38, 53, 70, 18]"
3252,"[2, 56, 89, 86, 83, 22, 75, 61, 70, 18]"
3253,"[2, 89, 56, 83, 86, 22, 75, 53, 70, 38]"
3254,"[2, 89, 56, 83, 22, 86, 75, 53, 38, 70]"
3255,"[2, 56, 89, 86, 83, 22, 53, 75, 61, 70]"
3256,"[2, 89, 56, 83, 22, 86, 75, 38, 53, 70]"
3257,"[2, 89, 56, 83, 22, 75, 53, 38, 70, 18]"
3258,"[2, 56, 89, 86, 22, 83, 61, 53, 75, 50]"
3259,"[2, 56, 89, 86, 61, 22, 83, 50, 53, 90]"
3260,"[2, 56, 89, 86, 22, 83, 61, 53, 75, 50]"
3261,"[2, 56, 89, 86, 22, 83, 61, 53, 75, 70]"
3262,"[2, 89, 56, 83, 86, 22, 53, 70, 38, 18]"
3263,"[2, 89, 56, 83, 86, 22, 75, 53, 70, 38]"
3264,"[2, 89, 56, 83, 22, 86, 75, 53, 38, 70]"
3265,"[2, 89, 56, 83, 22, 86, 75, 38, 70, 18]"
3266,"[89, 56, 83, 22, 86, 75, 53, 38, 70, 18]"
3267,"[2, 56, 89, 61, 86, 22, 50, 53, 90, 75]"
3268,"[2, 56, 83, 22, 86, 75, 53, 38, 70, 18]"
3269,"[2, 89, 56, 83, 86, 22, 75, 53, 70, 38]"
3270,"[2, 56, 89, 86, 83, 61, 53, 75, 50, 70]"
3271,"[2, 89, 56, 83, 22, 86, 75, 38, 53, 70]"
3272,"[2, 56, 89, 86, 83, 22, 75, 53, 61, 70]"
3273,"[2, 89, 56, 83, 22, 75, 53, 38, 18, 24]"
3274,"[2, 89, 56, 83, 22, 86, 75, 53, 70, 18]"
3275,"[2, 56, 89, 86, 22, 83, 61, 53, 50, 75]"
3276,"[2, 89, 83, 86, 22, 75, 53, 70, 18, 61]"
3277,"[2, 89, 56, 83, 86, 22, 75, 53, 70, 38]"
3278,"[2, 56, 89, 83, 86, 22, 75, 53, 70, 18]"
3279,"[2, 89, 56, 83, 22, 86, 75, 53, 38, 70]"
3280,"[2, 56, 89, 83, 86, 22, 75, 53, 61, 18]"
3281,"[2, 89, 56, 83, 86, 22, 75, 53, 70, 38]"
3282,"[2, 89, 56, 83, 86, 22, 75, 53, 70, 38]"
3283,"[2, 89, 56, 83, 22, 75, 38, 53, 70, 24]"
3284,"[2, 89, 56, 83, 86, 22, 75, 53, 70, 38]"
3285,"[2, 89, 56, 83, 86, 22, 75, 53, 70, 38]"
3286,"[2, 56, 89, 61, 86, 22, 50, 83, 53, 90]"
3287,"[2, 89, 56, 83, 86, 22, 75, 53, 70, 18]"
3288,"[2, 89, 56, 83, 86, 22, 75, 53, 70, 38]"
3289,"[2, 89, 56, 83, 22, 86, 75, 53, 70, 18]"
3290,"[2, 56, 89, 86, 22, 83, 53, 61, 75, 70]"
3291,"[2, 89, 56, 83, 22, 86, 75, 53, 38, 70]"
3292,"[2, 89, 56, 83, 86, 22, 75, 53, 70, 38]"
3293,"[2, 89, 56, 86, 22, 75, 53, 70, 38, 18]"
3294,"[2, 89, 56, 83, 86, 75, 38, 53, 70, 18]"
3295,"[2, 89, 56, 83, 86, 75, 53, 70, 38, 18]"
3296,"[2, 56, 89, 83, 86, 22, 75, 53, 70, 61]"
3297,"[2, 56, 89, 86, 22, 83, 61, 53, 75, 70]"
3298,"[56, 89, 86, 22, 83, 61, 53, 50, 75, 70]"
3299,"[2, 89, 56, 83, 22, 75, 86, 38, 53, 70]"
3300,"[2, 89, 56, 83, 22, 86, 75, 38, 53, 18]"
3301,"[2, 89, 56, 83, 86, 22, 75, 53, 70, 38]"
3302,"[2, 89, 56, 83, 86, 22, 75, 53, 70, 38]"
3303,"[2, 56, 89, 86, 83, 22, 75, 53, 70, 61]"
3304,"[2, 56, 61, 50, 89, 86, 22, 90, 53, 83]"
3305,"[2, 89, 56, 83, 86, 22, 75, 53, 70, 38]"
3306,"[2, 56, 83, 86, 22, 75, 53, 70, 18, 61]"
3307,"[2, 89, 56, 83, 22, 86, 75, 53, 38, 70]"
3308,"[2, 56, 89, 61, 86, 22, 50, 83, 53, 90]"
3309,"[2, 56, 89, 61, 86, 22, 50, 83, 53, 90]"
3310,"[2, 56, 89, 86, 83, 22, 75, 53, 61, 70]"
3311,"[2, 89, 56, 83, 86, 22, 75, 53, 70, 38]"
3312,"[2, 56, 89, 86, 83, 22, 75, 53, 61, 70]"
3313,"[2, 89, 56, 83, 22, 86, 75, 53, 38, 70]"
3314,"[2, 89, 56, 83, 22, 86, 38, 53, 70, 24]"
3315,"[2, 56, 86, 22, 83, 53, 75, 61, 70, 18]"
3316,"[2, 56, 89, 83, 86, 22, 75, 53, 70, 61]"
3317,"[2, 89, 56, 83, 22, 86, 38, 70, 24, 96]"
3318,"[2, 89, 83, 22, 86, 75, 38, 70, 24, 18]"
3319,"[2, 89, 56, 83, 22, 86, 75, 38, 53, 70]"
3320,"[2, 56, 89, 86, 83, 22, 53, 75, 61, 18]"
3321,"[2, 89, 56, 83, 86, 22, 75, 53, 38, 18]"
3322,"[2, 56, 89, 86, 22, 83, 61, 53, 75, 50]"
3323,"[2, 89, 56, 22, 86, 75, 53, 38, 70, 18]"
3324,"[2, 89, 56, 83, 86, 22, 75, 53, 70, 18]"
3325,"[2, 56, 89, 86, 83, 22, 75, 53, 70, 61]"
3326,"[2, 56, 89, 86, 22, 83, 61, 53, 75, 70]"
3327,"[2, 89, 56, 83, 86, 22, 75, 53, 70, 38]"
3328,"[2, 56, 89, 86, 22, 83, 61, 53, 50, 75]"
3329,"[2, 89, 56, 83, 22, 86, 75, 38, 53, 70]"
3330,"[2, 89, 56, 83, 86, 22, 75, 53, 70, 38]"
3331,"[2, 56, 89, 86, 22, 61, 83, 53, 50, 75]"
3332,"[89, 83, 56, 75, 22, 38, 86, 24, 70, 53]"
3333,"[2, 89, 83, 56, 75, 86, 38, 53, 24, 70]"
3334,"[2, 89, 56, 83, 86, 22, 75, 53, 70, 38]"
3335,"[2, 56, 89, 86, 22, 83, 53, 75, 50, 70]"
3336,"[2, 56, 61, 86, 22, 50, 83, 53, 90, 75]"
3337,"[2, 89, 56, 83, 86, 22, 75, 53, 70, 38]"
3338,"[2, 89, 56, 83, 86, 22, 75, 53, 70, 38]"
3339,"[2, 89, 83, 56, 22, 75, 86, 53, 70, 18]"
3340,"[2, 56, 61, 50, 89, 86, 22, 90, 53, 83]"
3341,"[2, 56, 89, 86, 22, 61, 83, 53, 50, 75]"
3342,"[89, 56, 83, 22, 86, 75, 53, 38, 70, 18]"
3343,"[2, 89, 83, 56, 22, 75, 86, 53, 70, 24]"
3344,"[2, 89, 56, 83, 22, 75, 86, 38, 53, 70]"
3345,"[2, 89, 83, 56, 22, 75, 86, 38, 24, 53]"
3346,"[2, 89, 56, 83, 86, 22, 75, 53, 70, 38]"
3347,"[2, 89, 56, 83, 86, 22, 75, 53, 70, 38]"
3348,"[2, 89, 56, 83, 22, 86, 75, 53, 38, 70]"
3349,"[2, 89, 56, 83, 86, 22, 75, 53, 70, 18]"
3350,"[2, 56, 83, 86, 22, 75, 53, 38, 18, 61]"
3351,"[2, 89, 56, 83, 86, 22, 75, 53, 70, 38]"
3352,"[2, 56, 89, 83, 86, 22, 75, 53, 70, 18]"
3353,"[2, 56, 89, 83, 86, 22, 75, 53, 70, 61]"
3354,"[2, 89, 86, 22, 83, 61, 53, 75, 70, 50]"
3355,"[2, 89, 86, 83, 22, 75, 53, 70, 61, 18]"
3356,"[2, 56, 89, 61, 86, 22, 50, 83, 53, 90]"
3357,"[2, 89, 56, 83, 86, 22, 75, 53, 70, 38]"
3358,"[2, 56, 61, 89, 50, 22, 53, 83, 90, 75]"
3359,"[2, 89, 83, 56, 22, 75, 86, 38, 24, 53]"
3360,"[2, 56, 89, 86, 83, 22, 75, 53, 70, 61]"
3361,"[2, 56, 89, 83, 86, 22, 75, 53, 70, 61]"
3362,"[2, 89, 56, 83, 22, 86, 75, 53, 38, 70]"
3363,"[2, 89, 56, 83, 86, 22, 75, 53, 70, 18]"
3364,"[2, 56, 89, 61, 86, 22, 50, 83, 53, 90]"
3365,"[2, 89, 56, 83, 86, 22, 75, 53, 38, 18]"
3366,"[2, 89, 56, 83, 86, 22, 75, 53, 70, 38]"
3367,"[89, 56, 83, 86, 22, 75, 53, 70, 18, 38]"
3368,"[2, 56, 89, 86, 22, 83, 61, 53, 75, 70]"
3369,"[2, 56, 89, 86, 61, 22, 50, 83, 53, 90]"
3370,"[2, 56, 89, 86, 22, 50, 83, 53, 90, 75]"
3371,"[2, 56, 89, 86, 22, 83, 61, 53, 75, 50]"
3372,"[2, 89, 56, 83, 22, 86, 75, 38, 53, 70]"
3373,"[2, 56, 83, 22, 86, 75, 53, 38, 70, 18]"
3374,"[2, 89, 56, 83, 86, 22, 75, 53, 70, 38]"
3375,"[2, 56, 89, 86, 83, 22, 75, 53, 61, 70]"
3376,"[2, 56, 89, 61, 86, 22, 50, 83, 53, 90]"
3377,"[2, 89, 56, 83, 22, 86, 75, 38, 53, 70]"
3378,"[2, 56, 89, 86, 22, 50, 83, 53, 90, 75]"
3379,"[2, 89, 56, 83, 22, 86, 75, 53, 70, 18]"
3380,"[2, 89, 56, 83, 22, 86, 75, 53, 38, 18]"
3381,"[56, 86, 22, 83, 61, 53, 75, 50, 70, 90]"
3382,"[2, 89, 56, 83, 22, 86, 75, 38, 53, 70]"
3383,"[2, 56, 89, 86, 22, 83, 53, 61, 75, 70]"
3384,"[2, 89, 56, 83, 86, 22, 75, 53, 70, 38]"
3385,"[2, 56, 89, 86, 83, 22, 75, 53, 61, 18]"
3386,"[2, 56, 89, 86, 22, 83, 53, 75, 61, 70]"
3387,"[2, 56, 89, 86, 22, 83, 61, 53, 75, 50]"
3388,"[2, 56, 83, 22, 86, 75, 38, 70, 18, 24]"
3389,"[2, 89, 56, 83, 22, 86, 75, 53, 38, 70]"
3390,"[2, 89, 56, 83, 22, 86, 75, 53, 38, 70]"
3391,"[2, 89, 56, 83, 86, 22, 75, 53, 70, 18]"
3392,"[2, 56, 89, 86, 22, 83, 61, 53, 75, 70]"
3393,"[2, 89, 56, 83, 22, 75, 86, 38, 53, 70]"
3394,"[2, 89, 56, 83, 86, 22, 75, 38, 70, 18]"
3395,"[2, 89, 56, 83, 22, 75, 53, 70, 18, 24]"
3396,"[2, 56, 89, 86, 61, 22, 83, 50, 53, 75]"
3397,"[2, 56, 86, 83, 22, 75, 53, 61, 18, 38]"
3398,"[2, 56, 89, 86, 22, 61, 83, 53, 50, 75]"
3399,"[2, 56, 89, 61, 86, 22, 50, 83, 53, 90]"
3400,"[2, 89, 56, 83, 22, 86, 75, 53, 38, 70]"
3401,"[2, 89, 56, 83, 86, 22, 75, 53, 70, 18]"
3402,"[2, 56, 89, 86, 22, 83, 61, 53, 75, 50]"
3403,"[2, 56, 89, 86, 22, 83, 61, 53, 75, 50]"
3404,"[2, 89, 56, 83, 22, 86, 75, 53, 38, 70]"
3405,"[2, 56, 89, 86, 22, 83, 61, 53, 75, 50]"
3406,"[2, 89, 56, 83, 22, 86, 75, 53, 38, 70]"
3407,"[2, 56, 89, 86, 83, 22, 75, 53, 61, 70]"
3408,"[2, 56, 89, 86, 22, 83, 61, 53, 75, 50]"
3409,"[2, 89, 56, 86, 22, 75, 53, 70, 38, 18]"
3410,"[2, 89, 56, 83, 22, 86, 75, 38, 53, 70]"
3411,"[89, 56, 83, 86, 75, 53, 70, 38, 18, 61]"
